Mã TC,Module,Chức năng,Tiêu đề,Loại,Ưu tiên,Tiền điều kiện,Các bước,Dữ liệu,Kết quả mong đợi,Lý do loại bỏ
TC-HOME-008,Trang chủ & Khám phá,Lọc theo danh mục,Lọc theo nhiều danh mục cùng lúc,Chức năng,Trung bình,Có khóa học thuộc nhiều danh mục,"1. Vào trang khám phá
2. Chọn đồng thời 'Kinh doanh' và 'Tài chính'","Danh mục: Kinh doanh, Tài chính",Hiển thị khóa học thuộc 1 trong 2 danh mục đã chọn (logic OR),"Danh mục là tab chọn MỘT (CategoryTabs.active: CategoryId|undefined, frontend/src/features/courses/components/CategoryTabs.tsx) - không chọn nhiều danh mục cùng lúc; thay bằng case 'Chọn lần lượt các danh mục...' cuối module"
TC-HOME-009,Trang chủ & Khám phá,Bộ lọc nâng cao,Lọc theo khoảng giá,Chức năng,Cao,"Có cộng đồng miễn phí và có phí trong dữ liệu (seed: photo, fit miễn phí; còn lại $5-$15/tháng)","1. Vào trang khám phá
2. Bấm dropdown 'Giá' trên thanh bộ lọc (UI chỉ có 3 lựa chọn theo LOẠI GIÁ; KHÔNG có ô nhập khoảng giá min-max)
3. Lần lượt chọn 'Có phí', 'Miễn phí', 'Dùng thử miễn phí'",pricing=paid | free | trial (GET /api/courses?pricing=...),Mỗi lựa chọn chỉ hiển thị cộng đồng đúng loại giá (Có phí: giá > 0; Miễn phí: giá = 0; Dùng thử: có dùng thử miễn phí); số 'Tìm thấy N khóa học' khớp; chọn lại mục đang chọn sẽ bỏ lọc,"Bộ lọc giá không còn mục ""Dùng thử miễn phí"" (pricing=trial): cộng đồng chỉ có Miễn phí hoặc Có phí, dữ liệu pricing ""trial"" đã chuyển sang ""paid"" (migration 20261014110000_remove_member_trial) - thay bằng TC-BANK-051."
TC-HOME-022,Trang chủ & Khám phá,Câu chuyện cộng đồng,Hiển thị đánh giá/phản hồi nổi bật trên trang chủ,Giao diện,Thấp,Trang chủ đã tải xong,"1. Vào trang chủ
2. Cuộn tới khu vực câu chuyện cộng đồng",-,"Hiển thị đầy đủ nội dung, tên, avatar (dữ liệu minh họa) không bị vỡ layout",Khối 'Câu chuyện cộng đồng/Stories' đã bị gỡ khỏi trang chủ (audit bước 4; pages/HomePage.tsx chỉ còn Hero/CategoryTabs/FilterBar/CommunityCta)
TC-HOME-026,Trang chủ & Khám phá,Bộ lọc nâng cao,Lọc theo giá với giá trị Min > Max,Chức năng,Trung bình,-,"1. Mở bộ lọc nâng cao
2. Nhập Giá từ = 1,000,000đ và Giá đến = 100,000đ
3. Áp dụng","Min=1,000,000 / Max=100,000","Hệ thống báo lỗi giá trị không hợp lệ hoặc tự động hoán đổi, không trả về kết quả sai",UI không có ô nhập khoảng giá min/max (FILTER_DROPDOWNS.pricing chỉ có free/paid/trial - features/courses/constants.ts); Playwright đã skip. Bộ lọc giá hợp lệ nằm ở TC-HOME-009
TC-HOME-027,Trang chủ & Khám phá,Bộ lọc nâng cao,Lọc theo giá với giá trị âm,Chức năng,Thấp,-,"1. Mở bộ lọc nâng cao
2. Nhập giá trị âm vào ô Giá từ
3. Áp dụng",Giá từ = -100000,"Hệ thống chặn nhập số âm hoặc validate báo lỗi, không crash",UI không có ô nhập giá (xem TC-HOME-026); Playwright đã skip
TC-HOME-028,Trang chủ & Khám phá,Phân trang,Truy cập trực tiếp URL với số trang vượt quá tổng số trang,Chức năng,Trung bình,-,"1. Sửa tham số trang trên URL thành số lớn hơn tổng số trang hiện có (VD ?page=999)
2. Tải trang",page=999,"Hiển thị trang trống có thông báo phù hợp hoặc tự động về trang cuối, không lỗi 500","Phân trang là state cục bộ (useCourseFilters dùng useState, không đồng bộ URL) nên không có '?page=999' trên FE; thay bằng case nút 'Trang sau' ở trang cuối + case API tham số page cuối module (catalog.schema.ts: page min 1, max MAX_PAGE=1000)"
TC-HOME-029,Trang chủ & Khám phá,Phân trang,Truy cập URL với số trang = 0 hoặc số âm,Chức năng,Thấp,-,"1. Sửa tham số trang trên URL thành 0 hoặc số âm (VD ?page=-1)
2. Tải trang",page=-1,"Hệ thống tự điều chỉnh về trang 1 hoặc báo lỗi hợp lý, không crash",Như TC-HOME-028: không có ?page=0/-1 trên FE; thay bằng case nút 'Trang trước' ở trang 1 + case API tham số page
TC-AUTH-021,Tài khoản & Xác thực,Quên mật khẩu,Gửi yêu cầu khôi phục mật khẩu qua email,Chức năng,Cao,Tính năng đang ở giai đoạn Kế hoạch,"1. Vào trang Đăng nhập
2. Bấm 'Quên mật khẩu'
3. Nhập email đã đăng ký
4. Bấm gửi yêu cầu",Email đã đăng ký,"Nhận được email chứa liên kết đặt lại mật khẩu, liên kết có thời hạn","Tính năng đã làm; trùng TC-AUTH-102 (thư reset trong outbox, link 30 phút) và TC-AUTH-115 (UI /forgot-password) - backend/docs/api/identity.md"
TC-AUTH-022,Tài khoản & Xác thực,Quên mật khẩu,Đặt lại mật khẩu mới qua liên kết trong email,Chức năng,Cao,Tính năng đang ở giai đoạn Kế hoạch,"1. Mở liên kết đặt lại mật khẩu từ email
2. Nhập mật khẩu mới hợp lệ
3. Xác nhận",Mật khẩu mới: New@1234,"Mật khẩu được cập nhật, đăng nhập được bằng mật khẩu mới, liên kết cũ hết hiệu lực sau khi dùng","Tính năng đã làm; trùng TC-AUTH-108/109/113/114 (đặt lại mật khẩu, token một lần, hết hạn 30 phút, UI /reset-password)"
TC-AUTH-023,Tài khoản & Xác thực,Hồ sơ cá nhân,"Xem và cập nhật hồ sơ cá nhân (ảnh đại diện, tiểu sử)",Chức năng,Trung bình,Tính năng đang ở giai đoạn Kế hoạch,"1. Vào trang Hồ sơ cá nhân
2. Cập nhật ảnh đại diện và tiểu sử
3. Lưu",-,"Thông tin được lưu và hiển thị đúng ở các nơi khác (bài viết, bình luận...)",Tính năng đã làm; trùng TC-AUTH-076 (UI /settings tab Hồ sơ) và TC-AUTH-082 (avatar /files)
TC-AUTH-034,Tài khoản & Xác thực,Đăng nhập,"Giới hạn đăng nhập sai được tính theo tài khoản, không chặn nhầm người dùng khác cùng IP",Bảo mật,Trung bình,Tài khoản B bị khóa tạm thời do đăng nhập sai nhiều lần,"1. Từ cùng 1 thiết bị/IP đã làm khóa tạm tài khoản B
2. Thử đăng nhập đúng thông tin tài khoản C (khác B) từ cùng thiết bị/IP",-,"Tài khoản C vẫn đăng nhập được bình thường, không bị ảnh hưởng bởi việc khóa tài khoản B (trừ khi có rate-limit theo IP ở tầng khác — cần xác nhận rõ quy tắc)","Tiêu đề khẳng định giới hạn 'tính theo tài khoản, không chặn nhầm người khác cùng IP' nhưng hành vi hiện tại là giới hạn THEO IP (auth.routes.ts loginLimiter, không có keyGenerator; xem TC-SEC-039/055); Playwright đã Pass bằng cách khẳng định 429 (ngược tiêu đề). Thay bằng case 'Giới hạn đăng nhập sai tính theo IP...' cuối module"
TC-COMM-001,Cộng đồng,Tạo cộng đồng,Thành viên tạo cộng đồng mới thành công,Chức năng,Cao,Đã đăng nhập với vai trò Thành viên,"1. Bấm 'Tạo cộng đồng'
2. Nhập tên, mô tả, ảnh bìa
3. Chọn chế độ công khai/riêng tư và mức giá
4. Bấm Tạo",Tên cộng đồng hợp lệ,"Cộng đồng được tạo, người tạo được gán vai trò Owner ngay lập tức, không cần xét duyệt",Trùng TC-COMM-047 (người tạo thành Owner) và TC-COMM-050/052 (tạo cộng đồng UI)
TC-COMM-002,Cộng đồng,Tạo cộng đồng,Không cho tạo cộng đồng khi để trống tên,Chức năng,Trung bình,Đã đăng nhập,"1. Bấm 'Tạo cộng đồng'
2. Để trống tên cộng đồng
3. Bấm Tạo",-,"Hiển thị lỗi bắt buộc nhập tên, không tạo được cộng đồng",Trùng TC-COMM-037/038/039 (validate tên cộng đồng)
TC-COMM-003,Cộng đồng,Tạo cộng đồng,Tạo cộng đồng ở chế độ Công khai + Miễn phí,Chức năng,Cao,Đã đăng nhập,"1. Tạo cộng đồng mới
2. Chọn Công khai
3. Chọn Miễn phí
4. Xuất bản",-,"Cộng đồng hiển thị công khai trên trang khám phá, thành viên tham gia không cần duyệt/thanh toán",Trùng TC-COMM-046 (pricing free) / TC-COMM-052 / TC-COMM-078 (tham gia công khai miễn phí)
TC-COMM-004,Cộng đồng,Tạo cộng đồng,Tạo cộng đồng ở chế độ Công khai + Có phí theo tháng,Chức năng,Cao,Đã đăng nhập,"1. Tạo cộng đồng mới
2. Chọn Công khai
3. Chọn Có phí, nhập mức giá/tháng
4. Xuất bản","Giá: 99,000đ/tháng","Cộng đồng hiển thị công khai, yêu cầu thanh toán trước khi truy cập nội dung đầy đủ",Trùng TC-COMM-046 (pricing paid) / TC-COMM-079 (402 PAYMENT_REQUIRED)
TC-COMM-005,Cộng đồng,Tạo cộng đồng,Tạo cộng đồng ở chế độ Riêng tư,Chức năng,Cao,Đã đăng nhập,"1. Tạo cộng đồng mới
2. Chọn Riêng tư
3. Xuất bản",-,"Cộng đồng không hiển thị công khai đầy đủ, người tham gia phải được duyệt hoặc mời",Trùng TC-COMM-060 (công khai -> riêng tư) / TC-COMM-081 (riêng tư: JOIN_REQUEST_REQUIRED)
TC-COMM-006,Cộng đồng,Trang cộng đồng,Tab Bảng tin hiển thị đúng nội dung,Giao diện,Trung bình,Đã tham gia 1 cộng đồng có bài viết,"1. Vào trang cộng đồng
2. Chọn tab Bảng tin",-,Hiển thị danh sách bài viết của cộng đồng theo thứ tự thời gian,"Trùng TC-FEED-119 (bảng tin theo thời gian, ghim trước) và các case FEED UI"
TC-COMM-007,Cộng đồng,Trang cộng đồng,Tab Khóa học hiển thị đúng danh sách khóa học của cộng đồng,Chức năng,Trung bình,Cộng đồng có ít nhất 1 khóa học,"1. Vào trang cộng đồng
2. Chọn tab Khóa học",-,Hiển thị đúng danh sách khóa học thuộc cộng đồng này (không lẫn khóa học cộng đồng khác),Tên tab nay là 'Lớp học' (không còn tab 'Khóa học' ở khu cộng đồng; sidebar: Cộng đồng/Lớp học/Lịch sự kiện/Thành viên/Bảng xếp hạng/Giới thiệu - CommunitySidebar.tsx); trùng TC-COURSE-027 và nhóm TC-SPLIT (chọn khóa ?khoa=)
TC-COMM-008,Cộng đồng,Trang cộng đồng,Tab Lịch hiển thị sự kiện sắp diễn ra,Chức năng,Thấp,Cộng đồng có sự kiện đã tạo,"1. Vào trang cộng đồng
2. Chọn tab Lịch",-,Hiển thị đúng danh sách/lịch các sự kiện của cộng đồng,Trùng TC-EVENT-030/034 (tab Lịch sự kiện)
TC-COMM-009,Cộng đồng,Trang cộng đồng,Tab Thành viên hiển thị danh sách thành viên,Chức năng,Trung bình,Cộng đồng có nhiều thành viên,"1. Vào trang cộng đồng
2. Chọn tab Thành viên",-,Hiển thị danh sách thành viên kèm vai trò trong cộng đồng,Trùng TC-MEMBER-013/028 (tab Thành viên)
TC-COMM-011,Cộng đồng,Tham gia cộng đồng,Tham gia cộng đồng Công khai + Miễn phí,Chức năng,Cao,"Có cộng đồng công khai miễn phí, đã đăng nhập","1. Vào trang cộng đồng công khai miễn phí
2. Bấm 'Tham gia ngay'",-,"Vào cộng đồng ngay lập tức, không cần duyệt, trạng thái thành viên được lưu ở server",Trùng TC-COMM-078 (POST /enroll vào cộng đồng công khai miễn phí)
TC-COMM-012,Cộng đồng,Tham gia cộng đồng,Tham gia cộng đồng Công khai + Có phí,Chức năng,Cao,"Có cộng đồng công khai có phí, đã đăng nhập","1. Vào trang cộng đồng có phí
2. Bấm 'Tham gia ngay'
3. Chuyển tới màn hình chọn gói/thanh toán",-,Chỉ vào được nội dung đầy đủ sau khi thanh toán thành công (hoặc bắt đầu dùng thử nếu có),Trùng TC-COMM-079 (402 PAYMENT_REQUIRED) và TC-PAY-027..043 (luồng checkout)
TC-COMM-013,Cộng đồng,Tham gia cộng đồng,Gửi yêu cầu tham gia cộng đồng Riêng tư,Chức năng,Cao,"Có cộng đồng riêng tư, đã đăng nhập","1. Vào trang cộng đồng riêng tư
2. Bấm 'Yêu cầu tham gia'",-,"Yêu cầu được gửi tới Owner/Admin, trạng thái 'Đang chờ duyệt', chưa được vào nội dung",Trùng TC-COMM-085 (gửi yêu cầu tham gia cộng đồng riêng tư)
TC-COMM-014,Cộng đồng,Tham gia cộng đồng,Owner duyệt yêu cầu tham gia cộng đồng riêng tư,Chức năng,Cao,Có yêu cầu tham gia đang chờ duyệt,"1. Owner vào danh sách yêu cầu tham gia
2. Bấm Duyệt cho 1 yêu cầu",-,"Người dùng được thêm vào cộng đồng, có thể truy cập nội dung ngay",Trùng TC-COMM-094 (Owner duyệt yêu cầu)
TC-COMM-015,Cộng đồng,Tham gia cộng đồng,Owner từ chối yêu cầu tham gia,Chức năng,Trung bình,Có yêu cầu tham gia đang chờ duyệt,"1. Owner vào danh sách yêu cầu tham gia
2. Bấm Từ chối",-,"Yêu cầu bị từ chối, người gửi không được vào cộng đồng, nhận được thông báo phù hợp",Trùng TC-COMM-095 (Owner từ chối yêu cầu)
TC-COMM-016,Cộng đồng,Tham gia cộng đồng,Tham gia qua liên kết mời trực tiếp,Chức năng,Trung bình,Owner đã tạo liên kết mời cho cộng đồng riêng tư,"1. Người dùng mở liên kết mời
2. Bấm xác nhận tham gia",-,Vào cộng đồng ngay không cần chờ duyệt,Trùng TC-COMM-109 (nhận lời mời DEMO-VALID)
TC-COMM-017,Cộng đồng,Rời cộng đồng,Thành viên tự rời cộng đồng,Chức năng,Trung bình,Đã là thành viên của 1 cộng đồng,"1. Vào cài đặt cộng đồng
2. Bấm 'Rời cộng đồng'
3. Xác nhận",-,"Mất quyền truy cập nội dung cộng đồng, không còn trong danh sách thành viên",Trùng TC-COMM-147 (thành viên tự rời cộng đồng)
TC-COMM-018,Cộng đồng,Loại thành viên,Owner/Admin loại bỏ thành viên vi phạm,Chức năng,Cao,Có thành viên vi phạm quy tắc trong cộng đồng,"1. Owner/Admin vào danh sách thành viên
2. Chọn thành viên vi phạm
3. Bấm 'Loại khỏi cộng đồng'",-,"Thành viên bị loại, mất quyền truy cập ngay lập tức",Trùng TC-COMM-129/130 (kick thành viên theo bậc)
TC-COMM-019,Cộng đồng,Phân quyền,Owner cấp quyền Admin cho một thành viên,Chức năng,Cao,Có thành viên thường trong cộng đồng,"1. Owner vào danh sách thành viên
2. Chọn 1 thành viên
3. Cấp quyền Admin/Mod",-,"Thành viên được nâng quyền, có thể tạo/sửa nội dung, kiểm duyệt trong cộng đồng đó",Trùng TC-COMM-121 (Owner cấp quyền Admin)
TC-COMM-020,Cộng đồng,Phân quyền,Owner thu hồi quyền Admin,Chức năng,Trung bình,Có 1 Admin trong cộng đồng,"1. Owner vào danh sách quản trị viên
2. Thu hồi quyền của 1 Admin",-,"Người đó trở lại vai trò Thành viên thường, mất quyền quản trị ngay",Trùng TC-COMM-119/122 (bỏ Mod/Admin về Member)
TC-COMM-021,Cộng đồng,Phân quyền,Admin mặc định không xem được doanh thu khi chưa được cấp thêm quyền,Bảo mật,Cao,Có tài khoản Admin chưa được cấp quyền xem doanh thu,"1. Đăng nhập bằng tài khoản Admin
2. Cố truy cập trang Doanh thu của cộng đồng",-,"Bị từ chối truy cập / không thấy mục doanh thu, đúng theo quy tắc phân quyền mặc định",Trùng TC-PAY-206 (Admin/Mod của chính cộng đồng không xem được doanh thu) và TC-ROLE-049
TC-COMM-022,Cộng đồng,Khám phá cộng đồng,"Danh sách cộng đồng hiển thị đúng, hỗ trợ tìm kiếm/lọc",Chức năng,Trung bình,Có nhiều cộng đồng công khai,"1. Vào trang khám phá cộng đồng
2. Tìm kiếm/lọc theo danh mục hoặc từ khóa",-,Trả về đúng danh sách cộng đồng công khai khớp điều kiện,Trùng TC-HOME-001..017 (tìm kiếm/lọc Khám phá) và nhóm TC-SEARCH
TC-COMM-023,Cộng đồng,Quản lý cộng đồng,"Owner chỉnh sửa thông tin cộng đồng (tên, mô tả, ảnh bìa)",Chức năng,Trung bình,Owner có 1 cộng đồng đang hoạt động,"1. Owner vào Cài đặt cộng đồng
2. Sửa tên/mô tả/ảnh bìa
3. Lưu",-,Thông tin cập nhật thành công và hiển thị đúng ngay trên trang cộng đồng,Trùng TC-COMM-053/062 (admin sửa tên/mô tả/ảnh bìa)
TC-COMM-024,Cộng đồng,Quản lý cộng đồng,Owner đổi mức giá cộng đồng từ Miễn phí sang Có phí,Chức năng,Cao,"Cộng đồng đang ở chế độ Miễn phí, đã có thành viên","1. Owner vào Cài đặt cộng đồng
2. Đổi sang chế độ Có phí, nhập giá
3. Lưu",-,"Cần làm rõ & test theo chính sách đã chốt: thành viên hiện tại có bị yêu cầu trả phí ngay không, hay được giữ quyền truy cập miễn phí tới khi có thay đổi khác","Trùng TC-PAY-019 (cùng câu hỏi chính sách đổi giá, chưa chốt) và TC-COMM-059/TC-PAY-216 (hành vi hiện tại: không ảnh hưởng gói đang thuê)"
TC-COMM-025,Cộng đồng,Quản lý cộng đồng,Owner xóa cộng đồng,Chức năng,Cao,"Owner có 1 cộng đồng, có xác nhận double-check trước khi xóa","1. Owner vào Cài đặt cộng đồng
2. Bấm 'Xóa cộng đồng'
3. Xác nhận theo bước double-check (VD nhập lại tên cộng đồng)",-,"Cộng đồng và toàn bộ dữ liệu liên quan bị vô hiệu hóa/xóa đúng theo chính sách, thành viên mất quyền truy cập",Trùng TC-COMM-063/065 (xóa mềm cộng đồng + gõ lại tên)
TC-COMM-027,Cộng đồng,Phân quyền,Owner chuyển giao quyền sở hữu (Owner) cộng đồng cho thành viên khác,Chức năng,Cao,"Owner có 1 cộng đồng, có 1 Admin đáng tin cậy","1. Owner vào quản lý thành viên
2. Chọn 'Chuyển quyền sở hữu' cho 1 Admin
3. Xác nhận",-,"Người được chuyển trở thành Owner mới, Owner cũ chuyển xuống vai trò thấp hơn theo đúng thiết kế",Trùng TC-COMM-142 (chuyển quyền Owner)
TC-COMM-028,Cộng đồng,Trang cộng đồng,Người chưa tham gia cộng đồng riêng tư không xem được nội dung các tab,Bảo mật,Cao,"Có cộng đồng riêng tư, tài khoản test chưa được duyệt tham gia","1. Đăng nhập tài khoản chưa tham gia
2. Truy cập trực tiếp URL các tab nội dung của cộng đồng riêng tư đó",-,"Bị chặn truy cập, chỉ thấy trang giới thiệu sơ lược + nút yêu cầu tham gia",Trùng TC-FEED-140 (người chưa tham gia 403) và TC-COMMVP-026 (FE chuyển về trang giới thiệu)
TC-COMM-029,Cộng đồng,Mời thành viên,Liên kết mời hết hạn không sử dụng được,Bảo mật,Trung bình,Owner tạo liên kết mời có thời hạn (VD 7 ngày),"1. Owner tạo liên kết mời với thời hạn xác định
2. Chờ/giả lập qua thời hạn đó
3. Mở liên kết mời",-,"Hiển thị thông báo liên kết đã hết hạn, không cho tham gia cộng đồng",Trùng TC-COMM-105 (DEMO-EXPIRED: 410 INVITE_EXPIRED)
TC-COMM-030,Cộng đồng,Mời thành viên,Liên kết mời dùng được đúng số lần theo cấu hình,Chức năng,Trung bình,Owner tạo liên kết mời giới hạn 1 lần sử dụng,"1. Dùng liên kết mời để tham gia (lần 1)
2. Dùng lại chính liên kết đó lần 2 bằng tài khoản khác",-,Lần 1 thành công; lần 2 bị từ chối do liên kết đã được sử dụng (nếu cấu hình giới hạn 1 lần),Trùng TC-COMM-107/113 (lời mời hết lượt: 410 INVITE_EXHAUSTED)
TC-COMM-032,Cộng đồng,Rời cộng đồng,Owner không thể tự rời cộng đồng khi chưa chuyển giao quyền sở hữu,Chức năng,Trung bình,"Owner đang sở hữu 1 cộng đồng, chưa chuyển giao","1. Owner vào cài đặt cộng đồng
2. Thử bấm 'Rời cộng đồng'",-,"Hệ thống chặn hành động, yêu cầu chuyển giao quyền sở hữu hoặc xóa cộng đồng trước khi rời",Trùng TC-COMM-149 (Owner không rời được: 409)
TC-COMMVP-001,Cộng đồng MVP (gắn theo khóa học — 2026-09-29),Bảng tin,Đăng bài trong cộng đồng của khóa học đã tham gia,Chức năng,Cao,"Đã đăng nhập, đã tham gia (enroll) khóa học","1. Vào /courses/:id/community
2. Nhập nội dung ở ô soạn bài
3. Chọn danh mục
4. Bấm Đăng bài",-,"Bài viết xuất hiện ngay đầu bảng tin, đúng tác giả/nội dung/danh mục; BE lưu thật (POST /api/courses/:id/posts)",Trùng TC-FEED-019/021 (đăng bài)
TC-COMMVP-002,Cộng đồng MVP (gắn theo khóa học — 2026-09-29),Bảng tin,Không đăng bài được khi chưa tham gia khóa học (chặn ở server),Bảo mật,Cao,"Đã đăng nhập, CHƯA tham gia khóa học",1. Gọi trực tiếp POST /api/courses/:id/posts bằng access token hợp lệ nhưng chưa enroll,-,"Trả về 403 (enrollmentService.requireMembership), không tạo được bài viết dù có token hợp lệ",Trùng TC-FEED-140 (người chưa tham gia 403)
TC-COMMVP-003,Cộng đồng MVP (gắn theo khóa học — 2026-09-29),Bảng tin,Thích bài viết — không tự cộng điểm khi tự thích bài của chính mình,Chức năng,Trung bình,Có bài viết do chính người test tạo,"1. Tự thích (like) bài viết của chính mình
2. Kiểm tra bảng xếp hạng",-,Số lượt thích tăng ngay; KHÔNG cộng điểm 'like_received' vì tác giả trùng người thích (đã verify bằng curl),Trùng TC-FEED-097 (tự like không điểm)
TC-COMMVP-004,Cộng đồng MVP (gắn theo khóa học — 2026-09-29),Bảng tin,Bình luận bài viết,Chức năng,Cao,Có bài viết trong cộng đồng,"1. Mở 1 bài viết
2. Nhập bình luận
3. Gửi",-,"Bình luận lưu thật, hiển thị đúng tác giả/thời gian, tăng commentsCount",Trùng TC-FEED-083 (bình luận)
TC-COMMVP-005,Cộng đồng MVP (gắn theo khóa học — 2026-09-29),Bảng tin,Ghim / bỏ ghim bài viết (chỉ mod trở lên),Chức năng,Trung bình,"Đăng nhập mod@sofinhub.test (mod của photo), có bài viết trong photo","1. Vào /courses/photo/community
2. Bấm 'Ghim' trên 1 bài viết
3. Bấm lại để bỏ ghim",-,Trạng thái pinned đảo đúng chiều. ĐÃ SỬA LỖI PHÂN QUYỀN (30/09/2026): chỉ mod trở lên ghim được; member thường không thấy nút và gọi API bị 403 FORBIDDEN (xem các case ma trận quyền ở FEED/ROLE),Trùng TC-FEED-077/078 (ghim chỉ mod+)
TC-COMMVP-006,Cộng đồng MVP (gắn theo khóa học — 2026-09-29),Bảng tin,Lọc bài viết theo danh mục & sắp xếp Mới nhất/Phổ biến,Chức năng,Trung bình,Có bài viết ở nhiều danh mục,"1. Chọn 1 danh mục cụ thể
2. Đổi sắp xếp giữa Mới nhất/Phổ biến",-,"Danh sách lọc/sắp xếp đúng, bài ghim luôn lên đầu",Trùng TC-FEED-119..128 (lọc/sắp xếp bài)
TC-COMMVP-007,Cộng đồng MVP (gắn theo khóa học — 2026-09-29),Lớp học,Xem danh sách module với % tiến độ thật theo từng người,Chức năng,Cao,Đã tham gia khóa học,1. Vào tab Lớp học,-,"Module tự sinh từ course.lessons/durationMinutes (GET /api/courses/:id/modules), % tiến độ tính đúng theo bài học đã hoàn thành của riêng user đó",Trùng TC-COURSE-021..026 (module/tiến độ; mô tả cũ 'module tự sinh từ course.lessons' đã lỗi thời - nay là nội dung lớp học thật trong DB)
TC-COMMVP-008,Cộng đồng MVP (gắn theo khóa học — 2026-09-29),Lớp học,Module tự động khóa tới khi hoàn thành 100% module trước,Chức năng,Cao,Module 1 chưa hoàn thành hết,1. Xem danh sách module khi module 1 chưa xong,-,Module 2 trở đi có locked=true; đã verify bằng curl: hoàn thành hết bài học module 1 thì module 2 mới mở,Trùng TC-COURSE-052/053 (khóa module tuần tự)
TC-COMMVP-009,Cộng đồng MVP (gắn theo khóa học — 2026-09-29),Lớp học,Chặn ở server khi cố mở bài học của module đang khóa,Bảo mật,Cao,Module 2 đang locked (module 1 chưa xong),1. Gọi trực tiếp GET /api/courses/:id/modules/:moduleId/lessons cho module đang khóa,-,"Trả về 403 'Cần hoàn thành module trước đó để mở khóa module này', không tin riêng phía FE",Trùng TC-COURSE-057 (MODULE_LOCKED)
TC-COMMVP-010,Cộng đồng MVP (gắn theo khóa học — 2026-09-29),Lớp học,"Đánh dấu hoàn thành bài học, % tiến độ cập nhật ngay",Chức năng,Cao,Đang xem 1 bài học chưa hoàn thành,1. Bấm hoàn thành 1 bài học,-,"completed=true ngay, % tiến độ module tăng đúng tỉ lệ 1/tổng số bài",Trùng TC-COURSE-047 (hoàn thành bài)
TC-COMMVP-011,Cộng đồng MVP (gắn theo khóa học — 2026-09-29),Lớp học,Hoàn thành bài học được cộng điểm (+3),Chức năng,Trung bình,-,"1. Hoàn thành 1 bài học
2. Kiểm tra bảng xếp hạng",-,Điểm tăng đúng +3 (POINT_VALUES.lesson_complete),Trùng TC-COURSE-049 (+3 điểm lesson_complete)
TC-COMMVP-012,Cộng đồng MVP (gắn theo khóa học — 2026-09-29),Lịch sự kiện,"Tạo sự kiện mới (tên, thời gian, link họp, giới hạn số lượng)",Chức năng,Cao,Đã tham gia khóa học,"1. Vào tab Lịch sự kiện
2. Bấm '+ Tạo sự kiện'
3. Điền thông tin
4. Tạo",-,"Sự kiện lưu thật (POST /api/courses/:id/events), hiển thị đúng trong danh sách Sắp diễn ra",Trùng TC-EVENT-013 (tạo sự kiện)
TC-COMMVP-013,Cộng đồng MVP (gắn theo khóa học — 2026-09-29),Lịch sự kiện,Đăng ký / hủy đăng ký (RSVP) tham dự,Chức năng,Cao,Có sự kiện sắp diễn ra,"1. Bấm 'Đăng ký'
2. Bấm lại để hủy",-,"rsvpCount tăng/giảm đúng, trạng thái nút đổi theo viewerRsvped",Trùng TC-EVENT-050/051 (RSVP/hủy)
TC-COMMVP-014,Cộng đồng MVP (gắn theo khóa học — 2026-09-29),Lịch sự kiện,Từ chối RSVP khi sự kiện đã đủ số lượng giới hạn (capacity),Chức năng,Cao,"Sự kiện có capacity=2, đã có 2 người đăng ký khác",1. Người thứ 3 bấm 'Đăng ký',"capacity=2, đã đủ",Trả về 409 'Sự kiện đã đủ số lượng đăng ký' — đã verify capacity kiểm tra thật ở server,Trùng TC-EVENT-053/054 (đủ sức chứa 409)
TC-COMMVP-015,Cộng đồng MVP (gắn theo khóa học — 2026-09-29),Lịch sự kiện,Không cho RSVP sự kiện đã diễn ra trong quá khứ,Chức năng,Trung bình,Có sự kiện với startAt trong quá khứ,1. Gọi RSVP cho sự kiện đã qua,-,"Trả về 400 'Sự kiện đã diễn ra, không thể đăng ký'",Trùng TC-EVENT-058 (sự kiện đã qua 400)
TC-COMMVP-016,Cộng đồng MVP (gắn theo khóa học — 2026-09-29),Thành viên,Danh sách thành viên tìm kiếm theo tên,Chức năng,Trung bình,Cộng đồng có nhiều thành viên,"1. Vào tab Thành viên
2. Nhập tên vào ô tìm kiếm",-,Trả về đúng thành viên khớp tên (GET /api/courses/:id/members?q=),Trùng TC-MEMBER-016 (tìm thành viên theo tên)
TC-COMMVP-017,Cộng đồng MVP (gắn theo khóa học — 2026-09-29),Thành viên,Trạng thái 'Đang trực tuyến' dựa trên hoạt động gần nhất (lastActiveAt),Chức năng,Thấp,-,"1. Vừa gọi 1 API bất kỳ trong cộng đồng (touchActivity)
2. Xem tab Thành viên",Trong 5 phút gần nhất,"Hiển thị 'Đang trực tuyến' nếu lastActiveAt trong 5 phút gần nhất, ngược lại 'Không hoạt động'",Trùng TC-MEMBER-021/032 (online 5 phút)
TC-COMMVP-018,Cộng đồng MVP (gắn theo khóa học — 2026-09-29),Bảng xếp hạng,Tính điểm đúng theo cửa sổ thời gian 7 ngày / 30 ngày / mọi thời điểm,Chức năng,Cao,Có hoạt động ghi nhận điểm,"1. Xem bảng xếp hạng, đổi qua lại 3 tab thời gian",-,Tổng điểm tính đúng theo đúng cửa sổ thời gian được chọn (GET /api/courses/:id/leaderboard?window=),Trùng TC-MEMBER-038..040 (bảng xếp hạng 7/30/all)
TC-COMMVP-019,Cộng đồng MVP (gắn theo khóa học — 2026-09-29),Bảng xếp hạng,"Cộng điểm đúng cho từng loại hoạt động (đăng bài +5, nhận thích +2, RSVP +1)",Chức năng,Trung bình,-,"1. Thực hiện lần lượt: đăng bài, được người khác thích, RSVP sự kiện
2. Kiểm tra tổng điểm",-,"Điểm cộng đúng theo POINT_VALUES: post=5, like_received=2, lesson_complete=3, event_rsvp=1",Trùng TC-MEMBER-056 (giá trị điểm); lưu ý RSVP chỉ +1 một lần (points-policy)
TC-COMMVP-020,Cộng đồng MVP (gắn theo khóa học — 2026-09-29),Thanh toán,Tạo giao dịch (checkout) cho khóa học có phí,Chức năng,Cao,"Khóa học có priceUsd > 0, chưa tham gia","1. Bấm 'Tham gia ngay' trên khóa có phí
2. Xác nhận dialog
3. Chọn phương thức thanh toán
4. Bấm Thanh toán",-,"Tạo PaymentIntent status=pending (POST /api/courses/:id/checkout), đúng amountUsd theo giá khóa học",Trùng TC-PAY-027 (checkout)
TC-COMMVP-021,Cộng đồng MVP (gắn theo khóa học — 2026-09-29),Thanh toán,Không cho checkout khóa học miễn phí,Chức năng,Trung bình,Khóa học priceUsd = 0,1. Gọi POST /api/courses/:id/checkout cho khóa miễn phí,-,"Trả về 400 'Khóa học này miễn phí, không cần thanh toán'",Trùng TC-PAY-035 (checkout khóa miễn phí 400)
TC-COMMVP-023,Cộng đồng MVP (gắn theo khóa học — 2026-09-29),Thanh toán,Xác nhận thanh toán cấp quyền truy cập thật ngay lập tức,Chức năng,Cao,Có PaymentIntent đang pending,1. Gọi POST /api/payments/:id/confirm,-,"status chuyển succeeds, enrollmentService.grant() cấp quyền ngay — gọi lại GET .../posts sau đó trả 200",Trùng TC-PAY-043 (confirm cấp quyền)
TC-COMMVP-024,Cộng đồng MVP (gắn theo khóa học — 2026-09-29),Thanh toán,Xác nhận lại giao dịch đã thành công không xử lý trùng (idempotent),Bảo mật,Cao,PaymentIntent đã ở trạng thái succeeded,1. Gọi POST /api/payments/:id/confirm lần thứ 2,-,"Trả về đúng thông tin giao dịch đã succeeded, không cấp quyền/ghi log trùng lần 2 — đã verify bằng curl",Trùng TC-PAY-044 (confirm idempotent)
TC-COMMVP-025,Cộng đồng MVP (gắn theo khóa học — 2026-09-29),Thanh toán,Không cho checkout lại khi đã tham gia khóa học rồi,Chức năng,Trung bình,Đã tham gia (enrolled) khóa học,1. Gọi lại POST /api/courses/:id/checkout cho khóa đã tham gia,-,Trả về 409 'Bạn đã tham gia khóa học này rồi',Trùng TC-PAY-038 (đã tham gia checkout lại 409)
TC-COURSE-001,Khóa học / Lớp học,Trang chi tiết khóa học,"Hiển thị đầy đủ thông tin khóa học (mô tả, giảng viên, đánh giá, nội dung, giá, FAQ)",Giao diện,Cao,Khóa học đã tồn tại trong hệ thống,"1. Vào trang khám phá
2. Bấm vào 1 khóa học
3. Kiểm tra đủ các khu vực: mô tả, giảng viên, đánh giá, nội dung, giá, FAQ",-,"Tất cả thông tin hiển thị đầy đủ, chính xác, không thiếu khu vực nào","Kỳ vọng lỗi thời: trang chi tiết nay hiện dữ liệu thật; review/module/highlights/gains/FAQ minh họa đã gỡ (audit bước 4: community-detail.ts trả highlights=[], gains=[], faqs=[], reviews chỉ review thật; tab FAQ chỉ hiện khi có dữ liệu). Thay bằng case 'Trang chi tiết cộng đồng hiển thị dữ liệu thật...' cuối module"
TC-COURSE-005,Khóa học / Lớp học,Tham gia khóa học,Tham gia lại khóa học đã tham gia trước đó (idempotent),Chức năng,Trung bình,Đã tham gia 1 khóa học,"1. Vào lại trang chi tiết khóa học đã tham gia
2. Bấm nút tham gia (nếu còn hiển thị) hoặc F5 nhiều lần",-,"Không tạo bản ghi tham gia trùng lặp, trạng thái vẫn nhất quán","Kỳ vọng sai với thiết kế: nút 'Đã tham gia' là TOGGLE rời cộng đồng (POST /enroll), không phải 'idempotent join' (Playwright đã ghi LƯU Ý THIẾT KẾ); cộng đồng có phí còn có hộp xác nhận rời. Thay bằng case 'Bấm lại nút Đã tham gia là rời cộng đồng...' cuối module"
TC-COURSE-006,Khóa học / Lớp học,Soạn thảo khóa học,Owner tạo Module mới trong khóa học,Chức năng,Cao,Đăng nhập với vai trò Owner của cộng đồng,"1. Vào trang quản trị khóa học
2. Bấm 'Thêm Module'
3. Nhập tên module
4. Lưu",-,Module mới được tạo và hiển thị đúng thứ tự trong khóa học,Trùng TC-COURSE-067 (mod tạo module)
TC-COURSE-007,Khóa học / Lớp học,Soạn thảo khóa học,Owner thêm bài học dạng video vào module,Chức năng,Cao,Đã có ít nhất 1 module,"1. Vào module
2. Bấm 'Thêm bài học'
3. Chọn loại Video
4. Nhập link video và lưu",-,"Bài học video được thêm, phát được nội dung khi vào học","Trùng TC-COURSE-079/040 (thêm bài học video, embed)"
TC-COURSE-008,Khóa học / Lớp học,Soạn thảo khóa học,Owner thêm bài học dạng văn bản/tệp đính kèm,Chức năng,Trung bình,Đã có ít nhất 1 module,"1. Vào module
2. Bấm 'Thêm bài học'
3. Chọn loại Văn bản, nhập nội dung hoặc đính kèm tệp
4. Lưu",-,"Bài học được thêm, hiển thị đúng nội dung/tệp khi học viên mở",Trùng TC-COURSE-079/081 (bài văn bản/tệp đính kèm)
TC-COURSE-009,Khóa học / Lớp học,Soạn thảo khóa học,Sắp xếp lại thứ tự module/bài học,Chức năng,Trung bình,Khóa học có từ 2 module/bài học trở lên,"1. Vào trang quản trị khóa học
2. Kéo-thả đổi thứ tự module hoặc bài học
3. Lưu",-,Thứ tự hiển thị cho học viên thay đổi đúng theo thứ tự mới đã sắp xếp,Trùng TC-COURSE-077/085 (sắp xếp module/bài)
TC-COURSE-010,Khóa học / Lớp học,Học & tiến độ,Đánh dấu hoàn thành một bài học,Chức năng,Cao,"Đã tham gia khóa học, đang xem 1 bài học","1. Vào trang học
2. Xem hết bài học
3. Bấm 'Đánh dấu hoàn thành'",-,"Bài học chuyển trạng thái Hoàn thành, % tiến độ tổng của khóa học được cập nhật",Trùng TC-COURSE-047 (hoàn thành bài)
TC-COURSE-011,Khóa học / Lớp học,Học & tiến độ,Hiển thị đúng % tiến độ tổng khóa học,Chức năng,Trung bình,Đã hoàn thành một số bài học trong khóa học,"1. Hoàn thành N/tổng số M bài học
2. Kiểm tra thanh tiến độ hiển thị","N=3, M=10","% tiến độ hiển thị = (N/M)*100%, chính xác theo số liệu thực tế",Trùng TC-COURSE-024/047 (% tiến độ)
TC-COURSE-012,Khóa học / Lớp học,Khóa bài học theo gói,Người chưa trả phí không xem được nội dung bài học đã khóa,Bảo mật,Cao,"Khóa học có phần nội dung khóa cho người trả phí, tài khoản test chưa trả phí","1. Đăng nhập tài khoản chưa trả phí
2. Vào khóa học có phần nội dung khóa
3. Cố mở bài học đã khóa",-,"Không truy cập được nội dung, hiển thị thông báo cần nâng cấp/trả phí",Trùng TC-COURSE-097 và TC-COMMVP-022 (người chưa tham gia/chưa trả phí bị 403)
TC-COURSE-013,Khóa học / Lớp học,Khóa bài học theo gói,Quyền truy cập nội dung được xác thực ở server (không chỉ chặn ở giao diện),Bảo mật,Cao,"Tài khoản chưa trả phí, biết được endpoint API lấy nội dung bài học","1. Đăng nhập tài khoản chưa trả phí
2. Gọi trực tiếp API lấy nội dung bài học đã khóa (qua Postman/DevTools), bỏ qua giao diện",-,"API trả về lỗi từ chối truy cập (401/403), không trả về nội dung dù bypass giao diện",Trùng TC-COURSE-097/087 (kiểm quyền ở server)
TC-COURSE-014,Khóa học / Lớp học,Nhúng video bài giảng,Nhúng và phát video từ YouTube,Tích hợp,Trung bình,Bài học có link YouTube hợp lệ,"1. Vào bài học có video YouTube
2. Bấm play",Link YouTube hợp lệ,"Video load và phát được ngay trong trang, không lỗi embed",Trùng TC-COURSE-040 (embed YouTube)
TC-COURSE-015,Khóa học / Lớp học,Nhúng video bài giảng,Nhúng và phát video từ Vimeo,Tích hợp,Trung bình,Bài học có link Vimeo hợp lệ,"1. Vào bài học có video Vimeo
2. Bấm play",Link Vimeo hợp lệ,"Video load và phát được ngay trong trang, không lỗi embed",Trùng TC-COURSE-041 (embed Vimeo trong matrix link)
TC-COURSE-019,Khóa học / Lớp học,Khóa bài học theo gói,Owner xem trước được toàn bộ nội dung khóa học của chính mình dù chưa trả phí,Chức năng,Trung bình,Đăng nhập với vai trò Owner của cộng đồng chứa khóa học có phí,"1. Owner vào khóa học có phí do chính mình tạo
2. Mở các bài học đã khóa cho người trả phí",-,Owner xem được toàn bộ nội dung không cần thanh toán (quyền sở hữu nội dung),Trùng TC-COURSE-064 (mod/owner không bao giờ bị khóa module)
TC-COURSE-020,Khóa học / Lớp học,Soạn thảo khóa học,Không cho phép Member thường truy cập trang soạn thảo khóa học,Bảo mật,Cao,Tài khoản chỉ là Member thường trong cộng đồng,"1. Đăng nhập tài khoản Member thường
2. Cố truy cập URL trang soạn thảo khóa học của cộng đồng đó",-,"Bị từ chối truy cập/chuyển hướng, không vào được trang quản trị nội dung",Trùng TC-COURSE-087/091 (member không soạn thảo được)
TC-FEED-001,Bảng tin & Tương tác cộng đồng,Đăng bài,Đăng bài viết dạng văn bản,Chức năng,Cao,Là thành viên của cộng đồng,"1. Vào Bảng tin cộng đồng
2. Bấm 'Tạo bài viết'
3. Nhập nội dung văn bản
4. Đăng",-,"Bài viết xuất hiện ngay trên bảng tin với đúng nội dung, tác giả, thời gian",Trùng TC-FEED-019 (đăng bài chữ)
TC-FEED-002,Bảng tin & Tương tác cộng đồng,Đăng bài,Đăng bài viết kèm ảnh,Chức năng,Trung bình,Là thành viên của cộng đồng,"1. Tạo bài viết mới
2. Đính kèm 1 hoặc nhiều ảnh
3. Đăng",Ảnh JPG/PNG hợp lệ,"Bài viết hiển thị kèm ảnh đúng, ảnh load được, không vỡ layout",Trùng TC-FEED-020/031 (đăng bài kèm ảnh)
TC-FEED-004,Bảng tin & Tương tác cộng đồng,Đăng bài,Gắn danh mục cho bài viết,Chức năng,Thấp,Là thành viên của cộng đồng,"1. Tạo bài viết mới
2. Chọn danh mục bài viết
3. Đăng",-,"Bài viết được gắn đúng danh mục, lọc bảng tin theo danh mục hoạt động đúng",Trùng TC-FEED-020/027/121 (category)
TC-FEED-005,Bảng tin & Tương tác cộng đồng,Bình luận,Bình luận vào một bài viết,Chức năng,Cao,Có bài viết trên bảng tin,"1. Mở 1 bài viết
2. Nhập nội dung bình luận
3. Gửi",-,"Bình luận xuất hiện ngay dưới bài viết với đúng nội dung, tác giả, thời gian",Trùng TC-FEED-083 (bình luận)
TC-FEED-006,Bảng tin & Tương tác cộng đồng,Bình luận,Trả lời (reply) một bình luận — lồng 1 cấp,Chức năng,Trung bình,Bài viết đã có ít nhất 1 bình luận,"1. Mở bài viết có bình luận
2. Bấm 'Trả lời' trên 1 bình luận
3. Nhập nội dung
4. Gửi",-,"Trả lời hiển thị lồng bên dưới bình luận gốc (chỉ 1 cấp, không lồng thêm cấp con)","Trùng TC-FEED-087/088 (trả lời lồng - hiện chưa hỗ trợ parentId, PostComment không có cột parent)"
TC-FEED-007,Bảng tin & Tương tác cộng đồng,Thích (Like),Thích một bài viết,Chức năng,Trung bình,Có bài viết trên bảng tin,"1. Mở bảng tin
2. Bấm icon Thích trên 1 bài viết",-,"Số lượt thích tăng ngay lập tức (tức thời), trạng thái thích được lưu cho đúng người dùng",Trùng TC-FEED-095 (like lần đầu)
TC-FEED-008,Bảng tin & Tương tác cộng đồng,Thích (Like),Bỏ thích một bài viết đã thích,Chức năng,Thấp,Đã thích 1 bài viết trước đó,1. Bấm lại icon Thích trên bài viết đã thích,-,"Số lượt thích giảm, trạng thái thích của người dùng được gỡ",Trùng TC-FEED-096 (unlike/like lại)
TC-FEED-009,Bảng tin & Tương tác cộng đồng,Ghim bài viết,Owner/Admin ghim bài viết thông báo quan trọng,Chức năng,Trung bình,"Đăng nhập vai trò Owner/Admin, có bài viết trong cộng đồng","1. Mở bài viết cần ghim
2. Bấm 'Ghim bài viết'",-,"Bài viết được đưa lên đầu bảng tin, có nhãn 'Đã ghim'",Trùng TC-FEED-077 (mod ghim; quyền là mod+ chứ không riêng Owner/Admin)
TC-FEED-010,Bảng tin & Tương tác cộng đồng,Ghim bài viết,Bỏ ghim bài viết,Chức năng,Thấp,Có bài viết đang được ghim,"1. Mở bài viết đang ghim
2. Bấm 'Bỏ ghim'",-,Bài viết trở lại vị trí theo thứ tự thời gian bình thường,Trùng TC-FEED-077 (ghim là toggle)
TC-FEED-012,Bảng tin & Tương tác cộng đồng,Đăng bài,Chỉnh sửa bài viết đã đăng,Chức năng,Trung bình,Đã đăng 1 bài viết,"1. Mở bài viết của mình
2. Bấm 'Chỉnh sửa'
3. Thay đổi nội dung
4. Lưu",-,"Nội dung được cập nhật, có thể hiển thị nhãn 'Đã chỉnh sửa'","Trùng TC-FEED-055 (sửa bài, editedAt)"
TC-FEED-013,Bảng tin & Tương tác cộng đồng,Đăng bài,Xóa bài viết của chính mình,Chức năng,Trung bình,Đã đăng 1 bài viết,"1. Mở bài viết của mình
2. Bấm 'Xóa'
3. Xác nhận",-,"Bài viết biến mất khỏi bảng tin, các bình luận liên quan cũng bị xóa/ẩn theo",Trùng TC-FEED-064 (xóa bài của mình)
TC-FEED-014,Bảng tin & Tương tác cộng đồng,Đăng bài,Thành viên không thể chỉnh sửa/xóa bài viết của người khác,Bảo mật,Cao,"Có bài viết của thành viên B, đăng nhập bằng thành viên A","1. Thành viên A mở bài viết của thành viên B
2. Kiểm tra có nút Sửa/Xóa hay không, thử gọi API sửa/xóa trực tiếp nếu có",-,Không thấy nút Sửa/Xóa trên giao diện; gọi API trực tiếp cũng bị từ chối (403),Trùng TC-FEED-058/065 (sửa/xóa bài người khác 403)
TC-FEED-015,Bảng tin & Tương tác cộng đồng,Đăng bài,Giới hạn độ dài nội dung bài viết,Chức năng,Thấp,-,"1. Nhập nội dung bài viết vượt quá giới hạn ký tự cho phép
2. Bấm Đăng",Nội dung > giới hạn ký tự quy định,"Hệ thống báo lỗi vượt giới hạn hoặc tự cắt theo đúng thiết kế, không lỗi hệ thống",Trùng TC-FEED-024 (giới hạn 4000 ký tự)
TC-FEED-016,Bảng tin & Tương tác cộng đồng,Bình luận,Thành viên báo cáo bình luận vi phạm (không chỉ bài viết),Chức năng,Trung bình,Có bình luận trên 1 bài viết,"1. Mở bài viết có bình luận
2. Bấm 'Báo cáo' trên 1 bình luận cụ thể
3. Chọn lý do và gửi",-,"Báo cáo được ghi nhận đúng đối tượng là bình luận, chuyển tới hàng đợi kiểm duyệt",Trùng TC-FEED-108 (báo cáo bình luận)
TC-FEED-017,Bảng tin & Tương tác cộng đồng,Bình luận,Xóa bình luận của chính mình,Chức năng,Thấp,Đã bình luận 1 bài viết,"1. Mở bình luận của mình
2. Bấm 'Xóa'
3. Xác nhận",-,Bình luận bị xóa/ẩn khỏi bài viết,Trùng TC-FEED-090 (xóa bình luận của mình)
TC-FEED-018,Bảng tin & Tương tác cộng đồng,Ghim bài viết,Thành viên thường không thấy nút Ghim bài viết,Bảo mật,Trung bình,Đăng nhập vai trò Member thường,"1. Member thường mở 1 bài viết bất kỳ trong cộng đồng
2. Kiểm tra có nút 'Ghim bài viết' hay không",-,Không hiển thị nút Ghim; gọi API ghim trực tiếp cũng bị từ chối nếu thử bypass giao diện,Trùng TC-FEED-078/081 (member không ghim được)
TC-MEMBER-001,"Thành viên, Hồ sơ & Xếp hạng",Danh sách thành viên,Tìm kiếm thành viên theo tên trong cộng đồng,Chức năng,Trung bình,Cộng đồng có nhiều thành viên,"1. Vào tab Thành viên
2. Nhập tên vào ô tìm kiếm",Tên thành viên có thật,Trả về đúng thành viên khớp tên tìm kiếm,Trùng TC-MEMBER-016 (tìm theo tên)
TC-MEMBER-002,"Thành viên, Hồ sơ & Xếp hạng",Danh sách thành viên,Lọc danh sách thành viên theo vai trò (Owner/Admin/Member),Chức năng,Trung bình,Cộng đồng có thành viên ở nhiều vai trò,"1. Vào tab Thành viên
2. Chọn lọc theo vai trò 'Admin'",-,Chỉ hiển thị các thành viên có vai trò Admin trong cộng đồng đó,Trùng TC-MEMBER-020 (lọc theo vai trò admin)
TC-MEMBER-003,"Thành viên, Hồ sơ & Xếp hạng",Hệ thống điểm,Cộng điểm khi thành viên đăng bài,Chức năng,Trung bình,Thành viên có điểm ban đầu xác định,"1. Ghi nhận điểm hiện tại của thành viên
2. Thành viên đăng 1 bài viết mới
3. Kiểm tra lại điểm",-,Điểm tăng đúng theo quy tắc cộng điểm khi đăng bài,Trùng TC-MEMBER-056 + TC-FEED-019 (+5 điểm đăng bài)
TC-MEMBER-004,"Thành viên, Hồ sơ & Xếp hạng",Hệ thống điểm,Cộng điểm khi bài viết/bình luận của thành viên được thích,Chức năng,Trung bình,Thành viên có bài viết/bình luận,"1. Người khác thích bài viết/bình luận của thành viên
2. Kiểm tra điểm của thành viên đó",-,Điểm tăng đúng theo quy tắc khi nhận được lượt thích,"Trùng TC-FEED-095/TC-MEMBER-056 (+2 điểm nhận like; chỉ BÀI VIẾT, bình luận không có like/điểm)"
TC-MEMBER-005,"Thành viên, Hồ sơ & Xếp hạng",Hệ thống điểm,Cộng điểm khi hoàn thành bài học,Chức năng,Trung bình,Thành viên đang học 1 khóa học,"1. Thành viên đánh dấu hoàn thành 1 bài học
2. Kiểm tra điểm của thành viên",-,Điểm tăng đúng theo quy tắc khi hoàn thành bài học,Trùng TC-COURSE-049 (+3 điểm hoàn thành bài)
TC-MEMBER-006,"Thành viên, Hồ sơ & Xếp hạng",Bảng xếp hạng,Xem bảng xếp hạng theo 7 ngày,Chức năng,Thấp,Có hoạt động ghi nhận điểm trong 7 ngày gần nhất,"1. Vào bảng xếp hạng
2. Chọn khoảng thời gian '7 ngày'",-,"Xếp hạng đúng theo tổng điểm tích lũy trong 7 ngày gần nhất, sắp xếp giảm dần",Trùng TC-MEMBER-038
TC-MEMBER-007,"Thành viên, Hồ sơ & Xếp hạng",Bảng xếp hạng,Xem bảng xếp hạng theo 30 ngày,Chức năng,Thấp,Có hoạt động ghi nhận điểm trong 30 ngày gần nhất,"1. Vào bảng xếp hạng
2. Chọn khoảng thời gian '30 ngày'",-,Xếp hạng đúng theo tổng điểm tích lũy trong 30 ngày gần nhất,Trùng TC-MEMBER-039
TC-MEMBER-008,"Thành viên, Hồ sơ & Xếp hạng",Bảng xếp hạng,Xem bảng xếp hạng mọi thời điểm,Chức năng,Thấp,Có dữ liệu điểm tích lũy,"1. Vào bảng xếp hạng
2. Chọn 'Mọi thời điểm'",-,"Xếp hạng đúng theo tổng điểm từ trước tới nay, sắp xếp giảm dần",Trùng TC-MEMBER-040
TC-MEMBER-009,"Thành viên, Hồ sơ & Xếp hạng",Hệ thống điểm,Điểm không bị trừ khi bỏ thích (unlike) sau khi đã thích,Chức năng,Thấp,Thành viên đã nhận 1 lượt thích và được cộng điểm,"1. Người thích bỏ thích (unlike) bài viết/bình luận đó
2. Kiểm tra lại điểm của thành viên nhận thích",-,Cần xác nhận quy tắc với BA: điểm có bị trừ lại khi unlike hay giữ nguyên — test theo đúng quy tắc đã chốt,"Trùng TC-FEED-096 (điểm chỉ tính lần like đầu, unlike không trừ)"
TC-MEMBER-010,"Thành viên, Hồ sơ & Xếp hạng",Bảng xếp hạng,Xử lý đồng điểm (tie-break) trên bảng xếp hạng,Chức năng,Thấp,Có từ 2 thành viên cùng tổng điểm bằng nhau,"1. Tạo dữ liệu 2 thành viên có điểm bằng nhau
2. Xem bảng xếp hạng",2 thành viên cùng điểm,"Có quy tắc xếp hạng phụ rõ ràng (VD theo thời gian đạt điểm, alphabet...), không hiển thị ngẫu nhiên/không nhất quán",Trùng TC-MEMBER-045 (đồng điểm xếp theo userId tăng dần)
TC-MEMBER-011,"Thành viên, Hồ sơ & Xếp hạng",Danh sách thành viên,Thành viên bị cấm không hiển thị trong danh sách thành viên/bảng xếp hạng,Bảo mật,Trung bình,Có thành viên đã bị Platform Admin cấm,"1. Platform Admin cấm 1 thành viên
2. Kiểm tra danh sách thành viên và bảng xếp hạng của cộng đồng",-,Thành viên bị cấm không còn xuất hiện trong danh sách/bảng xếp hạng công khai,Trùng TC-MEMBER-025/043 (người bị cấm không hiện trong danh sách/xếp hạng)
TC-MEMBER-012,"Thành viên, Hồ sơ & Xếp hạng",Hồ sơ thành viên,Xem hồ sơ công khai của thành viên khác,Chức năng,Thấp,Có 2 thành viên trong cùng cộng đồng,"1. Mở danh sách thành viên
2. Bấm vào 1 thành viên để xem hồ sơ",-,"Hiển thị đúng thông tin công khai, không lộ thông tin riêng tư (email, lịch sử thanh toán...)",Trùng TC-MEMBER-033..037 (hồ sơ công khai)
TC-EVENT-001,Lịch & Sự kiện,Tạo sự kiện,Owner/Admin tạo sự kiện mới đầy đủ thông tin,Chức năng,Cao,Đăng nhập vai trò Owner/Admin,"1. Vào tab Lịch
2. Bấm 'Tạo sự kiện'
3. Nhập tên, thời gian, múi giờ, liên kết họp trực tuyến
4. Lưu",-,Sự kiện được tạo và hiển thị đúng thông tin trên lịch cộng đồng,Trùng TC-EVENT-013/027 (mod+ tạo sự kiện)
TC-EVENT-002,Lịch & Sự kiện,Tạo sự kiện,Giới hạn số lượng người tham dự khi tạo sự kiện,Chức năng,Trung bình,-,"1. Tạo sự kiện mới
2. Đặt giới hạn số lượng tham dự (VD 50 người)
3. Lưu",Giới hạn: 50,"Khi đủ 50 người đăng ký, hệ thống không cho đăng ký thêm (hiển thị 'Đã đầy'/danh sách chờ)",Trùng TC-EVENT-020/053 (sức chứa)
TC-EVENT-003,Lịch & Sự kiện,RSVP,Đăng ký tham dự sự kiện,Chức năng,Cao,"Có sự kiện sắp diễn ra, đã đăng nhập","1. Mở trang sự kiện
2. Bấm 'Đăng ký tham dự'",-,"Trạng thái tham dự được ghi nhận, số lượng đăng ký cập nhật đúng",Trùng TC-EVENT-050/063 (RSVP)
TC-EVENT-004,Lịch & Sự kiện,RSVP,Hủy đăng ký tham dự sự kiện,Chức năng,Trung bình,Đã đăng ký tham dự 1 sự kiện,"1. Mở trang sự kiện đã đăng ký
2. Bấm 'Hủy tham dự'",-,"Trạng thái tham dự bị gỡ, chỗ trống được giải phóng nếu sự kiện có giới hạn số lượng",Trùng TC-EVENT-051/052 (hủy RSVP)
TC-EVENT-006,Lịch & Sự kiện,Đồng bộ lịch,Xuất file .ics của sự kiện,Tích hợp,Thấp,Đã đăng ký tham dự sự kiện,"1. Mở trang sự kiện
2. Bấm 'Tải file .ics'",-,"File .ics tải về hợp lệ, import được vào các ứng dụng lịch khác",Trùng TC-EVENT-065/076 (tải .ics)
TC-EVENT-007,Lịch & Sự kiện,Nhắc lịch,Nhận thông báo/email nhắc trước giờ sự kiện diễn ra,Tích hợp,Trung bình,"Đã đăng ký tham dự, sự kiện sắp diễn ra",1. Chờ tới thời điểm nhắc trước sự kiện theo cấu hình (VD 30 phút/1 ngày trước),-,Nhận được thông báo trong hệ thống và/hoặc email nhắc đúng thời điểm cấu hình,Trùng TC-EVENT-077/084 (nhắc lịch event_reminder trong app; nhắc qua email là TC-EVENT-085)
TC-EVENT-008,Lịch & Sự kiện,Tạo sự kiện,Owner chỉnh sửa thông tin sự kiện đã tạo,Chức năng,Trung bình,Đã tạo 1 sự kiện sắp diễn ra,"1. Owner mở sự kiện đã tạo
2. Sửa thời gian/thông tin
3. Lưu",-,"Thông tin cập nhật đúng, người đã đăng ký tham dự được thông báo về thay đổi",Trùng TC-EVENT-038 (sửa sự kiện)
TC-EVENT-009,Lịch & Sự kiện,Tạo sự kiện,"Owner hủy sự kiện, thông báo tới người đã đăng ký",Chức năng,Cao,Sự kiện có người đã đăng ký tham dự,"1. Owner bấm 'Hủy sự kiện'
2. Xác nhận",-,"Sự kiện chuyển trạng thái Đã hủy, toàn bộ người đã đăng ký nhận được thông báo/email hủy",Trùng TC-EVENT-047 (xóa sự kiện: người RSVP nhận thông báo 'Sự kiện đã bị hủy'; không có trạng thái 'Đã hủy')
TC-EVENT-010,Lịch & Sự kiện,RSVP,Không thể đăng ký tham dự sự kiện đã diễn ra trong quá khứ,Chức năng,Trung bình,Có sự kiện đã qua thời gian diễn ra,"1. Mở trang 1 sự kiện đã diễn ra trong quá khứ
2. Thử bấm 'Đăng ký tham dự'",-,"Nút đăng ký bị ẩn/vô hiệu hóa, không cho đăng ký sự kiện đã qua",Trùng TC-EVENT-058 (sự kiện đã qua)
TC-EVENT-011,Lịch & Sự kiện,Múi giờ,Hiển thị đúng giờ sự kiện theo múi giờ của từng người xem khác nhau,Chức năng,Trung bình,Sự kiện được tạo với múi giờ cụ thể (VD GMT+7),"1. Tạo sự kiện với múi giờ GMT+7, giờ cụ thể
2. Xem trang sự kiện từ tài khoản đặt múi giờ khác (VD GMT+0)",Múi giờ tạo: GMT+7,Giờ hiển thị được quy đổi đúng theo múi giờ người xem (hoặc hiển thị rõ múi giờ gốc nếu không tự quy đổi),Trùng TC-EVENT-089 (múi giờ người xem)
TC-EVENT-012,Lịch & Sự kiện,Giới hạn số lượng tham dự,Đăng ký tham dự khi sự kiện đã đủ số lượng tối đa,Chức năng,Cao,Sự kiện đã đạt giới hạn số lượng tham dự tối đa,"1. Sự kiện đã đủ số lượng đăng ký tối đa
2. Người dùng mới thử bấm 'Đăng ký tham dự'",Đã đủ giới hạn (VD 50/50),"Hiển thị 'Đã đầy'/cho vào danh sách chờ theo đúng thiết kế, không cho vượt giới hạn","Trùng TC-EVENT-053/054/064 (đủ chỗ: 409, không có danh sách chờ)"
TC-NOTI-001,Thông báo & Nhắn tin,Chuông thông báo,Nhận thông báo khi có người bình luận bài viết của mình,Chức năng,Trung bình,Có bài viết của người dùng A,"1. Người dùng B bình luận vào bài viết của A
2. Kiểm tra chuông thông báo của A",-,"A nhận được thông báo mới về bình luận, số đếm chuông thông báo tăng",Trùng TC-FEED-083 (bình luận -> post_commented)
TC-NOTI-002,Thông báo & Nhắn tin,Chuông thông báo,Nhận thông báo khi bài viết/bình luận được thích,Chức năng,Thấp,Có bài viết/bình luận của người dùng A,"1. Người dùng B thích bài viết/bình luận của A
2. Kiểm tra chuông thông báo của A",-,A nhận được thông báo về lượt thích mới,Trùng TC-FEED-095 (like -> post_liked)
TC-NOTI-004,Thông báo & Nhắn tin,Tin nhắn trực tiếp,Gửi tin nhắn 1-1 tới thành viên khác,Chức năng,Trung bình,2 tài khoản cùng ở chung 1 cộng đồng,"1. Mở hồ sơ 1 thành viên
2. Bấm 'Nhắn tin'
3. Nhập nội dung và gửi",-,Tin nhắn được gửi và hiển thị đúng trong khung chat của cả 2 bên,"Trùng TC-NOTI-101/154 (gửi tin 1-1, nút chat ở tab Thành viên)"
TC-NOTI-005,Thông báo & Nhắn tin,Tin nhắn trực tiếp,Nhận tin nhắn trực tiếp theo thời gian thực,Chức năng,Trung bình,Đang mở cuộc trò chuyện 1-1,"1. Người A gửi tin nhắn cho người B đang online
2. Quan sát màn hình của B",-,B nhận được tin nhắn ngay không cần tải lại trang (real-time),Trùng TC-NOTI-146 (realtime SSE tin nhắn)
TC-NOTI-007,Thông báo & Nhắn tin,Email giao dịch,Gửi email hóa đơn sau khi thanh toán thành công,Tích hợp,Trung bình,Vừa thanh toán thành công 1 gói,"1. Thanh toán thành công
2. Kiểm tra hộp thư email",-,"Nhận được email hóa đơn với đầy đủ thông tin giao dịch, số tiền, gói đã mua",Trùng TC-PAY-125 (email hóa đơn - cùng tính năng chưa làm)
TC-NOTI-008,Thông báo & Nhắn tin,Email giao dịch,Gửi email nhắc gia hạn trước ngày thu phí chu kỳ mới,Tích hợp,Trung bình,Có gói sắp tới chu kỳ gia hạn,1. Chờ tới thời điểm nhắc trước gia hạn theo cấu hình,-,Nhận được email nhắc gia hạn trước ngày thu phí thực tế,Trùng TC-PAY-085 (nhắc trước gia hạn - cùng tính năng chưa làm)
TC-NOTI-009,Thông báo & Nhắn tin,Chuông thông báo,Đánh dấu đã đọc một thông báo,Chức năng,Thấp,Có thông báo chưa đọc,"1. Mở chuông thông báo
2. Bấm vào 1 thông báo chưa đọc",-,"Thông báo chuyển trạng thái đã đọc, số đếm chưa đọc giảm tương ứng",Trùng TC-NOTI-027/057 (đánh dấu đã đọc)
TC-NOTI-010,Thông báo & Nhắn tin,Chuông thông báo,Đánh dấu tất cả thông báo đã đọc,Chức năng,Thấp,Có nhiều thông báo chưa đọc,"1. Mở chuông thông báo
2. Bấm 'Đánh dấu tất cả đã đọc'",-,"Toàn bộ thông báo chuyển trạng thái đã đọc, số đếm về 0",Trùng TC-NOTI-032/058 (đọc tất cả)
TC-NOTI-011,Thông báo & Nhắn tin,Tin nhắn trực tiếp,Không thể nhắn tin cho người không cùng cộng đồng nào,Bảo mật,Trung bình,2 tài khoản không chung cộng đồng nào,1. Thử mở khung chat/nhắn tin tới 1 tài khoản không cùng cộng đồng nào với mình,-,"Bị chặn hoặc không có tùy chọn nhắn tin, tuân theo đúng quy tắc quyền riêng tư",Trùng TC-NOTI-093 (không chung cộng đồng 403)
TC-PAY-001,Thanh toán & Gói thành viên,Chọn gói & thanh toán,Thanh toán thành công qua cổng nội địa (PayOS/VNPay/MoMo),Tích hợp,Cao,"Cộng đồng/khóa học có phí, đã chọn gói","1. Chọn gói thành viên
2. Chọn phương thức thanh toán nội địa
3. Quét mã QR / nhập thông tin thẻ
4. Hoàn tất thanh toán trên cổng",-,"Giao dịch thành công, hệ thống nhận webhook và cấp quyền truy cập ngay",Trùng TC-PAY-141/222 (cổng thật - cùng tính năng chưa làm)
TC-PAY-002,Thanh toán & Gói thành viên,Chọn gói & thanh toán,Thanh toán thành công qua Stripe (thẻ quốc tế),Tích hợp,Cao,"Cộng đồng/khóa học có phí, đã chọn gói","1. Chọn gói thành viên
2. Chọn Stripe
3. Nhập thông tin thẻ Visa/Mastercard hợp lệ
4. Xác nhận thanh toán",Thẻ test Stripe hợp lệ,"Giao dịch thành công, quyền truy cập được cấp ngay sau xác nhận",Trùng TC-PAY-141/222 (Stripe thật)
TC-PAY-003,Thanh toán & Gói thành viên,Thanh toán thất bại,Thanh toán thất bại do thẻ hết hạn,Chức năng,Cao,-,"1. Chọn gói thành viên
2. Nhập thông tin thẻ đã hết hạn
3. Xác nhận thanh toán",Thẻ hết hạn,"Giao dịch bị từ chối, hiển thị lỗi rõ ràng, không cấp quyền truy cập",Trùng TC-PAY-050 (cổng từ chối thẻ: 402 PAYMENT_FAILED); lý do cụ thể 'thẻ hết hạn' chỉ có với cổng thật (TC-PAY-141)
TC-PAY-004,Thanh toán & Gói thành viên,Thanh toán thất bại,Thanh toán thất bại do không đủ số dư,Chức năng,Cao,-,"1. Chọn gói thành viên
2. Thanh toán bằng phương thức không đủ số dư",Tài khoản không đủ tiền,"Giao dịch bị từ chối, hiển thị lỗi, không cấp quyền truy cập",Trùng TC-PAY-050 (cổng từ chối); lý do 'không đủ số dư' chỉ có với cổng thật
TC-PAY-005,Thanh toán & Gói thành viên,Thử lại thanh toán,Hệ thống tự động thử lại khi thanh toán định kỳ thất bại,Chức năng,Cao,Có gói đến hạn gia hạn nhưng phương thức thanh toán lỗi,"1. Tới ngày gia hạn với phương thức thanh toán không hợp lệ
2. Quan sát hệ thống trong các ngày tiếp theo",-,"Hệ thống thử lại theo lịch đã định, đồng thời gửi cảnh báo cho thành viên cập nhật phương thức thanh toán","Trùng TC-PAY-083/084 (gia hạn thất bại hiện hết hạn ngay, dunning chưa làm)"
TC-PAY-006,Thanh toán & Gói thành viên,Khóa quyền truy cập,Tạm khóa quyền truy cập sau X lần thanh toán thất bại liên tiếp,Chức năng,Cao,Thanh toán định kỳ thất bại liên tục đủ X lần theo cấu hình,"1. Để thanh toán thất bại liên tục đủ số lần cấu hình (X lần)
2. Kiểm tra quyền truy cập của thành viên",X lần thất bại liên tiếp,Quyền truy cập nội dung có phí bị tạm khóa cho tới khi thanh toán thành công,Trùng TC-PAY-083/084 (cùng chính sách dunning chưa làm)
TC-PAY-007,Thanh toán & Gói thành viên,Dùng thử miễn phí,Kích hoạt đúng số ngày dùng thử miễn phí (VD 7 ngày),Chức năng,Cao,Gói có cấu hình dùng thử miễn phí 7 ngày,"1. Đăng ký gói có dùng thử miễn phí
2. Kiểm tra ngày bắt đầu tính phí hiển thị",Dùng thử: 7 ngày,"Không bị tính phí trong 7 ngày đầu, chỉ thu phí đúng vào ngày thứ 8 nếu không hủy",Trùng TC-PAY-058 (dùng thử 7 ngày)
TC-PAY-008,Thanh toán & Gói thành viên,Hủy trong thời gian dùng thử,Hủy trong thời gian dùng thử không mất phí,Chức năng,Cao,Đang trong thời gian dùng thử miễn phí,"1. Vào 'Gói của tôi'
2. Bấm Hủy trong lúc còn hạn dùng thử",-,"Hủy thành công, không phát sinh bất kỳ khoản phí nào, không có giao dịch được tạo",Trùng TC-PAY-078 (hủy trong dùng thử)
TC-PAY-009,Thanh toán & Gói thành viên,Hủy sau khi đã thanh toán,Hủy gói sau khi đã thanh toán vẫn còn quyền truy cập tới hết chu kỳ,Chức năng,Cao,Đã thanh toán ít nhất 1 chu kỳ,"1. Vào 'Gói của tôi'
2. Bấm Hủy gói
3. Xác nhận hủy",-,"Không bị thu phí chu kỳ tiếp theo, nhưng vẫn giữ quyền truy cập tới hết ngày cuối chu kỳ đã trả",Trùng TC-PAY-073 (hủy cuối kỳ vẫn còn quyền)
TC-PAY-010,Thanh toán & Gói thành viên,Gia hạn tự động,Gia hạn tự động thu phí đúng vào ngày tới hạn,Chức năng,Cao,"Gói đang active, chưa hủy, tới ngày gia hạn","1. Chờ tới đúng ngày gia hạn chu kỳ
2. Kiểm tra giao dịch phát sinh và quyền truy cập",-,"Hệ thống tự động thu phí đúng ngày, quyền truy cập tiếp tục không gián đoạn nếu thanh toán thành công",Trùng TC-PAY-081 (scheduler gia hạn)
TC-PAY-011,Thanh toán & Gói thành viên,Thông báo trước gia hạn,Gửi thông báo nhắc trước khi thu phí chu kỳ mới,Tích hợp,Trung bình,Gói sắp tới ngày gia hạn,1. Chờ tới thời điểm nhắc trước cấu hình (VD 3 ngày trước),-,Thành viên nhận được thông báo/email nhắc trước đúng thời điểm,Trùng TC-PAY-085 (nhắc trước gia hạn)
TC-PAY-012,Thanh toán & Gói thành viên,Quản lý gói của tôi,"Xem thông tin gói hiện tại (giá, chu kỳ, ngày gia hạn)",Chức năng,Trung bình,Đang có gói active,1. Vào 'Gói của tôi',-,"Hiển thị chính xác gói đang dùng, giá, chu kỳ, ngày gia hạn tiếp theo",Trùng TC-PAY-122/142 (Gói của tôi)
TC-PAY-013,Thanh toán & Gói thành viên,Quản lý gói của tôi,Đổi phương thức thanh toán,Chức năng,Trung bình,Chưa làm (Kế hoạch): chưa có trang/endpoint đổi phương thức thanh toán (MockGateway); đang có gói active,"1. Vào 'Gói của tôi'
2. Chọn 'Đổi phương thức thanh toán'
3. Nhập phương thức mới
4. Lưu",-,"Phương thức thanh toán mới được lưu, áp dụng cho lần thu phí tiếp theo","Chuyển sang chuyển khoản VietQR: gói thành viên không còn ""phương thức thanh toán"" để đổi (không lưu thẻ cho thành viên); mỗi kỳ trả bằng phiên/hóa đơn QR - thay bằng TC-BANK-045"
TC-PAY-014,Thanh toán & Gói thành viên,Trang doanh thu Owner,"Trang 'Doanh thu của tôi' hiển thị đúng số dư, lịch sử giao dịch",Chức năng,Cao,Owner có giao dịch phát sinh từ cộng đồng,"1. Đăng nhập với vai trò Owner
2. Vào trang Doanh thu của tôi",-,"Số dư, lịch sử giao dịch, lịch rút tiền tiếp theo khớp đúng với dữ liệu giao dịch thực tế",Trùng TC-PAY-161 (dashboard doanh thu)
TC-PAY-015,Thanh toán & Gói thành viên,Rút tiền (Payout),Rút tiền thành công khi đủ ngưỡng tối thiểu,Chức năng,Cao,Số dư Owner >= ngưỡng rút tối thiểu,"1. Vào trang Doanh thu của tôi
2. Bấm 'Rút tiền'
3. Nhập thông tin tài khoản nhận
4. Xác nhận",Số dư >= ngưỡng tối thiểu,"Yêu cầu rút tiền được tạo, số dư trừ đúng số tiền rút, sau trừ hoa hồng nền tảng và phí cổng thanh toán",Trùng TC-PAY-167 (rút tiền hợp lệ)
TC-PAY-016,Thanh toán & Gói thành viên,Rút tiền (Payout),Không cho rút tiền khi chưa đủ ngưỡng tối thiểu,Chức năng,Trung bình,Số dư Owner < ngưỡng rút tối thiểu,"1. Vào trang Doanh thu của tôi
2. Bấm 'Rút tiền'",Số dư < ngưỡng tối thiểu,"Hệ thống chặn yêu cầu rút tiền, hiển thị rõ ngưỡng tối thiểu cần đạt",Trùng TC-PAY-169 (dưới ngưỡng $50)
TC-PAY-017,Thanh toán & Gói thành viên,Webhook thanh toán,Xử lý webhook idempotent — không cấp quyền/tính phí 2 lần khi webhook gửi trùng,Bảo mật,Cao,Cổng thanh toán gửi trùng 1 webhook xác nhận thanh toán (retry),1. Giả lập cổng thanh toán gửi 2 lần cùng 1 webhook xác nhận thành công cho cùng 1 giao dịch,Webhook trùng ID giao dịch,"Hệ thống chỉ xử lý đúng 1 lần, không cấp quyền truy cập/ghi nhận doanh thu 2 lần",Trùng TC-PAY-127 (webhook trùng event id)
TC-PAY-018,Thanh toán & Gói thành viên,Webhook thanh toán,Từ chối webhook có chữ ký không hợp lệ,Bảo mật,Cao,-,1. Gửi request giả tới endpoint webhook thanh toán với chữ ký (signature) sai/không có,-,"Hệ thống từ chối xử lý, không cấp quyền truy cập, ghi log cảnh báo bất thường",Trùng TC-PAY-129 (webhook chữ ký sai)
TC-PAY-020,Thanh toán & Gói thành viên,Hoàn tiền,Platform Admin thực hiện hoàn tiền cho trường hợp đặc biệt,Chức năng,Trung bình,"Có giao dịch đã thanh toán, Platform Admin xét duyệt hoàn tiền","1. Platform Admin vào quản lý giao dịch
2. Chọn 1 giao dịch, thực hiện hoàn tiền có ghi lý do",-,"Giao dịch chuyển trạng thái đã hoàn tiền, tiền được hoàn qua cổng thanh toán gốc, thành viên nhận thông báo",Trùng TC-PAY-088 (hoàn tiền tự duyệt) và TC-PAY-100 (admin duyệt)
TC-PAY-021,Thanh toán & Gói thành viên,Đơn vị tiền tệ,"Hiển thị đúng đơn vị tiền tệ theo thị trường (VNĐ nội địa, USD Stripe)",Giao diện,Trung bình,Cộng đồng cấu hình giá theo cả 2 loại cổng thanh toán,"1. Xem trang chọn gói khi thanh toán qua cổng nội địa
2. Xem trang chọn gói khi thanh toán qua Stripe",-,Hiển thị đúng đơn vị tiền tệ và mức giá tương ứng cho từng cổng thanh toán,Trùng TC-PAY-165 (hiển thị USD) và TC-PAY-166 (đa tiền tệ - chưa làm)
TC-PAY-022,Thanh toán & Gói thành viên,Nhiều cộng đồng,"Thành viên tham gia trả phí nhiều cộng đồng cùng lúc, mỗi gói tính phí độc lập",Chức năng,Trung bình,Thành viên đã tham gia trả phí cộng đồng A,"1. Thành viên tham gia trả phí thêm cộng đồng B
2. Kiểm tra 'Gói của tôi'",-,"Hiển thị đúng 2 gói riêng biệt của cộng đồng A và B, thu phí/gia hạn độc lập nhau",Trùng TC-PAY-148 (nhiều gói độc lập)
TC-PAY-023,Thanh toán & Gói thành viên,Thanh toán,Chặn thanh toán trùng khi bấm nút 'Thanh toán' nhiều lần liên tiếp,Chức năng,Cao,Đang ở màn hình xác nhận thanh toán,1. Bấm rất nhanh nhiều lần liên tiếp vào nút 'Thanh toán',-,"Chỉ tạo đúng 1 giao dịch/1 lần bị trừ tiền, nút bị vô hiệu hóa ngay sau lần bấm đầu tiên",Trùng TC-PAY-056 (double submit)
TC-PAY-024,Thanh toán & Gói thành viên,Dùng thử miễn phí,Không cho dùng thử miễn phí lần 2 cho cùng 1 tài khoản trên cùng 1 gói,Chức năng,Cao,Tài khoản đã từng dùng thử miễn phí gói này và đã hủy/hết hạn,"1. Tài khoản đã từng dùng thử gói X trước đó
2. Đăng ký tham gia lại gói X",-,"Không được cấp thêm thời gian dùng thử miễn phí lần 2, vào thẳng thanh toán ngay (đúng chính sách chống lạm dụng)",Trùng TC-PAY-060 (không dùng thử lần 2)
TC-PAY-025,Thanh toán & Gói thành viên,Trang doanh thu Owner,Owner chỉ xem được doanh thu của cộng đồng mình sở hữu,Bảo mật,Cao,"Owner A sở hữu cộng đồng A, có cộng đồng B của Owner khác","1. Đăng nhập Owner A
2. Thử truy cập URL trang doanh thu của cộng đồng B (sửa ID trên URL)",-,"Bị từ chối truy cập (403), không xem được số liệu doanh thu của cộng đồng B",Trùng TC-PAY-207 (Owner cộng đồng khác 403)
TC-PAY-026,Thanh toán & Gói thành viên,Rút tiền (Payout),Không cho rút tiền vượt quá số dư khả dụng hiện tại,Chức năng,Cao,Owner có số dư khả dụng xác định,"1. Owner vào trang Doanh thu
2. Nhập số tiền rút lớn hơn số dư khả dụng
3. Xác nhận",Số tiền rút > số dư,"Hệ thống từ chối yêu cầu, báo lỗi vượt quá số dư khả dụng",Trùng TC-PAY-170 (vượt số dư khả dụng 400)
TC-ADMIN-001,Quản trị & Vận hành hệ thống,Kiểm duyệt nội dung,Thành viên báo cáo bài viết vi phạm,Chức năng,Trung bình,Có bài viết trên bảng tin,"1. Mở 1 bài viết
2. Bấm 'Báo cáo'
3. Chọn lý do và gửi",-,Báo cáo được ghi nhận và chuyển tới hàng đợi kiểm duyệt của Platform Admin,Trùng TC-ADMIN-013 (báo cáo bài viết)
TC-ADMIN-002,Quản trị & Vận hành hệ thống,Kiểm duyệt nội dung,Platform Admin ẩn/xóa nội dung vi phạm,Chức năng,Cao,Có nội dung bị báo cáo vi phạm,"1. Đăng nhập Platform Admin
2. Vào hàng đợi kiểm duyệt
3. Chọn 1 nội dung vi phạm
4. Ẩn/Xóa",-,"Nội dung bị ẩn/xóa khỏi hệ thống ngay, không còn hiển thị cho người dùng khác",Trùng TC-ADMIN-039 (mod ẩn bài) và nhóm TC-ADM2 Nội dung (admin gỡ nội dung)
TC-ADMIN-003,Quản trị & Vận hành hệ thống,Kiểm duyệt nội dung,Platform Admin cấm (ban) một thành viên vi phạm,Chức năng,Cao,Có thành viên vi phạm nghiêm trọng,"1. Đăng nhập Platform Admin
2. Tìm thành viên vi phạm
3. Thực hiện cấm tài khoản",-,Tài khoản bị cấm không thể đăng nhập/hoạt động trên toàn nền tảng,"Trùng nhóm TC-ADM (Người dùng: tạm ngưng/cấm toàn nền tảng, thu hồi phiên - cũng thay TC-ADMIN-076)"
TC-ADMIN-004,Quản trị & Vận hành hệ thống,Kiểm duyệt nội dung,"Platform Admin khóa/gỡ cộng đồng vi phạm, không phụ thuộc quyết định của Owner",Bảo mật,Cao,Có cộng đồng vi phạm chính sách nền tảng,"1. Đăng nhập Platform Admin
2. Tìm cộng đồng vi phạm
3. Thực hiện khóa/gỡ cộng đồng",-,"Cộng đồng bị khóa/gỡ ngay lập tức dù Owner không đồng ý, đúng theo quy tắc quyền tối cao của Platform Admin",Trùng TC-ADMIN-058 + nhóm TC-ADM (Cộng đồng: tạm ngưng/xóa/khôi phục)
TC-ADMIN-005,Quản trị & Vận hành hệ thống,Tìm kiếm toàn nền tảng,"Tìm kiếm đồng thời khóa học, cộng đồng, bài viết trong 1 ô tìm kiếm",Chức năng,Trung bình,Dữ liệu có đủ khóa học/cộng đồng/bài viết khớp từ khóa,"1. Vào ô tìm kiếm toàn nền tảng (header)
2. Nhập từ khóa khớp cả 3 loại dữ liệu",-,"Kết quả trả về gộp cả khóa học, cộng đồng, bài viết liên quan, phân nhóm rõ ràng","Trùng nhóm TC-SEARCH (tìm toàn cục: khóa học, thành viên, bài viết)"
TC-ADMIN-007,Quản trị & Vận hành hệ thống,Trang quản trị nội bộ,Platform Admin theo dõi tổng quan hoạt động toàn nền tảng,Chức năng,Trung bình,Đăng nhập Platform Admin,"1. Vào trang quản trị nội bộ
2. Kiểm tra các số liệu tổng quan (người dùng, cộng đồng, giao dịch, báo cáo)",-,"Số liệu hiển thị chính xác, cập nhật theo thời gian thực hoặc gần thực",Trùng TC-ADM-038..057 (Bảng điều khiển) và TC-ADMIN-074
TC-ADMIN-008,Quản trị & Vận hành hệ thống,Kiểm duyệt nội dung,Khôi phục lại nội dung đã ẩn/xóa nhầm (nếu có tính năng),Chức năng,Thấp,Có nội dung đã bị Platform Admin ẩn/xóa,"1. Platform Admin vào nhật ký kiểm duyệt
2. Chọn nội dung đã ẩn/xóa
3. Khôi phục",-,Nội dung hiển thị trở lại bình thường cho người dùng,Trùng TC-ADMIN-052 (bỏ ẩn bài) và TC-ADM2 (khôi phục nội dung gỡ)
TC-ADMIN-009,Quản trị & Vận hành hệ thống,Kiểm duyệt nội dung,Ghi log đầy đủ hành động kiểm duyệt (audit trail),Bảo mật,Trung bình,Platform Admin vừa thực hiện 1 hành động kiểm duyệt,"1. Platform Admin ẩn/xóa 1 nội dung hoặc cấm 1 tài khoản
2. Kiểm tra nhật ký/audit log hệ thống",-,"Log ghi nhận đầy đủ: người thực hiện, thời gian, đối tượng, hành động — phục vụ tra soát sau này","Trùng nhóm TC-ADM Audit log (/admin/audit-logs đã làm, ghi người/hành động/đối tượng)"
TC-ADMIN-010,Quản trị & Vận hành hệ thống,Tìm kiếm toàn nền tảng,Kết quả tìm kiếm tôn trọng quyền riêng tư của cộng đồng riêng tư,Bảo mật,Cao,"Có nội dung thuộc cộng đồng riêng tư, người tìm kiếm chưa tham gia","1. Đăng nhập tài khoản chưa tham gia cộng đồng riêng tư
2. Tìm kiếm từ khóa khớp với nội dung trong cộng đồng riêng tư đó",-,Kết quả không hiển thị nội dung riêng tư mà người dùng chưa có quyền xem,Trùng TC-SEARCH-028/045 (tìm kiếm tôn trọng quyền riêng tư)
TC-ADMIN-011,Quản trị & Vận hành hệ thống,Trang quản trị nội bộ,Chỉ Platform Admin mới truy cập được trang quản trị nội bộ,Bảo mật,Cao,Tài khoản Owner/Admin thường (không phải Platform Admin),"1. Đăng nhập tài khoản Owner (không phải Platform Admin)
2. Truy cập trực tiếp URL trang quản trị nội bộ hệ thống",-,"Bị từ chối truy cập/chuyển hướng, không vào được trang quản trị nội bộ",Trùng TC-ADMIN-056 và TC-ADM-008 (chỉ nhân viên admin vào /admin)
TC-SEC-001,Bảo mật & Yêu cầu phi chức năng,Bảo mật mật khẩu,"Mật khẩu được mã hóa (hash), không ai xem được mật khẩu gốc kể cả Platform Admin",Bảo mật,Cao,Có quyền truy cập cơ sở dữ liệu (môi trường test),"1. Đăng ký 1 tài khoản với mật khẩu biết trước
2. Kiểm tra giá trị lưu trong cơ sở dữ liệu/qua trang quản trị nội bộ",-,"Chỉ thấy giá trị hash, không thể suy ra được mật khẩu gốc dưới bất kỳ hình thức nào","Trùng TC-SEC-035 (bcrypt cost 10, không lưu mật khẩu thô) và TC-SEC-032/067"
TC-SEC-006,Bảo mật & Yêu cầu phi chức năng,Phân quyền theo cộng đồng,Một người là Owner ở cộng đồng A nhưng chỉ là Thành viên ở cộng đồng B,Bảo mật,Cao,"Tài khoản là Owner của cộng đồng A, đồng thời là Member của cộng đồng B","1. Đăng nhập tài khoản đó
2. Vào cộng đồng A, thực hiện thao tác quyền Owner (VD sửa khóa học)
3. Vào cộng đồng B, thử thực hiện thao tác quyền Owner tương tự",-,"Thao tác thành công ở cộng đồng A, nhưng bị từ chối ở cộng đồng B (chỉ có quyền Thành viên thường)","Trùng TC-ROLE-057 (vai trò theo từng cộng đồng, Owner A không có quyền ở cộng đồng khác) và TC-ROLE-058"
TC-ROLE-001,Ma trận phân quyền & Bảo mật nâng cao,Ma trận quyền,Guest không thể đăng bài/bình luận/thích — bị chuyển hướng đăng nhập,Bảo mật,Cao,Chưa đăng nhập,"1. Ở chế độ Khách, mở 1 bài viết công khai
2. Thử bấm Thích hoặc nhập bình luận",-,"Bị chặn thao tác, chuyển hướng sang trang đăng nhập/đăng ký",Trùng TC-ROLE-053/093 (khách bị 401/chuyển đăng nhập)
TC-ROLE-002,Ma trận phân quyền & Bảo mật nâng cao,Ma trận quyền,Member không truy cập được trang Cài đặt cộng đồng khi chỉ là thành viên thường,Bảo mật,Cao,Tài khoản là Member thường của 1 cộng đồng,"1. Đăng nhập Member thường
2. Truy cập trực tiếp URL trang Cài đặt cộng đồng",-,Bị từ chối truy cập (403) hoặc không thấy menu Cài đặt,Trùng TC-ROLE-090 (trang Cài đặt cộng đồng chặn member)
TC-ROLE-003,Ma trận phân quyền & Bảo mật nâng cao,Ma trận quyền,Admin không có quyền xem/đổi giá cộng đồng khi chưa được Owner cấp quyền,Bảo mật,Cao,Admin chưa được cấp quyền quản lý giá,"1. Đăng nhập Admin chưa được cấp quyền giá
2. Truy cập trang cài đặt giá cộng đồng",-,"Bị từ chối truy cập/chỉnh sửa, đúng theo nguyên tắc phân quyền mặc định trong BRD mục 2",Trùng TC-ROLE-038 + TC-COMM-058 (admin không đổi giá)
TC-ROLE-004,Ma trận phân quyền & Bảo mật nâng cao,Ma trận quyền,Admin không thể xóa cộng đồng (quyền Owner-only),Bảo mật,Cao,Đăng nhập Admin của 1 cộng đồng,"1. Admin truy cập cài đặt cộng đồng
2. Tìm/thử gọi API xóa cộng đồng",-,Không có tùy chọn xóa cộng đồng trên giao diện; gọi API trực tiếp cũng bị từ chối,Trùng TC-ROLE-046 + TC-COMM-066 (chỉ Owner/Platform Admin xóa)
TC-ROLE-005,Ma trận phân quyền & Bảo mật nâng cao,Ma trận quyền,Owner cộng đồng A không thể kiểm duyệt/quản lý cộng đồng B,Bảo mật,Cao,"Owner A sở hữu cộng đồng A, có cộng đồng B của Owner khác","1. Đăng nhập Owner A
2. Truy cập trực tiếp URL trang quản trị của cộng đồng B (sửa ID)",-,"Bị từ chối truy cập, không thấy hoặc không thao tác được với dữ liệu cộng đồng B",Trùng TC-ROLE-057 (Owner cộng đồng A không quản trị cộng đồng B)
TC-ROLE-006,Ma trận phân quyền & Bảo mật nâng cao,Ma trận quyền,Platform Admin truy cập được dữ liệu quản trị của mọi cộng đồng bất kể có phải thành viên,Chức năng,Cao,Platform Admin không phải thành viên của cộng đồng X,"1. Đăng nhập Platform Admin
2. Truy cập trang quản trị/kiểm duyệt của cộng đồng X",-,"Truy cập thành công, đúng theo quyền vận hành toàn nền tảng",Trùng TC-ROLE-056 (Platform Admin qua requireMembership)
TC-ROLE-007,Ma trận phân quyền & Bảo mật nâng cao,IDOR,Người dùng A không xem được thông tin thanh toán/gói của người dùng B qua sửa ID trên URL,Bảo mật,Cao,"2 tài khoản A, B đều có gói đang active","1. Đăng nhập A, vào trang 'Gói của tôi', ghi nhận định dạng URL/ID
2. Sửa ID trên URL thành ID tương ứng của B
3. Tải lại trang",-,"Bị từ chối truy cập (403) hoặc trả về lỗi, không hiển thị dữ liệu thanh toán của B",Trùng TC-ROLE-061 (hóa đơn/giao dịch người khác 403)
TC-ROLE-009,Ma trận phân quyền & Bảo mật nâng cao,IDOR,Không xem được tin nhắn trực tiếp giữa 2 người khác qua sửa ID cuộc trò chuyện,Bảo mật,Cao,"Có cuộc trò chuyện giữa B và C, đăng nhập bằng A","1. Đăng nhập A
2. Sửa ID cuộc trò chuyện trên URL/API thành ID cuộc trò chuyện giữa B và C",-,"Bị từ chối truy cập, A không đọc được nội dung tin nhắn giữa B và C",Trùng TC-ROLE-063 (hội thoại người khác 404)
TC-ROLE-010,Ma trận phân quyền & Bảo mật nâng cao,Privilege escalation,Member không gọi được trực tiếp API dành riêng cho Admin/Owner,Bảo mật,Cao,"Đăng nhập Member thường, biết endpoint API quản trị","1. Đăng nhập Member thường
2. Dùng Postman/DevTools gọi trực tiếp API vốn chỉ hiện trên giao diện Admin",-,"API trả về lỗi từ chối quyền (403), không thực hiện hành động",Trùng TC-COURSE-087 và các case ma trận TC-ROLE-032..046 (member gọi API quản trị bị 403)
TC-ROLE-011,Ma trận phân quyền & Bảo mật nâng cao,JWT/Token,Sửa đổi claim vai trò (role) trong token không nâng được quyền thực tế,Bảo mật,Cao,Có access token hợp lệ của tài khoản Member,"1. Giải mã token, sửa trường role từ 'member' thành 'admin'/'platform_admin'
2. Dùng token đã sửa gọi API quản trị",-,"Token bị coi là không hợp lệ do sai chữ ký (signature), bị từ chối ngay — quyền được xác thực ở server, không dựa vào claim client gửi lên","Trùng TC-ROLE-082/083 + TC-SEC-020/023 (sửa claim role, quyền lấy từ DB)"
TC-ROLE-012,Ma trận phân quyền & Bảo mật nâng cao,CSRF,Các API thay đổi trạng thái (POST/PUT/DELETE) được bảo vệ chống CSRF,Bảo mật,Cao,Đã đăng nhập trên trình duyệt A,"1. Dựng 1 trang HTML bên ngoài tự động submit POST tới API thay đổi trạng thái (VD đổi email) khi nạn nhân đang đăng nhập
2. Cho nạn nhân mở trang đó",-,"Request bị từ chối do thiếu CSRF token hợp lệ/kiểm tra origin, không thực hiện được thay đổi ngoài ý muốn","Trùng TC-ROLE-086 (CSRF: API dùng Bearer, không dựa cookie)"
TC-ROLE-013,Ma trận phân quyền & Bảo mật nâng cao,Rate limiting,Giới hạn tần suất gọi API tìm kiếm/đăng ký để chống lạm dụng,Bảo mật,Trung bình,-,1. Gọi liên tục API tìm kiếm hoặc đăng ký tài khoản với tần suất rất cao trong thời gian ngắn (script tự động),-,"Sau ngưỡng nhất định, hệ thống trả về lỗi 429 (Too Many Requests) hoặc yêu cầu captcha, chặn spam","Trùng TC-SEARCH-019 (40 req/phút), TC-GAME-066..069 (nhóm ghi) và TC-SEC-055/056 (đăng nhập/quên mật khẩu)"
TC-ROLE-014,Ma trận phân quyền & Bảo mật nâng cao,Upload file,Từ chối upload file thực thi/nguy hiểm giả dạng ảnh (VD .exe/.php đổi tên .jpg),Bảo mật,Cao,"Có chức năng upload file (ảnh đại diện, tệp bài học...)","1. Chọn upload 1 file .exe/.php đổi tên thành .jpg
2. Thực hiện upload",File giả mạo đuôi ảnh,"Hệ thống kiểm tra loại file thực tế (không chỉ theo đuôi tên file), từ chối file không hợp lệ","Trùng TC-UPLOAD-012/015 (chặn .exe/.php, magic bytes)"
TC-ROLE-015,Ma trận phân quyền & Bảo mật nâng cao,Upload file,Giới hạn dung lượng file upload tối đa,Chức năng,Trung bình,-,1. Upload 1 file vượt quá giới hạn dung lượng cho phép (VD > 10MB cho ảnh),File > giới hạn quy định,"Hệ thống từ chối, báo lỗi rõ ràng về giới hạn dung lượng, không làm treo server",Trùng TC-UPLOAD-024 (413 vượt dung lượng)
TC-ROLE-016,Ma trận phân quyền & Bảo mật nâng cao,Ma trận quyền,Ma trận tổng hợp: mỗi vai trò chỉ thấy đúng menu/chức năng được phép trên giao diện,Giao diện,Trung bình,Có đủ 5 loại tài khoản test tương ứng 5 vai trò,"1. Lần lượt đăng nhập bằng từng vai trò: Guest, Member, Owner, Admin, Platform Admin
2. Đối chiếu menu/nút chức năng hiển thị với bảng quyền hạn ở BRD mục 2",-,"Mỗi vai trò chỉ thấy đúng menu/chức năng theo đúng bảng quyền hạn đã mô tả trong BRD, không thừa không thiếu",Trùng TC-ROLE-089/092 (ẩn/hiện menu theo vai trò)
TC-ROLE-017,Ma trận phân quyền & Bảo mật nâng cao,Dữ liệu nhạy cảm,API danh sách thành viên không trả về các trường nhạy cảm ra ngoài,Bảo mật,Cao,-,"1. Gọi API lấy danh sách/chi tiết thành viên (qua DevTools Network)
2. Kiểm tra toàn bộ response body",-,"Response không chứa mật khẩu (hash), token nội bộ hay dữ liệu nhạy cảm không cần thiết cho client",Trùng TC-SEC-032/067 và TC-MEMBER-027/029 (không lộ trường nhạy cảm)
TC-ROLE-018,Ma trận phân quyền & Bảo mật nâng cao,Đăng xuất bảo mật,Back trình duyệt trên thiết bị dùng chung không để lộ lại dữ liệu qua cache,Bảo mật,Trung bình,Đăng nhập trên máy tính dùng chung,"1. Đăng nhập, xem 1 trang có dữ liệu cá nhân
2. Đăng xuất
3. Bấm nút Back của trình duyệt nhiều lần",-,"Không hiển thị lại dữ liệu cá nhân đã cache, yêu cầu đăng nhập lại nếu muốn xem",Trùng TC-AUTH-018 (back sau đăng xuất)
TC-INTEG-001,API / Tích hợp & Concurrency,Concurrency,2 người thanh toán cùng lúc cho suất cuối cùng của sự kiện giới hạn số lượng,Chức năng,Cao,Sự kiện chỉ còn đúng 1 chỗ trống,1. 2 tài khoản khác nhau bấm 'Đăng ký tham dự' gần như đồng thời khi chỉ còn 1 chỗ trống,Chỉ còn 1 chỗ trống,"Chỉ đúng 1 người đăng ký thành công, người còn lại nhận thông báo đã hết chỗ/vào danh sách chờ, không vượt giới hạn (race condition)",Trùng TC-INTEG-014 + TC-EVENT-055/056 (race chỗ cuối)
TC-INTEG-003,API / Tích hợp & Concurrency,Webhook,Webhook thanh toán đến trước khi trình duyệt người dùng redirect quay lại,Tích hợp,Cao,Giả lập cổng thanh toán gửi webhook nhanh hơn thời gian redirect trình duyệt,"1. Kích hoạt thanh toán
2. Giả lập webhook xác nhận thành công tới hệ thống trước khi người dùng được redirect về trang kết quả",-,"Hệ thống vẫn cấp quyền truy cập đúng dựa trên webhook, trang kết quả khi người dùng quay lại hiển thị đúng trạng thái đã thành công",Trùng TC-PAY-126 (webhook đến trước redirect)
TC-INTEG-004,API / Tích hợp & Concurrency,Webhook,Cổng thanh toán retry webhook do không nhận được phản hồi 200 kịp thời,Tích hợp,Trung bình,Endpoint webhook phản hồi chậm/timeout ở lần gọi đầu,"1. Giả lập endpoint webhook xử lý chậm gây timeout ở request đầu tiên
2. Quan sát cổng thanh toán gửi lại request retry",-,"Request retry được xử lý idempotent đúng như case webhook trùng lặp, không cấp quyền/tính phí thêm lần nữa",Trùng TC-INTEG-032 + TC-PAY-127 (retry webhook idempotent)
TC-INTEG-005,API / Tích hợp & Concurrency,Transaction rollback,Thanh toán thành công nhưng cấp quyền truy cập thất bại — hệ thống xử lý nhất quán,Chức năng,Cao,Giả lập lỗi ở bước cấp quyền sau khi ghi nhận thanh toán thành công,1. Giả lập lỗi hệ thống ngay sau khi ghi nhận thanh toán thành công nhưng trước khi cấp quyền truy cập hoàn tất,-,"Có cơ chế retry/đối soát đảm bảo người dùng vẫn được cấp quyền đúng với số tiền đã thanh toán, hoặc cảnh báo cho vận hành xử lý thủ công — không để mất tiền mà không có quyền truy cập",Trùng TC-MONEY-109/110 (charge xong settle lỗi: reconcileUnsettledCharges) - tính năng đã làm nên không còn là 'Kế hoạch'
TC-INTEG-009,API / Tích hợp & Concurrency,Real-time,Tin nhắn/thông báo real-time tự kết nối lại sau khi mất mạng tạm thời,Tích hợp,Trung bình,Đang mở kết nối real-time (WebSocket) cho chat/thông báo,"1. Đang trong phiên chat/nhận thông báo real-time
2. Ngắt mạng trong vài giây rồi kết nối lại",-,"Kết nối tự động thiết lập lại, không mất tin nhắn/thông báo phát sinh trong lúc mất kết nối (đồng bộ lại khi online)",Trùng TC-INTEG-039 + TC-NOTI-084 (SSE tự kết nối lại)
TC-INTEG-010,API / Tích hợp & Concurrency,Phân trang dưới tải,Phân trang không trùng/thiếu dữ liệu khi có bản ghi mới thêm liên tục khi đang cuộn,Chức năng,Thấp,Bảng tin/danh sách đang có dữ liệu mới liên tục được thêm vào,"1. Người dùng đang xem trang 1 danh sách
2. Trong lúc đó có bài viết/khóa học mới được thêm vào hệ thống
3. Chuyển sang trang 2",-,"Không hiển thị trùng lặp bản ghi giữa các trang, không bị nhảy/mất bản ghi một cách bất thường",Trùng TC-FEED-131 (phân trang cursor không trùng/sót)
TC-INTEG-011,API / Tích hợp & Concurrency,Refresh token race condition,Nhiều request song song cùng dùng 1 refresh token không tạo lỗi/session thừa,Bảo mật,Trung bình,"Access token vừa hết hạn, có nhiều tab/request gọi API gần như đồng thời","1. Mở nhiều tab cùng 1 tài khoản khi access token vừa hết hạn
2. Cả nhiều tab cùng lúc gọi API refresh token gần như đồng thời",-,"Hệ thống xử lý nhất quán (chỉ 1 request refresh thành công, các request khác nhận lại access token mới hợp lệ hoặc lỗi rõ ràng để retry), không văng lỗi hàng loạt hay tạo token thừa không kiểm soát",Trùng TC-INTEG-030 + TC-SEC-026 (refresh song song chỉ 1 thắng)
TC-INTEG-012,API / Tích hợp & Concurrency,Hiệu năng tải cao,Hệ thống ổn định khi nhiều người dùng tìm kiếm/khám phá đồng thời (load test cơ bản),Hiệu năng,Trung bình,Môi trường test có công cụ load test,1. Dùng công cụ load test giả lập ~100-200 người dùng đồng thời gọi API tìm kiếm/trang khám phá trong vài phút,~100-200 concurrent users,"Thời gian phản hồi vẫn ở mức chấp nhận được, không có lỗi 5xx hàng loạt, hệ thống không sập",Trùng TC-PERF-090 (50 người dùng đồng thời) và TC-PERF-055 (ngưỡng thời gian)
TC-AUTH-062,Tài khoản & Xác thực,Đăng nhập,Thành viên minh họa (isDemo) không đăng nhập được dù dùng mật khẩu chung,Bảo mật,Trung bình,Seed có thành viên minh họa email seed-photo-0@demo.sofinhub.invalid (id demo-photo-0),1. POST /api/auth/login với seed-photo-0@demo.sofinhub.invalid / Passw0rd!x,seed-photo-0@demo.sofinhub.invalid / Passw0rd!x,"HTTP 401 'Email hoặc mật khẩu không đúng' (cờ isDemo chặn login), không có accessToken, không tạo Session.","Trùng với TC-MEMBER-060 (cùng POST /auth/login bằng seed-photo-0@demo.sofinhub.invalid, 401); MEMBER-060 đầy đủ hơn (thêm mật khẩu rỗng/'!demo-account-cannot-login' và đăng ký lại 409). Code: auth.service.ts:72 chặn isDemo."
TC-AUTH-090,Tài khoản & Xác thực,Hồ sơ công khai,Người bị ban khỏi photo không thấy photo trong hồ sơ công khai của họ,Chức năng,Trung bình,Đăng nhập member1; biết id của banned@sofinhub.test,1. GET /api/users/<bannedId>,id của banned@sofinhub.test,"HTTP 200, name='Bao Banned', communities KHÔNG chứa photo (listByUser loại người bị ban).",Trùng TC-MEMBER-036 (hồ sơ người bị cấm không liệt kê photo; MEMBER-036 còn kiểm totalPoints=0). Code: users.service.ts publicProfile + enrollment listByUser loại người bị cấm.
TC-AUTH-095,Tài khoản & Xác thực,Cộng đồng của tôi,"GET /me/enrollments của member1: 3 cộng đồng, vai trò member, progressPct nguyên 0-100",Chức năng,Cao,Đăng nhập member1@sofinhub.test,1. GET /api/me/enrollments,-,"HTTP 200, mảng chứa photo, yt, fin; mỗi phần tử có course{id,title,thumbnail,category,visibility}, role='member', enrolledAt, progressPct là số nguyên 0..100 (làm tròn bài hoàn thành / tổng bài classroom).","Tiêu đề ghi cứng '3 cộng đồng' nhưng seed payments ghi danh member1 thêm paid-demo => 4 (DB: photo, yt, fin, paid-demo; prisma/seed/payments.ts:62). Thay bằng case cuối nhóm AUTH 'GET /me/enrollments của member1: các cộng đồng đã tham gia (kể cả riêng tư)...'."
TC-AUTH-161,Tài khoản & Xác thực,Rate limit,Liên hệ vượt 5 request/15 phút/IP trả 429,Bảo mật,Cao,BE vừa khởi động lại; NODE_ENV != test,"1. Gửi 5 POST /api/contact hợp lệ
2. Gửi lần thứ 6",payload hợp lệ bất kỳ,"5 lần đầu 202; lần 6 HTTP 429 TOO_MANY_REQUESTS 'Bạn thao tác quá nhiều lần, vui lòng thử lại sau ít phút'. UI /contact hiện thông điệp 'quá nhiều yêu cầu' từ BE.","Trùng case ADM3 'POST /api/contact validate và giới hạn tốc độ 5 lần/khoảng' (cases_admin3.py:654, limiter(5) ở support.routes.ts:12-23); giữ AUTH-157..160, 162 (biên độ từng trường, CRLF, UI)."
TC-SEC-037,Bảo mật & Yêu cầu phi chức năng,Đường truyền,"SSE thông báo/tin nhắn: token đã thu hồi bị 401, vé (ticket) dùng một lần",Bảo mật,Cao,User mới có access token S1,"1. POST /api/notifications/stream-ticket lấy ticket, mở GET /api/notifications/stream?ticket=... (200)
2. POST /api/auth/logout bằng S1
3. GET /api/notifications/stream?access_token=S1
4. GET /api/notifications/stream với Bearer S1
5. POST /api/notifications/stream-ticket với S1",-,Trước logout ticket và access_token đều mở được stream (200). Sau logout: cả ba lệnh cuối HTTP 401. Tương tự cho /api/messages/stream.,"Lỗi thời + trùng: kỳ vọng '?access_token mở được stream' đã bị bỏ (notifications.routes.ts:19-32, messages.routes.ts:48-55 chỉ nhận Bearer hoặc ?ticket=). Phần còn lại đã có ở SECX (stream-ticket dùng 1 lần, ?access_token -> 401, cases_audit_secx.py:157-174) và COMMS (token thu hồi -> stream 401, cases_comms.py:236)."
TC-COMM-057,Cộng đồng,Sửa thông tin cộng đồng,"Mod, Member, người ngoài không sửa được thông tin cộng đồng",Bảo mật,Cao,Fixture X: owner@sofinhub.test tạo cộng đồng công khai miễn phí 'QA Fixture X' (POST /api/communities -> id qa-fixture-x); member1@ tham gia rồi được owner đặt Admin; member2@ được đặt Mod; member3@ là Member thường; newbie@ chưa tham gia,"1. Đăng nhập member2@ (Mod của X) rồi PATCH {title:'Hack'}
2. Lặp lại với member3@ (Member)
3. Lặp lại với newbie@ (chưa tham gia)",title='Hack',"Cả ba nhận 403 FORBIDDEN, message 'Bạn không có quyền thực hiện thao tác này trong cộng đồng'; tên không đổi",Trùng ma trận TC-COMM-171/172/173 (+177): PATCH title photo bởi newbie/Member/Mod đều 403 'Bạn không có quyền...'. Code: communities.service.ts update() requireRole('admin').
TC-COMM-066,Cộng đồng,Xóa cộng đồng,"Admin, Mod, Member, người ngoài không xóa được cộng đồng",Bảo mật,Cao,Fixture X: owner@sofinhub.test tạo cộng đồng công khai miễn phí 'QA Fixture X' (POST /api/communities -> id qa-fixture-x); member1@ tham gia rồi được owner đặt Admin; member2@ được đặt Mod; member3@ là Member thường; newbie@ chưa tham gia,"1. Lần lượt đăng nhập member1@ (Admin), member2@ (Mod), member3@, newbie@
2. DELETE /api/communities/qa-fixture-x
3. Đăng nhập khách (không token) DELETE",-,"Bốn tài khoản nhận 403 FORBIDDEN, message 'Bạn không có quyền thực hiện thao tác này trong cộng đồng'; khách nhận 401 UNAUTHORIZED, message 'Vui lòng đăng nhập để tiếp tục'; cộng đồng vẫn tồn tại","Trùng ma trận TC-COMM-206..210: DELETE cộng đồng bởi newbie/Member/Mod/Admin/người bị cấm đều 403 (requireRole('owner'), communities.service.ts remove())."
TC-COMM-071,Cộng đồng,Khóa / mở khóa cộng đồng (Platform Admin),Người không phải Platform Admin không khóa được (kể cả Owner),Bảo mật,Cao,Fixture X: owner@sofinhub.test tạo cộng đồng công khai miễn phí 'QA Fixture X' (POST /api/communities -> id qa-fixture-x); member1@ tham gia rồi được owner đặt Admin; member2@ được đặt Mod; member3@ là Member thường; newbie@ chưa tham gia,"1. Đăng nhập owner@, POST lock X
2. Đăng nhập member1@ (Admin cộng đồng) POST lock
3. Không token POST lock",reason='x',"Owner và Admin cộng đồng nhận 403 FORBIDDEN, message 'Chỉ Platform Admin mới có quyền này'; khách nhận 401 UNAUTHORIZED, message 'Vui lòng đăng nhập để tiếp tục'","Trùng ma trận TC-COMM-199..203 (khóa cộng đồng bởi newbie/Member/Mod/Admin/Owner đều 403 'Chỉ Platform Admin mới có quyền này'; requirePlatformAdmin, policy.ts)."
TC-COMM-077,Cộng đồng,Khóa / mở khóa cộng đồng (Platform Admin),Chủ cộng đồng bị khóa vẫn sửa được thông tin (không kiểm tra khóa ở PATCH),Chức năng,Thấp,Fixture X: owner@sofinhub.test tạo cộng đồng công khai miễn phí 'QA Fixture X' (POST /api/communities -> id qa-fixture-x); member1@ tham gia rồi được owner đặt Admin; member2@ được đặt Mod; member3@ là Member thường; newbie@ chưa tham gia; X bị khóa,"1. Đăng nhập owner@
2. PATCH /api/communities/qa-fixture-x {title:'Đổi khi khóa'}",title='Đổi khi khóa',200 (hành vi thực tế: PATCH không chặn khi khóa; chưa chốt có nên chặn Owner sửa khi cộng đồng đang bị khóa),"Hành vi đã đổi có chủ đích: cộng đồng bị khóa chặn cả Owner/Admin/Mod ở mọi thao tác quản trị, kể cả PATCH (policy.ts requireRole + COMMUNITY_LOCKED; docs/api/communities.md mục 'Cộng đồng bị khóa'). Thay bằng case cuối nhóm COMM 'Cộng đồng bị khóa: Owner/Admin/Mod bị chặn thao tác quản trị...'."
TC-COMM-099,Cộng đồng,Yêu cầu tham gia (cộng đồng riêng tư),Duyệt yêu cầu của người đã bị cấm: 409,Chức năng,Trung bình,Fixture X: owner@sofinhub.test tạo cộng đồng công khai miễn phí 'QA Fixture X' (POST /api/communities -> id qa-fixture-x); member1@ tham gia rồi được owner đặt Admin; member2@ được đặt Mod; member3@ là Member thường; newbie@ chưa tham gia; X riêng tư; member3@ gửi yêu cầu rồi bị owner@ cấm trước khi duyệt,1. owner@ POST /api/join-requests/<id member3>/approve,-,"409 CONFLICT, message 'Người này đã bị cấm khỏi cộng đồng'; yêu cầu vẫn pending","Không thể dựng bằng API nữa: ban() chỉ chấp nhận người ĐANG là thành viên (404 nếu chưa; communities.service.ts ban()), còn người có yêu cầu pending thì chưa là thành viên và admit() tự chuyển pending -> approved. Nhánh 409 trong decideJoinRequest chỉ còn là chốt chặn đua/DB."
TC-COMM-135,Cộng đồng,"Kick, cấm và bỏ cấm thành viên",Cấm người chưa tham gia cộng đồng (cấm phòng ngừa) được chấp nhận,Chức năng,Trung bình,Fixture X: owner@sofinhub.test tạo cộng đồng công khai miễn phí 'QA Fixture X' (POST /api/communities -> id qa-fixture-x); member1@ tham gia rồi được owner đặt Admin; member2@ được đặt Mod; member3@ là Member thường; newbie@ chưa tham gia; newbie@ chưa ở X,"1. owner@ POST ban cho newbie@
2. newbie@ POST /api/communities/qa-fixture-x/enroll",-,Ban 200 {banned:true} (hành vi thực tế: không bắt buộc đã là thành viên); newbie@ bị 403 'Bạn đã bị cấm khỏi cộng đồng này' khi tham gia,"Hành vi đã đổi: 'cấm phòng ngừa' người chưa là thành viên không còn; nay 404, không tạo CommunityBan, không gửi thông báo (docs/api/communities.md dòng POST ban; communities.service.ts ban()). Thay bằng case cuối nhóm COMM 'Cấm người chưa là thành viên bị từ chối 404...'."
TC-COMM-156,Cộng đồng,Đánh giá cộng đồng (1-5 sao),"Người chưa tham gia, người bị cấm, khách không đánh giá được",Bảo mật,Cao,"Đã chạy npm run db:seed (BE :4000, FE :5173); mật khẩu chung mọi tài khoản seed là Passw0rd!x; PLATFORM_ADMIN_EMAILS chứa admin@sofinhub.test; đăng nhập API: POST /api/auth/login rồi gửi header Authorization: Bearer <accessToken>","1. newbie@ POST /api/communities/photo/reviews {rating:5}
2. banned@ POST cùng payload
3. Không token POST cùng payload",rating=5,"newbie@ và banned@ nhận 403 FORBIDDEN, message 'Bạn cần tham gia cộng đồng này trước'; khách nhận 401 UNAUTHORIZED, message 'Vui lòng đăng nhập để tiếp tục'; GET /api/communities/photo/reviews vẫn xem công khai (200)",Trùng ma trận TC-COMM-218 (newbie) và TC-COMM-224 (người bị cấm): POST reviews photo -> 403 'Bạn cần tham gia cộng đồng này trước' (reviews.service.ts upsert requireMembership); khách 401 là kiểm tra chung.
TC-COMM-228,Cộng đồng,Ma trận phân quyền (hành động x vai trò),"Tham gia photo (POST /enroll, công khai miễn phí) — vai trò Owner",Chức năng,Cao,"Đã chạy npm run db:seed (BE :4000, FE :5173); mật khẩu chung mọi tài khoản seed là Passw0rd!x; PLATFORM_ADMIN_EMAILS chứa admin@sofinhub.test; đăng nhập API: POST /api/auth/login rồi gửi header Authorization: Bearer <accessToken>. photo công khai miễn phí. Vai trò đã là thành viên sẽ RỜI (toggle) — nhớ vào lại. Vai trò kiểm tra: owner@sofinhub.test (Owner photo, private-demo, paid-demo)","1. Đăng nhập bằng owner@sofinhub.test (Owner photo, private-demo, paid-demo)
2. POST /api/communities/photo/enroll",-,409 CONFLICT 'Chủ cộng đồng không thể rời cộng đồng của mình',Trùng TC-COMM-149 (Owner POST /enroll ở photo -> 409 'Chủ cộng đồng không thể rời cộng đồng của mình'; enrollments.service.ts toggle); COMM-149 còn có bước UI.
TC-MEMBER-013,"Thành viên, Hồ sơ & Xếp hạng",Danh sách thành viên,"Mặc định photo: tổng 66 thành viên, 7 trang, thống kê counts",Chức năng,Cao,"Đã chạy npm run db:seed (BE :4000, FE :5173); mật khẩu chung mọi tài khoản seed là Passw0rd!x; PLATFORM_ADMIN_EMAILS chứa admin@sofinhub.test; đăng nhập API: POST /api/auth/login rồi gửi header Authorization: Bearer <accessToken>. photo có 71 thành viên hợp lệ: 11 tài khoản thật (owner, cadmin, mod, member1-3 + 5 persona sarah/alex/daniel/liam/emma do seed admin đợt 1; banned bị loại) + 60 thành viên minh họa isDemo (đối chiếu SQL, tài khoản QA tự tạo thêm làm lệch số). Đăng nhập member1@","1. GET /api/communities/photo/members
2. Mở /communities/photo/community/thanh-vien",-,"200; meta={page:1,limit:10,total:66,totalPages:7}; data 10 dòng, mỗi dòng có {id,name,handle,role,roleDetail,enrolledAt,lastActiveAt,online}; counts.all=66, counts.admins=4 (owner, cadmin, mod, demo-photo-0 admin), counts.online >= 7 (7 thành viên minh họa đầu luôn online; có thể cộng thêm tài khoản thật vừa hoạt động trong 5 phút); banned@ không xuất hiện","Tiêu đề ghi cứng 'tổng 66 thành viên, 7 trang': seed admin đợt 1 thêm 5 persona (sarah/alex/daniel/liam/emma) vào photo => 71 (prisma/seed/admin.ts memberOf; xác minh SQL: 71 ghi danh không bị cấm + test@gmail.com tự tạo). Thay bằng case cuối nhóm MEMBER (tổng khớp SQL)."
TC-MEMBER-014,"Thành viên, Hồ sơ & Xếp hạng",Danh sách thành viên,Trang cuối (page=7) chỉ còn 6 dòng; vượt trang trả mảng rỗng,Chức năng,Trung bình,"Đã chạy npm run db:seed (BE :4000, FE :5173); mật khẩu chung mọi tài khoản seed là Passw0rd!x; PLATFORM_ADMIN_EMAILS chứa admin@sofinhub.test; đăng nhập API: POST /api/auth/login rồi gửi header Authorization: Bearer <accessToken>. photo có 71 thành viên hợp lệ: 11 tài khoản thật (owner, cadmin, mod, member1-3 + 5 persona sarah/alex/daniel/liam/emma do seed admin đợt 1; banned bị loại) + 60 thành viên minh họa isDemo (đối chiếu SQL, tài khoản QA tự tạo thêm làm lệch số). Đăng nhập member1@","1. GET ?page=7
2. GET ?page=8
3. GET ?page=1&limit=50
4. GET ?limit=25&page=3",-,"page=7: 6 dòng; page=8: data=[] với meta.total=66; limit=50 trang 1: 50 dòng, totalPages=2; limit=25 page=3: 16 dòng",Tiêu đề ghi cứng 'page=7 chỉ còn 6 dòng' - với 71 thành viên trang cuối là page=8 (1 dòng). Thay bằng case cuối nhóm MEMBER 'Trang cuối chỉ còn phần dư...'.
TC-MEMBER-034,"Thành viên, Hồ sơ & Xếp hạng",Hồ sơ & chi tiết thành viên,Hồ sơ công khai yêu cầu đăng nhập (khác với mô tả 'công khai'),Bảo mật,Trung bình,"Đã chạy npm run db:seed (BE :4000, FE :5173); mật khẩu chung mọi tài khoản seed là Passw0rd!x; PLATFORM_ADMIN_EMAILS chứa admin@sofinhub.test; đăng nhập API: POST /api/auth/login rồi gửi header Authorization: Bearer <accessToken>",1. GET /api/users/<id member1> không token,-,"401 UNAUTHORIZED, message 'Vui lòng đăng nhập để tiếp tục' (route có requireAuth; thuật ngữ 'hồ sơ công khai' nghĩa là không lộ dữ liệu riêng, không phải xem không cần đăng nhập)",Trùng TC-AUTH-091 bước 1 (GET /users/:id không token -> 401; users.routes.ts requireAuth).
TC-MEMBER-035,"Thành viên, Hồ sơ & Xếp hạng",Hồ sơ & chi tiết thành viên,Hồ sơ người dùng không tồn tại hoặc đã xóa: 404,Chức năng,Thấp,"Đã chạy npm run db:seed (BE :4000, FE :5173); mật khẩu chung mọi tài khoản seed là Passw0rd!x; PLATFORM_ADMIN_EMAILS chứa admin@sofinhub.test; đăng nhập API: POST /api/auth/login rồi gửi header Authorization: Bearer <accessToken>","1. member1@ GET /api/users/khong-co
2. Xóa tài khoản một user thử rồi GET /api/users/<id đó>",-,404 NOT_FOUND 'Không tìm thấy người dùng',Trùng TC-AUTH-091 bước 2 (id lạ -> 404 'Không tìm thấy người dùng') và TC-AUTH-146 (user đã xóa -> 404).
TC-MEMBER-062,"Thành viên, Hồ sơ & Xếp hạng",Thành viên minh họa (isDemo),Thành viên minh họa không nhận thông báo và không bị tác động quản trị,Chức năng,Trung bình,"Đã chạy npm run db:seed (BE :4000, FE :5173); mật khẩu chung mọi tài khoản seed là Passw0rd!x; PLATFORM_ADMIN_EMAILS chứa admin@sofinhub.test; đăng nhập API: POST /api/auth/login rồi gửi header Authorization: Bearer <accessToken>. Đăng nhập owner@ (Owner photo)","1. Thử kick, ban, đổi vai trò với demo-photo-4
2. Xóa cộng đồng do owner@ tạo có thành viên minh họa rồi kiểm tra thông báo",-,kick/đổi vai trò -> 404 'Không tìm thấy thành viên'; ban -> 404; thông báo 'Cộng đồng đã bị xóa' không tạo cho user isDemo,"Gói lại ba case đã có: đổi vai trò demo 404 (TC-COMM-127), kick demo 404 (TC-COMM-132), ban demo 404 (TC-COMM-141) và thông báo xóa cộng đồng bỏ qua demo (TC-COMM-064)."
TC-FEED-150,Bảng tin & Tương tác cộng đồng,Điểm thưởng,"Đăng bài +5, nhận like đầu +2; xóa bài không thu hồi điểm (hành vi hiện tại)",Chức năng,Trung bình,"Tài khoản seed @sofinhub.test / Passw0rd!x: owner, cadmin (admin photo), mod, member1, member2, member3 (member photo), newbie (chưa ở cộng đồng nào), banned (bị cấm khỏi photo), admin (Platform Admin, KHÔNG ghi danh photo).","1. Đăng nhập member2@sofinhub.test (POST /api/auth/login, lấy accessToken, gắn header Authorization: Bearer).
2. Ghi điểm; tạo bài (+5)
3. Đăng nhập member3@sofinhub.test (POST /api/auth/login, lấy accessToken, gắn header Authorization: Bearer).
4. like bài đó
5. Đăng nhập member2@sofinhub.test (POST /api/auth/login, lấy accessToken, gắn header Authorization: Bearer).
6. Ghi điểm (+2); xóa bài; ghi điểm lại",-,Điểm member2 tăng +5 rồi +2; sau khi xóa bài điểm KHÔNG giảm (chưa chốt: có thu hồi điểm khi xóa bài hay không). Bảng xếp hạng phản ánh cùng số.,"Lỗi thời: xóa bài nay BÙ ÂM điểm đăng bài + điểm like trong cùng transaction (backend/docs/api/content.md mục 'Điểm thưởng chống farm', posts.repository delete + tests/points-policy.test.ts); đã có TC-GAME-001/003/007."
TC-FEED-151,Bảng tin & Tương tác cộng đồng,Điểm thưởng,Đăng nhiều bài không bị giới hạn tốc độ/điểm mỗi ngày (ghi nhận rủi ro farm điểm),Bảo mật,Thấp,"Tài khoản seed @sofinhub.test / Passw0rd!x: owner, cadmin (admin photo), mod, member1, member2, member3 (member photo), newbie (chưa ở cộng đồng nào), banned (bị cấm khỏi photo), admin (Platform Admin, KHÔNG ghi danh photo).","1. Đăng nhập member2@sofinhub.test (POST /api/auth/login, lấy accessToken, gắn header Authorization: Bearer).
2. Tạo 20 bài liên tiếp với nội dung khác nhau
3. Đọc điểm",-,"Điểm tăng 100 (20 x 5); không có 429 (giá trị tạm, hiện chưa có trần điểm/ngày hay rate limit đăng bài).","Lỗi thời: đăng bài nay có rate limit nhóm posts 10 lần/phút/user -> 429 (middlewares/rate-limit.ts WRITE_LIMITS, posts.routes.ts writeRateLimit('posts')); đã có TC-GAME-066/017."
TC-EVENT-029,Lịch & Sự kiện,Tạo sự kiện,Danh sách 200+ thành viên: chỉ tối đa 200 người nhận event_created (trừ người tạo),Hiệu năng,Thấp,"Cộng đồng có > 201 thành viên (dùng cộng đồng seed lớn hoặc tạo script). Tài khoản seed @sofinhub.test / Passw0rd!x: owner, cadmin (admin photo), mod, member1, member2, member3 (member photo), newbie (chưa ở cộng đồng nào), banned (bị cấm khỏi photo), admin (Platform Admin, KHÔNG ghi danh photo).","1. Đăng nhập owner@sofinhub.test (POST /api/auth/login, lấy accessToken, gắn header Authorization: Bearer).
2. Tạo sự kiện
3. Đếm thông báo event_created theo sự kiện trong DB",-,Đúng 200 thông báo được tạo (hằng số EVENT_CREATED_NOTIFY_LIMIT); người tạo không nhận.,Lỗi thời: event_created không còn cắt cứng 200 người; nay rải cho MỌI thành viên theo lô 500 (events.service.ts EVENT_NOTIFY_BATCH); đã có TC-PERF-079/080.
TC-EVENT-062,Lịch & Sự kiện,Đăng ký tham dự (RSVP),RSVP + hủy nhiều lần cộng điểm mỗi lần đăng ký (ghi nhận rủi ro farm điểm),Bảo mật,Thấp,"DB vừa seed sạch. Sự kiện photo: seed-event-photo-limited (Workshop chụp chân dung ngoài trời, host mod, +7 ngày, sức chứa 3, RSVP: member2 + 1 thành viên minh họa => còn 1 chỗ), seed-event-photo-full (Photowalk phố cổ, host owner, +3 ngày, sức chứa 2, đã đủ 2/2), seed-event-photo-past (Livestream chấm ảnh tháng trước, đã qua 7 ngày, RSVP member1 + member2 + 1 minh họa), và mỗi cộng đồng có seed-event-<id>-qa (Zoom Q&A, +5 ngày, sức chứa 100, 12 RSVP) + seed-event-<id>-practice (đã qua 3 ngày). Tài khoản seed @sofinhub.test / Passw0rd!x: owner, cadmin (admin photo), mod, member1, member2, member3 (member photo), newbie (chưa ở cộng đồng nào), banned (bị cấm khỏi photo), admin (Platform Admin, KHÔNG ghi danh photo).","1. Đăng nhập member3@sofinhub.test (POST /api/auth/login, lấy accessToken, gắn header Authorization: Bearer).
2. Ghi điểm; RSVP rồi hủy (DELETE) 5 lần trên sự kiện sức chứa lớn (seed-event-photo-qa)
3. Đọc điểm",-,"Điểm tăng +5 (1 điểm mỗi lần RSVP, không thu hồi khi hủy, không dedupe) — hành vi tạm, chưa chốt.","Lỗi thời: RSVP/hủy/RSVP chỉ +1 điểm nhờ khóa nghiệp vụ (user,event_rsvp,event,eventId) (events.service.ts toggleRsvp, content.md, tests/points-policy.test.ts); đã có TC-GAME-013."
TC-COURSE-031,Khóa học / Lớp học,Lớp học - Danh sách module & tiến độ,Lớp học chưa có nội dung: trạng thái rỗng cho học viên và cho mod,Giao diện,Thấp,"Tiền điều kiện chung: đã `db:seed`, BE :4000, FE :5173; mật khẩu mọi tài khoản seed = Passw0rd!x. Dùng khóa thử của owner (hoặc photo rồi seed lại). Xóa hết module bằng DELETE /api/courses/photo/modules/:id. Lưu ý: chạy lại `npm run db:seed` sẽ dựng lại module khi khóa không còn module nào.","1. Đăng nhập owner, xóa mọi module của khóa
2. Đăng nhập member -> mở /courses/photo/community/lop-hoc
3. Đăng nhập mod -> mở /courses/photo/community/lop-hoc -> 'Chỉnh sửa lớp học'",0 module,"Học viên: 'Lớp học chưa có nội dung.'. Mod trong chế độ chỉnh sửa: 'Lớp học chưa có module nào. Hãy thêm module đầu tiên.'. GET /progress trả percent 0, totalLessons 0, nextLesson null (không chia cho 0).","Trùng/thay thế: trạng thái rỗng 'Lớp học chưa có nội dung.' đã có TC-SPLIT-109 và progress rỗng/0 ở TC-SPLIT-075; case cũ viết cho 1 khóa/cộng đồng, thao tác xóa mọi module và seed không dựng lại được khi còn khóa thứ hai (seed/classroom.ts withModules)."
TC-COURSE-107,Khóa học / Lớp học,Lớp học - Giao diện chung,Ghi chú: dữ liệu lớp học nằm trong DB (tài liệu classroom.md còn ghi 'trong bộ nhớ'),Tích hợp,Thấp,"Tiền điều kiện chung: đã `db:seed`, BE :4000, FE :5173; mật khẩu mọi tài khoản seed = Passw0rd!x. Có quyền chạy lại server (Test 2 - thủ công).","1. member2 hoàn thành 1 bài; mod tạo module thử
2. Khởi động lại BE (npm run dev)
3. Kiểm tra tiến độ và module còn nguyên",restart BE,"Tiến độ, module, cài đặt chứng nhận và chứng nhận còn nguyên sau restart vì repository là Prisma/Postgres (tài liệu backend/docs/api/classroom.md mục 'Giới hạn hiện tại' đã lỗi thời).",Lỗi thời: tiền đề 'classroom.md ghi dữ liệu trong bộ nhớ' đã được sửa (classroom.md 'Giới hạn hiện tại' ghi Postgres); độ bền dữ liệu sau restart thuộc INFRA/DB.
TC-CERT-007,Chứng nhận,Chứng nhận - Bật/tắt (admin+),UI: ô 'Cấp chứng nhận khi hoàn thành 100%' chỉ admin trở lên nhìn thấy,Giao diện,Cao,"Tiền điều kiện chung: đã `db:seed`, BE :4000, FE :5173; mật khẩu mọi tài khoản seed = Passw0rd!x. Hai phiên: mod (không thấy) và cadmin (thấy); trong chế độ 'Chỉnh sửa lớp học' của photo.","1. mod: mở /courses/photo/community/lop-hoc -> 'Chỉnh sửa lớp học' -> tìm hộp tích
2. cadmin: cùng thao tác -> bỏ tích
3. cadmin: tích lại","photo, mod vs cadmin","mod: không có hộp tích. cadmin: có hộp tích; bỏ tích hiển thị toast 'Đã tắt chứng nhận hoàn thành', tích lại 'Đã bật chứng nhận hoàn thành'.","Lỗi thời: FE không còn ô 'Cấp chứng nhận khi hoàn thành 100%' cấp cộng đồng; nay admin+ chọn 'Chứng nhận hoàn thành' (Theo cộng đồng/Luôn bật/Luôn tắt) theo TỪNG khóa (ClassroomEditor.tsx:366, CourseManager.tsx CertModeSelect); đã có TC-SPLIT-112."
TC-PAY-027,Thanh toán & Gói thành viên,Checkout,"Tạo giao dịch checkout khóa có phí: giá lấy từ server, trạng thái pending",Chức năng,Cao,"Seed đã chạy (npm run db:seed) trên DB sạch; paid-demo = cộng đồng công khai $19/tháng (1900 cent), Owner: owner@sofinhub.test. Mật khẩu chung Passw0rd!x. Thành viên minh họa isDemo = demo-paid-demo-<i>, không đăng nhập được. Đăng nhập newbie@sofinhub.test (chưa ở cộng đồng nào).","1. Đăng nhập newbie, lấy access token
2. Gọi POST /api/courses/paid-demo/checkout với body {""method"":""stripe""}
3. Đọc response",method=stripe; không gửi Idempotency-Key,"201 {data}: PaymentIntent có courseId=paid-demo, userId=newbie, amountCents=1900 (amountUsd=19), status=pending, kind=initial, trialDays=7, chưa có invoiceNumber. newbie vẫn CHƯA ở cộng đồng (GET /api/courses/paid-demo/subscription -> enrolled=false).","Checkout nay tạo phiên chuyển khoản (refCode SFH..., QR VietQR, hết hạn 15 phút), giá VND nguyên (paid-demo 475.000đ) thay vì $19/1900 cent - thay bằng TC-BANK-001"
TC-PAY-028,Thanh toán & Gói thành viên,Checkout,Không tin số tiền client: amountUsd/amountCents trong body bị bỏ qua,Bảo mật,Cao,"Seed đã chạy (npm run db:seed) trên DB sạch; paid-demo = cộng đồng công khai $19/tháng (1900 cent), Owner: owner@sofinhub.test. Mật khẩu chung Passw0rd!x. Thành viên minh họa isDemo = demo-paid-demo-<i>, không đăng nhập được. Đăng nhập newbie.","1. POST /api/courses/paid-demo/checkout với body {""method"":""stripe"",""amountCents"":1,""amountUsd"":0.01}
2. Đọc response","amountCents=1, amountUsd=0.01","201; amountCents trong response vẫn = 1900 (lấy từ course.priceUsd ở server), không có 400 vì field thừa.","Số tiền ghi theo cent/USD (1900); cơ chế ""giá do server quyết định"" vẫn đúng nhưng đã có case mới theo VND - thay bằng TC-BANK-002"
TC-PAY-029,Thanh toán & Gói thành viên,Checkout,Checkout với phương thức hợp lệ 'stripe',Chức năng,Trung bình,"Seed đã chạy (npm run db:seed) trên DB sạch; paid-demo = cộng đồng công khai $19/tháng (1900 cent), Owner: owner@sofinhub.test. Mật khẩu chung Passw0rd!x. Thành viên minh họa isDemo = demo-paid-demo-<i>, không đăng nhập được. Đăng nhập newbie.","1. POST /api/courses/paid-demo/checkout body {""method"":""stripe""}",method=stripe,"201, PaymentIntent.method=stripe, status=pending, amountCents=1900.","Checkout luôn là chuyển khoản: method stripe/vnpay/momo vẫn được nhận nhưng bị BỎ QUA, phiên luôn method=bank_transfer (kỳ vọng ""method=stripe/vnpay/momo, 1900 cent"" không còn đúng) - thay bằng TC-BANK-001/002"
TC-PAY-030,Thanh toán & Gói thành viên,Checkout,Checkout với phương thức hợp lệ 'vnpay',Chức năng,Trung bình,"Seed đã chạy (npm run db:seed) trên DB sạch; paid-demo = cộng đồng công khai $19/tháng (1900 cent), Owner: owner@sofinhub.test. Mật khẩu chung Passw0rd!x. Thành viên minh họa isDemo = demo-paid-demo-<i>, không đăng nhập được. Đăng nhập newbie.","1. POST /api/courses/paid-demo/checkout body {""method"":""vnpay""}",method=vnpay,"201, PaymentIntent.method=vnpay, status=pending, amountCents=1900.","Checkout luôn là chuyển khoản: method stripe/vnpay/momo vẫn được nhận nhưng bị BỎ QUA, phiên luôn method=bank_transfer (kỳ vọng ""method=stripe/vnpay/momo, 1900 cent"" không còn đúng) - thay bằng TC-BANK-001/002"
TC-PAY-031,Thanh toán & Gói thành viên,Checkout,Checkout với phương thức hợp lệ 'momo',Chức năng,Trung bình,"Seed đã chạy (npm run db:seed) trên DB sạch; paid-demo = cộng đồng công khai $19/tháng (1900 cent), Owner: owner@sofinhub.test. Mật khẩu chung Passw0rd!x. Thành viên minh họa isDemo = demo-paid-demo-<i>, không đăng nhập được. Đăng nhập newbie.","1. POST /api/courses/paid-demo/checkout body {""method"":""momo""}",method=momo,"201, PaymentIntent.method=momo, status=pending, amountCents=1900.","Checkout luôn là chuyển khoản: method stripe/vnpay/momo vẫn được nhận nhưng bị BỎ QUA, phiên luôn method=bank_transfer (kỳ vọng ""method=stripe/vnpay/momo, 1900 cent"" không còn đúng) - thay bằng TC-BANK-001/002"
TC-PAY-034,Thanh toán & Gói thành viên,Checkout,Checkout body sai: thiếu field method,Chức năng,Trung bình,"Seed đã chạy (npm run db:seed) trên DB sạch; paid-demo = cộng đồng công khai $19/tháng (1900 cent), Owner: owner@sofinhub.test. Mật khẩu chung Passw0rd!x. Thành viên minh họa isDemo = demo-paid-demo-<i>, không đăng nhập được. Đăng nhập newbie.",1. POST /api/courses/paid-demo/checkout body {},body={},"400, error.code=VALIDATION_ERROR, message 'Tham số không hợp lệ' (details chỉ ra field method). Không tạo giao dịch nào (GET /api/me/payments không có dòng mới).","Thiếu field method nay HỢP LỆ (mặc định bank_transfer) nên trả 201, không còn 400 VALIDATION_ERROR"
TC-PAY-041,Thanh toán & Gói thành viên,Checkout,Giao diện trang /courses/paid-demo/checkout hiển thị giá và 3 phương thức,Giao diện,Trung bình,"Seed đã chạy (npm run db:seed) trên DB sạch; paid-demo = cộng đồng công khai $19/tháng (1900 cent), Owner: owner@sofinhub.test. Mật khẩu chung Passw0rd!x. Thành viên minh họa isDemo = demo-paid-demo-<i>, không đăng nhập được. Đăng nhập newbie.","1. Mở /courses/paid-demo/checkout
2. Quan sát tiêu đề, danh sách phương thức, nút thanh toán",-,"Tiêu đề 'Xác nhận thanh toán'; 3 lựa chọn VNPay (mặc định chọn), MoMo, Stripe; nút 'Thanh toán $19/tháng'; có khung 'Bắt đầu dùng thử' 7 ngày.","Trang checkout không còn 3 lựa chọn VNPay/MoMo/Stripe và nút ""Thanh toán $19/tháng""; nay là hộp thoại tạo mã chuyển khoản + QR + đếm ngược 15 phút - thay bằng TC-BANK-042"
TC-PAY-042,Thanh toán & Gói thành viên,Checkout,"Bấm Thanh toán trên UI: gửi Idempotency-Key, chuyển vào cộng đồng",Chức năng,Cao,"Seed đã chạy (npm run db:seed) trên DB sạch; paid-demo = cộng đồng công khai $19/tháng (1900 cent), Owner: owner@sofinhub.test. Mật khẩu chung Passw0rd!x. Thành viên minh họa isDemo = demo-paid-demo-<i>, không đăng nhập được. Đăng nhập newbie. Case làm thay đổi dữ liệu seed - chạy lại npm run db:seed (hoặc dùng tài khoản/gói mới) trước khi lặp lại.","1. Mở /courses/paid-demo/checkout, chọn Stripe
2. Bấm 'Thanh toán $19/tháng' (xem tab Network)",method=stripe,"Nút chuyển 'Đang xử lý…' và bị vô hiệu hóa; POST checkout có header Idempotency-Key (uuid) -> 201, POST /payments/:id/confirm -> 200 succeeded; trình duyệt chuyển tới /courses/paid-demo/community; newbie có thông báo 'Thanh toán thành công' (body 'Bạn đã thanh toán 19.00 USD. Hóa đơn INV-…').","Luồng ""bấm Thanh toán -> POST confirm 200 succeeded -> vào cộng đồng"" không còn (confirm không tính tiền/cấp quyền); nay FE poll trạng thái ~4s tới khi tiền về - thay bằng TC-BANK-042, TC-BANK-043"
TC-PAY-043,Thanh toán & Gói thành viên,Confirm,"Confirm thanh toán thành công: cấp quyền, hóa đơn, gói active 30 ngày",Chức năng,Cao,"Seed đã chạy (npm run db:seed) trên DB sạch; paid-demo = cộng đồng công khai $19/tháng (1900 cent), Owner: owner@sofinhub.test. Mật khẩu chung Passw0rd!x. Thành viên minh họa isDemo = demo-paid-demo-<i>, không đăng nhập được. newbie đã có 1 giao dịch pending từ checkout paid-demo. Case làm thay đổi dữ liệu seed - chạy lại npm run db:seed (hoặc dùng tài khoản/gói mới) trước khi lặp lại.","1. POST /api/payments/<paymentId>/confirm bằng token newbie
2. GET /api/courses/paid-demo/subscription
3. GET /api/courses/paid-demo/members hoặc mở /courses/paid-demo/community",paymentId từ bước checkout,"200: status=succeeded, confirmedAt có giá trị, invoiceNumber dạng INV-2026-nnnnnn (kế tiếp số hóa đơn lớn nhất đang có), gatewayChargeId bắt đầu 'mock_ch_', periodEnd = periodStart + 30 ngày. Subscription status=active, priceCents=1900, cancelAtPeriodEnd=false; enrolled=true; newbie vào được cộng đồng.",POST /payments/:id/confirm không còn cấp quyền/hóa đơn/gatewayChargeId mock_ch_; tiền chỉ được ghi nhận qua webhook SePay/cron quét/admin duyệt tay - thay bằng TC-BANK-011 (confirm chỉ đọc) và TC-BANK-014 (cấp quyền khi tiền về)
TC-PAY-044,Thanh toán & Gói thành viên,Confirm,"Confirm lần 2 cùng giao dịch: idempotent, không thu tiền/hóa đơn trùng",Chức năng,Cao,"Seed đã chạy (npm run db:seed) trên DB sạch; paid-demo = cộng đồng công khai $19/tháng (1900 cent), Owner: owner@sofinhub.test. Mật khẩu chung Passw0rd!x. Thành viên minh họa isDemo = demo-paid-demo-<i>, không đăng nhập được. newbie đã confirm thành công 1 giao dịch (xem case trước).","1. Ghi lại invoiceNumber và số dòng GET /api/me/payments
2. POST /api/payments/<cùng paymentId>/confirm lần 2",-,"200, trả đúng bản ghi đã succeeded (cùng invoiceNumber, cùng gatewayChargeId); GET /api/me/payments không thêm dòng; số hóa đơn kế tiếp của hệ thống không nhảy.","Confirm không còn là bước thu tiền nên ""confirm lần 2 idempotent không thu tiền trùng"" không còn nghĩa; tính idempotent chuyển sang webhook/quét - thay bằng TC-BANK-011, TC-BANK-015"
TC-PAY-049,Thanh toán & Gói thành viên,Confirm,"Confirm giao dịch đã failed trả 409, phải tạo giao dịch mới",Chức năng,Trung bình,"Seed đã chạy (npm run db:seed) trên DB sạch; paid-demo = cộng đồng công khai $19/tháng (1900 cent), Owner: owner@sofinhub.test. Mật khẩu chung Passw0rd!x. Thành viên minh họa isDemo = demo-paid-demo-<i>, không đăng nhập được. Cần giao dịch failed: tạo bằng cách checkout (newbie) rồi gửi webhook payment.failed {paymentId}. Ký webhook: header x-sofin-signature = t=<unix giây hiện tại>,v1=<hex HMAC-SHA256 của chuỗi ""<t>.<rawBody>"">, secret = PAYMENT_WEBHOOK_SECRET (mặc định dev: dev-webhook-secret-change-me), rawBody là đúng chuỗi JSON gửi đi (không khoảng trắng thừa).","1. Checkout paid-demo bằng newbie lấy paymentId
2. Gửi webhook payment.failed {paymentId} hợp lệ
3. POST /api/payments/<paymentId>/confirm bằng newbie","event {""id"":""evt-fail-1"",""type"":""payment.failed"",""data"":{""paymentId"":""<id>"",""reason"":""card_declined""}}","Webhook 200 {received:true}; confirm trả 409 CONFLICT 'Giao dịch đã thất bại, vui lòng tạo giao dịch mới'; newbie có thông báo 'Thanh toán thất bại'; không được cấp quyền.","Dựa trên webhook payment.failed HMAC + confirm 409; nay phiên không tiền hết hạn 15 phút chuyển failed/expired và chỉ admin duyệt tay/mở lại - thay bằng TC-BANK-022, TC-BANK-030"
TC-PAY-050,Thanh toán & Gói thành viên,Confirm,"Cổng từ chối thẻ khi confirm: 402 PAYMENT_FAILED, không cấp quyền",Chức năng,Cao,Chỉ kiểm được bằng test tích hợp BE (payments.test.ts dùng mockGateway.failFor(userId)); MockGateway của dev luôn thành công nên không giả lập được qua UI.,"1. Trong test BE: mockGateway.failFor(<userId>)
2. Checkout rồi confirm",-,"402, error.code=PAYMENT_FAILED, message 'Thanh toán không thành công, vui lòng thử lại hoặc dùng phương thức khác'; giao dịch chuyển failed; người dùng không được ghi danh; có thông báo payment_failed.","Cổng từ chối thẻ khi confirm (402 PAYMENT_FAILED, mockGateway.failFor) không còn; tình huống tương đương là chuyển thiếu tiền (không cấp, giữ pending) - thay bằng TC-BANK-018"
TC-PAY-051,Thanh toán & Gói thành viên,Confirm,"Sau khi bị cấm khỏi paid-demo, confirm bị 403 và không cấp quyền",Bảo mật,Cao,"Seed đã chạy (npm run db:seed) trên DB sạch; paid-demo = cộng đồng công khai $19/tháng (1900 cent), Owner: owner@sofinhub.test. Mật khẩu chung Passw0rd!x. Thành viên minh họa isDemo = demo-paid-demo-<i>, không đăng nhập được. newbie có giao dịch pending P ở paid-demo. Owner đã cấm newbie: POST /api/courses/paid-demo/members/<newbieId>/ban body {""reason"":""test""}. Case làm thay đổi dữ liệu seed - chạy lại npm run db:seed (hoặc dùng tài khoản/gói mới) trước khi lặp lại.","1. Đăng nhập newbie
2. POST /api/payments/<P>/confirm",-,"403, message 'Bạn đã bị cấm khỏi cộng đồng này'; không có Subscription mới; newbie vẫn không vào được cộng đồng.","Confirm chỉ kiểm tra chủ phiên và đọc lại trạng thái, không còn cấp quyền nên không còn 403 ""bị cấm"" ở confirm; chặn người bị cấm nằm ở checkout/settle - xem TC-BANK-007, TC-BANK-011"
TC-PAY-053,Thanh toán & Gói thành viên,Idempotency,Idempotency-Key khác nhau tạo hai giao dịch pending khác nhau,Chức năng,Trung bình,"Seed đã chạy (npm run db:seed) trên DB sạch; paid-demo = cộng đồng công khai $19/tháng (1900 cent), Owner: owner@sofinhub.test. Mật khẩu chung Passw0rd!x. Thành viên minh họa isDemo = demo-paid-demo-<i>, không đăng nhập được. Đăng nhập newbie.","1. POST checkout key qa-key-A
2. POST checkout key qa-key-B",2 key khác nhau,"Hai response 201 có payment.id khác nhau, cùng amountCents=1900.","Hành vi đổi có chủ đích: checkout nay TÁI DÙNG intent pending <30 phút của cùng (user, cộng đồng) kể cả Idempotency-Key khác (payments.service.ts checkout/findReusablePending; payments.md 3.1). Đã có MONEY 'Checkout lần 2 khi còn intent pending tái dùng...'."
TC-PAY-056,Thanh toán & Gói thành viên,Idempotency,"Double submit nút Thanh toán: chỉ 1 giao dịch, 1 hóa đơn",Chức năng,Cao,"Seed đã chạy (npm run db:seed) trên DB sạch; paid-demo = cộng đồng công khai $19/tháng (1900 cent), Owner: owner@sofinhub.test. Mật khẩu chung Passw0rd!x. Thành viên minh họa isDemo = demo-paid-demo-<i>, không đăng nhập được. Đăng nhập newbie. Case làm thay đổi dữ liệu seed - chạy lại npm run db:seed (hoặc dùng tài khoản/gói mới) trước khi lặp lại.","1. Mở /courses/paid-demo/checkout
2. Bấm rất nhanh 'Thanh toán $19/tháng' nhiều lần (hoặc Enter lặp)
3. Mở /billing xem Lịch sử thanh toán",-,"Nút disabled ngay sau lần bấm đầu; chỉ 1 dòng giao dịch succeeded, 1 số hóa đơn, 1 gói active.","Kỳ vọng ""1 giao dịch succeeded, 1 hóa đơn"" sau double-submit không còn: checkout chỉ tạo/tái dùng 1 phiên pending (cùng QR) - thay bằng TC-BANK-003"
TC-PAY-057,Thanh toán & Gói thành viên,Idempotency,"Hai confirm song song cùng giao dịch: cổng chỉ trừ 1 lần, 1 hóa đơn",Chức năng,Cao,"Seed đã chạy (npm run db:seed) trên DB sạch; paid-demo = cộng đồng công khai $19/tháng (1900 cent), Owner: owner@sofinhub.test. Mật khẩu chung Passw0rd!x. Thành viên minh họa isDemo = demo-paid-demo-<i>, không đăng nhập được. newbie có giao dịch pending P. Case làm thay đổi dữ liệu seed - chạy lại npm run db:seed (hoặc dùng tài khoản/gói mới) trước khi lặp lại.","1. Gửi đồng thời 5 request POST /api/payments/<P>/confirm (Promise.all trong Playwright request context)
2. GET /api/me/payments",5 request song song,"Tất cả 200 (hoặc trả bản ghi đã xử lý); chỉ 1 giao dịch succeeded, 1 invoiceNumber, 1 Subscription; không có 500.","Hai confirm song song ""cổng chỉ trừ 1 lần"" không còn: không có cổng trừ tiền; chống cấp trùng nay ở webhook/quét đồng thời - thay bằng TC-BANK-025, TC-BANK-015"
TC-PAY-058,Thanh toán & Gói thành viên,Dùng thử miễn phí,"Bắt đầu dùng thử 7 ngày: cấp quyền ngay, không thu tiền",Chức năng,Cao,"Seed đã chạy (npm run db:seed) trên DB sạch; paid-demo = cộng đồng công khai $19/tháng (1900 cent), Owner: owner@sofinhub.test. Mật khẩu chung Passw0rd!x. Thành viên minh họa isDemo = demo-paid-demo-<i>, không đăng nhập được. newbie chưa từng dùng thử. Case làm thay đổi dữ liệu seed - chạy lại npm run db:seed (hoặc dùng tài khoản/gói mới) trước khi lặp lại.","1. Đăng nhập newbie
2. POST /api/courses/paid-demo/trial
3. GET /api/me/payments
4. GET /api/me/subscriptions",TRIAL_DAYS=7 (giá trị tạm),"201 Subscription status=trialing, trialEndsAt = currentPeriodEnd = hiện tại + 7 ngày, priceCents=1900; newbie đã ghi danh, vào được /courses/paid-demo/community; /me/payments KHÔNG có giao dịch; có thông báo 'Bắt đầu dùng thử'.","Không còn dùng thử miễn phí của thành viên (bỏ 2026-10-14): POST /courses/:id/trial và POST /communities/:id/trial trả 404 nên các bước bắt đầu dùng thử / kết quả 201, 409, 400, 403 của đường này không còn đúng - thay bằng TC-BANK-050."
TC-PAY-059,Thanh toán & Gói thành viên,Dùng thử miễn phí,Nút 'Bắt đầu dùng thử' trên trang checkout,Giao diện,Cao,"Seed đã chạy (npm run db:seed) trên DB sạch; paid-demo = cộng đồng công khai $19/tháng (1900 cent), Owner: owner@sofinhub.test. Mật khẩu chung Passw0rd!x. Thành viên minh họa isDemo = demo-paid-demo-<i>, không đăng nhập được. Đăng nhập newbie (chưa dùng thử). Case làm thay đổi dữ liệu seed - chạy lại npm run db:seed (hoặc dùng tài khoản/gói mới) trước khi lặp lại.","1. Mở /courses/paid-demo/checkout
2. Bấm 'Bắt đầu dùng thử'",-,Chuyển tới /courses/paid-demo/community; /billing hiển thị gói 'Đang dùng thử' với ngày truy cập đến = hôm nay + 7.,"Không còn dùng thử miễn phí của thành viên (bỏ 2026-10-14): POST /courses/:id/trial và POST /communities/:id/trial trả 404 nên các bước bắt đầu dùng thử / kết quả 201, 409, 400, 403 của đường này không còn đúng - thay bằng TC-BANK-050."
TC-PAY-060,Thanh toán & Gói thành viên,Dùng thử miễn phí,Không dùng thử lần 2 sau khi đã hủy gói dùng thử,Chức năng,Cao,"Seed đã chạy (npm run db:seed) trên DB sạch; paid-demo = cộng đồng công khai $19/tháng (1900 cent), Owner: owner@sofinhub.test. Mật khẩu chung Passw0rd!x. Thành viên minh họa isDemo = demo-paid-demo-<i>, không đăng nhập được. newbie vừa dùng thử và đã hủy ngay: POST /api/courses/paid-demo/subscription/cancel body {""atPeriodEnd"":false}. Case làm thay đổi dữ liệu seed - chạy lại npm run db:seed (hoặc dùng tài khoản/gói mới) trước khi lặp lại.",1. POST /api/courses/paid-demo/trial lần nữa bằng newbie,-,"409 CONFLICT, message 'Bạn đã dùng thử cộng đồng này rồi'; không có Subscription mới; newbie chưa ở cộng đồng.","Không còn dùng thử miễn phí của thành viên (bỏ 2026-10-14): POST /courses/:id/trial và POST /communities/:id/trial trả 404 nên các bước bắt đầu dùng thử / kết quả 201, 409, 400, 403 của đường này không còn đúng - thay bằng TC-BANK-050."
TC-PAY-061,Thanh toán & Gói thành viên,Dùng thử miễn phí,Đang dùng thử (member3) gọi trial lại bị 409 'đã tham gia',Chức năng,Trung bình,"Seed đã chạy (npm run db:seed) trên DB sạch; paid-demo = cộng đồng công khai $19/tháng (1900 cent), Owner: owner@sofinhub.test. Mật khẩu chung Passw0rd!x. Thành viên minh họa isDemo = demo-paid-demo-<i>, không đăng nhập được. member3 đang trialing.","1. Đăng nhập member3
2. POST /api/courses/paid-demo/trial",-,"409, message 'Bạn đã tham gia cộng đồng này rồi' (kiểm tra ghi danh đi trước kiểm tra đã dùng thử).","Không còn dùng thử miễn phí của thành viên (bỏ 2026-10-14): POST /courses/:id/trial và POST /communities/:id/trial trả 404 nên các bước bắt đầu dùng thử / kết quả 201, 409, 400, 403 của đường này không còn đúng - thay bằng TC-BANK-050."
TC-PAY-062,Thanh toán & Gói thành viên,Dùng thử miễn phí,Thành viên trả phí (member1) không dùng thử được,Chức năng,Trung bình,"Seed đã chạy (npm run db:seed) trên DB sạch; paid-demo = cộng đồng công khai $19/tháng (1900 cent), Owner: owner@sofinhub.test. Mật khẩu chung Passw0rd!x. Thành viên minh họa isDemo = demo-paid-demo-<i>, không đăng nhập được.","1. Đăng nhập member1
2. POST /api/courses/paid-demo/trial",-,409 'Bạn đã tham gia cộng đồng này rồi'.,"Không còn dùng thử miễn phí của thành viên (bỏ 2026-10-14): POST /courses/:id/trial và POST /communities/:id/trial trả 404 nên các bước bắt đầu dùng thử / kết quả 201, 409, 400, 403 của đường này không còn đúng - thay bằng TC-BANK-050."
TC-PAY-063,Thanh toán & Gói thành viên,Dùng thử miễn phí,Dùng thử khóa miễn phí trả 400,Chức năng,Trung bình,Đăng nhập newbie; photo miễn phí.,1. POST /api/courses/photo/trial,-,"400 BAD_REQUEST, message 'Cộng đồng miễn phí không có dùng thử'.","Không còn dùng thử miễn phí của thành viên (bỏ 2026-10-14): POST /courses/:id/trial và POST /communities/:id/trial trả 404 nên các bước bắt đầu dùng thử / kết quả 201, 409, 400, 403 của đường này không còn đúng - thay bằng TC-BANK-050."
TC-PAY-064,Thanh toán & Gói thành viên,Dùng thử miễn phí,"Bị cấm khỏi paid-demo thì không dùng thử được, rollback gói",Bảo mật,Cao,"Seed đã chạy (npm run db:seed) trên DB sạch; paid-demo = cộng đồng công khai $19/tháng (1900 cent), Owner: owner@sofinhub.test. Mật khẩu chung Passw0rd!x. Thành viên minh họa isDemo = demo-paid-demo-<i>, không đăng nhập được. Owner đã cấm newbie khỏi paid-demo (POST /api/courses/paid-demo/members/<id>/ban). Case làm thay đổi dữ liệu seed - chạy lại npm run db:seed (hoặc dùng tài khoản/gói mới) trước khi lặp lại.","1. Đăng nhập newbie
2. POST /api/courses/paid-demo/trial
3. GET /api/me/subscriptions",-,403 FORBIDDEN; không có Subscription trialing nào được tạo (rollback); newbie vẫn không ghi danh.,"Không còn dùng thử miễn phí của thành viên (bỏ 2026-10-14): POST /courses/:id/trial và POST /communities/:id/trial trả 404 nên các bước bắt đầu dùng thử / kết quả 201, 409, 400, 403 của đường này không còn đúng - thay bằng TC-BANK-050."
TC-PAY-065,Thanh toán & Gói thành viên,Dùng thử miễn phí,Dùng thử không token trả 401 và khóa không tồn tại trả 404,Chức năng,Thấp,-,"1. POST /api/courses/paid-demo/trial không token
2. POST /api/courses/khong-co/trial có token newbie",-,Lần 1: 401 UNAUTHORIZED. Lần 2: 404 NOT_FOUND.,"Không còn dùng thử miễn phí của thành viên (bỏ 2026-10-14): POST /courses/:id/trial và POST /communities/:id/trial trả 404 nên các bước bắt đầu dùng thử / kết quả 201, 409, 400, 403 của đường này không còn đúng - thay bằng TC-BANK-050."
TC-PAY-066,Thanh toán & Gói thành viên,Dùng thử miễn phí,"Đang dùng thử rồi thanh toán: chuyển thành gói active, kỳ mới từ lúc trả tiền",Chức năng,Cao,"Seed đã chạy (npm run db:seed) trên DB sạch; paid-demo = cộng đồng công khai $19/tháng (1900 cent), Owner: owner@sofinhub.test. Mật khẩu chung Passw0rd!x. Thành viên minh họa isDemo = demo-paid-demo-<i>, không đăng nhập được. member3 đang trialing (seed-sub-member3). Case làm thay đổi dữ liệu seed - chạy lại npm run db:seed (hoặc dùng tài khoản/gói mới) trước khi lặp lại.","1. Đăng nhập member3
2. Checkout paid-demo rồi confirm
3. GET /api/courses/paid-demo/subscription",-,"Confirm 200 succeeded có invoiceNumber; subscription cùng id seed-sub-member3 chuyển status=active, currentPeriodStart = thời điểm trả tiền, currentPeriodEnd = +30 ngày, cancelAtPeriodEnd=false; không tạo gói thứ hai.",Nâng cấp từ dùng thử bằng confirm 200 succeeded không còn; nay trả QR trong lúc thử rồi tiền về mới chuyển trialing -> active - thay bằng TC-BANK-037
TC-PAY-079,Thanh toán & Gói thành viên,Hủy & tiếp tục gói,"Hủy ngay khi đang dùng thử: mất quyền, không thể dùng thử lại",Chức năng,Trung bình,"Seed đã chạy (npm run db:seed) trên DB sạch; paid-demo = cộng đồng công khai $19/tháng (1900 cent), Owner: owner@sofinhub.test. Mật khẩu chung Passw0rd!x. Thành viên minh họa isDemo = demo-paid-demo-<i>, không đăng nhập được. member3 trialing. Case làm thay đổi dữ liệu seed - chạy lại npm run db:seed (hoặc dùng tài khoản/gói mới) trước khi lặp lại.","1. member3 POST cancel body {""atPeriodEnd"":false}
2. Sau đó POST /api/courses/paid-demo/trial",-,"Cancel: 200 status=canceled, quyền bị thu hồi. Trial lại: 409 'Bạn đã dùng thử cộng đồng này rồi'.","Không còn dùng thử miễn phí của thành viên (bỏ 2026-10-14): POST /courses/:id/trial và POST /communities/:id/trial trả 404 nên các bước bắt đầu dùng thử / kết quả 201, 409, 400, 403 của đường này không còn đúng - thay bằng TC-BANK-050."
TC-PAY-081,Thanh toán & Gói thành viên,Gia hạn tự động,Scheduler gia hạn gói active đến hạn: tạo giao dịch renewal + hóa đơn,Tích hợp,Cao,"Seed đã chạy (npm run db:seed) trên DB sạch; paid-demo = cộng đồng công khai $19/tháng (1900 cent), Owner: owner@sofinhub.test. Mật khẩu chung Passw0rd!x. Thành viên minh họa isDemo = demo-paid-demo-<i>, không đăng nhập được. member1 gói active. Sửa DB seed-sub-member1.currentPeriodEnd = now - 1 giờ. Case làm thay đổi dữ liệu seed - chạy lại npm run db:seed (hoặc dùng tài khoản/gói mới) trước khi lặp lại.","1. Chờ tối đa 5 phút (processDueSubscriptions)
2. Đăng nhập member1, GET /api/me/payments
3. GET /api/courses/paid-demo/subscription",kỳ gói 30 ngày (SUBSCRIPTION_PERIOD_DAYS),"Có giao dịch kind=renewal status=succeeded amountCents=1900 mới với invoiceNumber; periodStart = currentPeriodEnd cũ, periodEnd = +30 ngày; gói vẫn active, quyền không gián đoạn; thông báo 'Gia hạn gói thành công' body 'Gói của bạn được gia hạn đến <yyyy-mm-dd>. Hóa đơn INV-…'.","Scheduler tự trừ gia hạn (renewal succeeded ngay, 1900 cent) không còn; nay phát hóa đơn gia hạn pending có QR trước hạn và chỉ nối kỳ khi tiền về - thay bằng TC-BANK-032, TC-BANK-033"
TC-PAY-082,Thanh toán & Gói thành viên,Gia hạn tự động,Mỗi lần chạy scheduler chỉ tiến 1 kỳ,Tích hợp,Trung bình,"Seed đã chạy (npm run db:seed) trên DB sạch; paid-demo = cộng đồng công khai $19/tháng (1900 cent), Owner: owner@sofinhub.test. Mật khẩu chung Passw0rd!x. Thành viên minh họa isDemo = demo-paid-demo-<i>, không đăng nhập được. Sửa DB seed-sub-member1.currentPeriodEnd = now - 70 ngày. Case làm thay đổi dữ liệu seed - chạy lại npm run db:seed (hoặc dùng tài khoản/gói mới) trước khi lặp lại.","1. Chờ 1 lượt scheduler
2. GET /api/me/payments bằng member1",-,Sau 1 lượt chỉ thêm 1 renewal (kỳ mới bắt đầu từ currentPeriodEnd cũ); các kỳ trễ còn lại được xử lý ở lượt sau (mỗi lượt 1 kỳ) - ghi nhận hành vi thực tế của code.,"""Mỗi lượt scheduler tiến 1 kỳ"" gắn với auto-charge không còn; nay mỗi kỳ chỉ phát đúng 1 hóa đơn gia hạn, chạy lặp không phát trùng - thay bằng TC-BANK-032"
TC-PAY-083,Thanh toán & Gói thành viên,Gia hạn tự động,"Gia hạn thất bại (thẻ từ chối): gói expired, thu hồi quyền, thông báo",Tích hợp,Cao,Chỉ kiểm được bằng test tích hợp BE (mockGateway.failFor). Chưa làm: dunning/thử lại nhiều lần - hiện hết hạn ngay khi lần thu đầu thất bại.,1. Test BE: failFor(userId) rồi gọi processDueSubscriptions(now) với gói đến hạn,-,Tạo giao dịch kind=renewal status=failed (không hóa đơn); gói status=expired; enrollment bị xóa; thông báo payment_failed 'Gia hạn thất bại' body 'Không thể trừ tiền gia hạn nên gói đã hết hiệu lực. Vui lòng đăng ký lại.'; kết quả renewalFailed=1.,Gia hạn bằng thẻ bị từ chối -> expired ngay không còn; nay hết kỳ chưa trả có ân hạn 2 ngày giữ quyền rồi mới expired - thay bằng TC-BANK-034
TC-PAY-084,Thanh toán & Gói thành viên,Gia hạn tự động,Thử lại thanh toán nhiều lần (dunning) khi gia hạn thất bại,Chức năng,Cao,Chưa làm: retry nhiều lần / email nhắc cập nhật thẻ (docs/api/payments.md mục 'Chưa làm'). Hiện hết hạn ngay.,"1. Để gia hạn thất bại lần đầu
2. Quan sát trong các ngày kế tiếp",-,"Khi làm xong: hệ thống thử lại theo lịch cấu hình, chỉ khóa quyền sau X lần thất bại liên tiếp; hiện tại (chưa làm) gói expired ngay lần đầu.","Điểm chưa làm ""dunning/retry nhiều lần, hiện expired ngay"" lỗi thời: nay có hóa đơn gia hạn + ân hạn 2 ngày thay cho dunning thẻ - thay bằng TC-BANK-034"
TC-PAY-085,Thanh toán & Gói thành viên,Gia hạn tự động,Nhắc trước khi gia hạn (email/thông báo),Tích hợp,Thấp,Chưa làm: thông báo nhắc trước hạn và email giao dịch (hiện chỉ thông báo trong app khi gia hạn xong).,1. Để gói còn 3 ngày đến hạn,-,Khi làm xong: nhận nhắc đúng thời điểm.,"Điểm chưa làm ""nhắc trước hạn"" đã làm theo cách khác: phát hóa đơn gia hạn kèm thông báo khi còn <= 3 ngày - thay bằng TC-BANK-032"
TC-PAY-087,Thanh toán & Gói thành viên,Gia hạn tự động,Webhook subscription.renewed ghi nhận gia hạn từ cổng,Tích hợp,Trung bình,"Seed đã chạy (npm run db:seed) trên DB sạch; paid-demo = cộng đồng công khai $19/tháng (1900 cent), Owner: owner@sofinhub.test. Mật khẩu chung Passw0rd!x. Thành viên minh họa isDemo = demo-paid-demo-<i>, không đăng nhập được. Ký webhook: header x-sofin-signature = t=<unix giây hiện tại>,v1=<hex HMAC-SHA256 của chuỗi ""<t>.<rawBody>"">, secret = PAYMENT_WEBHOOK_SECRET (mặc định dev: dev-webhook-secret-change-me), rawBody là đúng chuỗi JSON gửi đi (không khoảng trắng thừa). Case làm thay đổi dữ liệu seed - chạy lại npm run db:seed (hoặc dùng tài khoản/gói mới) trước khi lặp lại.","1. Gửi webhook subscription.renewed {subscriptionId:'seed-sub-member1'} đã ký
2. GET /api/me/payments bằng member1","{""id"":""evt-renew-1"",""type"":""subscription.renewed"",""data"":{""subscriptionId"":""seed-sub-member1"",""chargeId"":""ch_qa_1""}}","200 {received:true}; có thêm giao dịch renewal succeeded amountCents=1900, gatewayChargeId=ch_qa_1, periodStart = currentPeriodEnd cũ, có invoiceNumber; gói active.",Webhook subscription.renewed (HMAC) không còn; gia hạn là trả hóa đơn QR qua webhook SePay - thay bằng TC-BANK-033
TC-PAY-110,Thanh toán & Gói thành viên,Hoàn tiền,"Trang Quản trị -> tab Hoàn tiền: lọc, duyệt, từ chối trên UI",Giao diện,Trung bình,"Seed đã chạy (npm run db:seed) trên DB sạch; paid-demo = cộng đồng công khai $19/tháng (1900 cent), Owner: owner@sofinhub.test. Mật khẩu chung Passw0rd!x. Thành viên minh họa isDemo = demo-paid-demo-<i>, không đăng nhập được. Đăng nhập admin. Case làm thay đổi dữ liệu seed - chạy lại npm run db:seed (hoặc dùng tài khoản/gói mới) trước khi lặp lại.","1. Mở /admin, tab Hoàn tiền
2. Lọc 'Chờ duyệt'
3. Bấm 'Duyệt hoàn tiền' trên yêu cầu của demo #2 (nhập ghi chú tùy chọn)
4. Bấm lần nữa/tải lại và thử xử lý lại",-,Bộ lọc Chờ duyệt/Đã duyệt/Từ chối/Tất cả; sau duyệt yêu cầu biến khỏi 'Chờ duyệt'; thử xử lý lại hiển thị lỗi 409 'Yêu cầu này đã được xử lý' trong hộp thoại.,UI /admin 4 tab (Hoàn tiền/Rút tiền/Báo cáo/Khóa) đã bị thay bằng Admin Console (frontend/src/App.tsx /admin/* -> AdminRoutes); trùng ADM2 mục Thanh toán > Hoàn tiền.
TC-PAY-126,Thanh toán & Gói thành viên,Webhook,"Webhook payment.succeeded hợp lệ khi chưa redirect: cấp quyền, hóa đơn",Tích hợp,Cao,"Seed đã chạy (npm run db:seed) trên DB sạch; paid-demo = cộng đồng công khai $19/tháng (1900 cent), Owner: owner@sofinhub.test. Mật khẩu chung Passw0rd!x. Thành viên minh họa isDemo = demo-paid-demo-<i>, không đăng nhập được. newbie có giao dịch pending P (đã checkout, CHƯA confirm - mô phỏng webhook đến trước redirect). Ký webhook: header x-sofin-signature = t=<unix giây hiện tại>,v1=<hex HMAC-SHA256 của chuỗi ""<t>.<rawBody>"">, secret = PAYMENT_WEBHOOK_SECRET (mặc định dev: dev-webhook-secret-change-me), rawBody là đúng chuỗi JSON gửi đi (không khoảng trắng thừa). Case làm thay đổi dữ liệu seed - chạy lại npm run db:seed (hoặc dùng tài khoản/gói mới) trước khi lặp lại.","1. POST /api/payments/webhook (không token) với event ký hợp lệ
2. GET /api/courses/paid-demo/subscription bằng newbie","{""id"":""evt-qa-1"",""type"":""payment.succeeded"",""data"":{""paymentId"":""<P>"",""chargeId"":""ch_qa_1""}}","200 {received:true}; giao dịch succeeded (gatewayChargeId=ch_qa_1, có invoiceNumber), gói active, newbie enrolled=true. Sau đó newbie mở lại confirm -> 200 trả bản ghi cũ, không tạo hóa đơn thứ hai.","Webhook cổng cũ ký HMAC (header x-sofin-signature, PAYMENT_WEBHOOK_SECRET, WebhookEvent, loại sự kiện payment.*/subscription.*) đã bị thay bằng webhook SePay xác thực Authorization: Apikey (SEPAY_WEBHOOK_KEY), body là giao dịch ngân hàng - thay bằng nhóm TC-BANK-012..022 (key, trùng giao dịch, tiền ra, thiếu/dư tiền, mã lạ, phiên hết hạn) [cấp quyền khi tiền về = TC-BANK-014]"
TC-PAY-127,Thanh toán & Gói thành viên,Webhook,"Webhook trùng event id: 200 duplicate, không tác dụng phụ",Bảo mật,Cao,"Seed đã chạy (npm run db:seed) trên DB sạch; paid-demo = cộng đồng công khai $19/tháng (1900 cent), Owner: owner@sofinhub.test. Mật khẩu chung Passw0rd!x. Thành viên minh họa isDemo = demo-paid-demo-<i>, không đăng nhập được. Đã gửi thành công event evt-qa-1 (case trước). Ký webhook: header x-sofin-signature = t=<unix giây hiện tại>,v1=<hex HMAC-SHA256 của chuỗi ""<t>.<rawBody>"">, secret = PAYMENT_WEBHOOK_SECRET (mặc định dev: dev-webhook-secret-change-me), rawBody là đúng chuỗi JSON gửi đi (không khoảng trắng thừa).","1. Gửi lại đúng body/event id evt-qa-1 (ký lại với timestamp mới)
2. Đếm giao dịch/hóa đơn của newbie",id=evt-qa-1,"200 {received:true, duplicate:true}; không thêm giao dịch/hóa đơn/thông báo.","Webhook cổng cũ ký HMAC (header x-sofin-signature, PAYMENT_WEBHOOK_SECRET, WebhookEvent, loại sự kiện payment.*/subscription.*) đã bị thay bằng webhook SePay xác thực Authorization: Apikey (SEPAY_WEBHOOK_KEY), body là giao dịch ngân hàng - thay bằng nhóm TC-BANK-012..022 (key, trùng giao dịch, tiền ra, thiếu/dư tiền, mã lạ, phiên hết hạn) [giao dịch trùng = TC-BANK-015]"
TC-PAY-128,Thanh toán & Gói thành viên,Webhook,Webhook không có header chữ ký bị 400,Bảo mật,Cao,"Seed đã chạy (npm run db:seed) trên DB sạch; paid-demo = cộng đồng công khai $19/tháng (1900 cent), Owner: owner@sofinhub.test. Mật khẩu chung Passw0rd!x. Thành viên minh họa isDemo = demo-paid-demo-<i>, không đăng nhập được.","1. POST /api/payments/webhook body JSON hợp lệ, không gửi x-sofin-signature","{""id"":""evt-x"",""type"":""payment.succeeded"",""data"":{}}","400 BAD_REQUEST, message 'Yêu cầu không hợp lệ' (không nêu chi tiết). Không đổi dữ liệu.","Webhook cổng cũ ký HMAC (header x-sofin-signature, PAYMENT_WEBHOOK_SECRET, WebhookEvent, loại sự kiện payment.*/subscription.*) đã bị thay bằng webhook SePay xác thực Authorization: Apikey (SEPAY_WEBHOOK_KEY), body là giao dịch ngân hàng - thay bằng nhóm TC-BANK-012..022 (key, trùng giao dịch, tiền ra, thiếu/dư tiền, mã lạ, phiên hết hạn)"
TC-PAY-129,Thanh toán & Gói thành viên,Webhook,Webhook chữ ký sai (secret khác) bị 400,Bảo mật,Cao,"Seed đã chạy (npm run db:seed) trên DB sạch; paid-demo = cộng đồng công khai $19/tháng (1900 cent), Owner: owner@sofinhub.test. Mật khẩu chung Passw0rd!x. Thành viên minh họa isDemo = demo-paid-demo-<i>, không đăng nhập được. newbie có giao dịch pending P.",1. Ký payload bằng secret 'sai-secret' rồi POST /api/payments/webhook,payment.succeeded {paymentId:<P>},"400 'Yêu cầu không hợp lệ'; P vẫn pending, không cấp quyền.","Webhook cổng cũ ký HMAC (header x-sofin-signature, PAYMENT_WEBHOOK_SECRET, WebhookEvent, loại sự kiện payment.*/subscription.*) đã bị thay bằng webhook SePay xác thực Authorization: Apikey (SEPAY_WEBHOOK_KEY), body là giao dịch ngân hàng - thay bằng nhóm TC-BANK-012..022 (key, trùng giao dịch, tiền ra, thiếu/dư tiền, mã lạ, phiên hết hạn)"
TC-PAY-130,Thanh toán & Gói thành viên,Webhook,Sửa body sau khi ký bị 400,Bảo mật,Cao,"Seed đã chạy (npm run db:seed) trên DB sạch; paid-demo = cộng đồng công khai $19/tháng (1900 cent), Owner: owner@sofinhub.test. Mật khẩu chung Passw0rd!x. Thành viên minh họa isDemo = demo-paid-demo-<i>, không đăng nhập được. Ký webhook: header x-sofin-signature = t=<unix giây hiện tại>,v1=<hex HMAC-SHA256 của chuỗi ""<t>.<rawBody>"">, secret = PAYMENT_WEBHOOK_SECRET (mặc định dev: dev-webhook-secret-change-me), rawBody là đúng chuỗi JSON gửi đi (không khoảng trắng thừa).","1. Ký body có paymentId=<P>
2. Đổi paymentId khác trong body nhưng giữ nguyên header",-,400 'Yêu cầu không hợp lệ' (HMAC tính trên raw body).,"Webhook cổng cũ ký HMAC (header x-sofin-signature, PAYMENT_WEBHOOK_SECRET, WebhookEvent, loại sự kiện payment.*/subscription.*) đã bị thay bằng webhook SePay xác thực Authorization: Apikey (SEPAY_WEBHOOK_KEY), body là giao dịch ngân hàng - thay bằng nhóm TC-BANK-012..022 (key, trùng giao dịch, tiền ra, thiếu/dư tiền, mã lạ, phiên hết hạn)"
TC-PAY-131,Thanh toán & Gói thành viên,Webhook,Chống replay: timestamp cũ hơn 300 giây bị 400,Bảo mật,Cao,"Seed đã chạy (npm run db:seed) trên DB sạch; paid-demo = cộng đồng công khai $19/tháng (1900 cent), Owner: owner@sofinhub.test. Mật khẩu chung Passw0rd!x. Thành viên minh họa isDemo = demo-paid-demo-<i>, không đăng nhập được. Ký webhook: header x-sofin-signature = t=<unix giây hiện tại>,v1=<hex HMAC-SHA256 của chuỗi ""<t>.<rawBody>"">, secret = PAYMENT_WEBHOOK_SECRET (mặc định dev: dev-webhook-secret-change-me), rawBody là đúng chuỗi JSON gửi đi (không khoảng trắng thừa).","1. Ký payload đúng secret nhưng t = hiện tại - 301 giây
2. POST webhook",t lệch -301s,400 'Yêu cầu không hợp lệ'.,"Webhook cổng cũ ký HMAC (header x-sofin-signature, PAYMENT_WEBHOOK_SECRET, WebhookEvent, loại sự kiện payment.*/subscription.*) đã bị thay bằng webhook SePay xác thực Authorization: Apikey (SEPAY_WEBHOOK_KEY), body là giao dịch ngân hàng - thay bằng nhóm TC-BANK-012..022 (key, trùng giao dịch, tiền ra, thiếu/dư tiền, mã lạ, phiên hết hạn)"
TC-PAY-132,Thanh toán & Gói thành viên,Webhook,Timestamp ở tương lai quá 300 giây cũng bị 400; biên 299 giây được chấp nhận,Bảo mật,Trung bình,"Seed đã chạy (npm run db:seed) trên DB sạch; paid-demo = cộng đồng công khai $19/tháng (1900 cent), Owner: owner@sofinhub.test. Mật khẩu chung Passw0rd!x. Thành viên minh họa isDemo = demo-paid-demo-<i>, không đăng nhập được. Ký webhook: header x-sofin-signature = t=<unix giây hiện tại>,v1=<hex HMAC-SHA256 của chuỗi ""<t>.<rawBody>"">, secret = PAYMENT_WEBHOOK_SECRET (mặc định dev: dev-webhook-secret-change-me), rawBody là đúng chuỗi JSON gửi đi (không khoảng trắng thừa).","1. Gửi event với t = hiện tại + 301 giây
2. Gửi event khác với t = hiện tại - 299 giây (đúng secret)",-,"Lần 1: 400. Lần 2: 200 {received:true,...}.","Webhook cổng cũ ký HMAC (header x-sofin-signature, PAYMENT_WEBHOOK_SECRET, WebhookEvent, loại sự kiện payment.*/subscription.*) đã bị thay bằng webhook SePay xác thực Authorization: Apikey (SEPAY_WEBHOOK_KEY), body là giao dịch ngân hàng - thay bằng nhóm TC-BANK-012..022 (key, trùng giao dịch, tiền ra, thiếu/dư tiền, mã lạ, phiên hết hạn)"
TC-PAY-133,Thanh toán & Gói thành viên,Webhook,"Header chữ ký sai định dạng (thiếu v1, v1 không hex, t không phải số)",Bảo mật,Trung bình,"Seed đã chạy (npm run db:seed) trên DB sạch; paid-demo = cộng đồng công khai $19/tháng (1900 cent), Owner: owner@sofinhub.test. Mật khẩu chung Passw0rd!x. Thành viên minh họa isDemo = demo-paid-demo-<i>, không đăng nhập được.","1. Gửi header 't=123'
2. Gửi header 't=<now>,v1=zzzz'
3. Gửi header 't=abc,v1=abcd'
4. Gửi header chuỗi rỗng",-,"Cả 4 lần: 400 'Yêu cầu không hợp lệ', không lỗi 500.","Webhook cổng cũ ký HMAC (header x-sofin-signature, PAYMENT_WEBHOOK_SECRET, WebhookEvent, loại sự kiện payment.*/subscription.*) đã bị thay bằng webhook SePay xác thực Authorization: Apikey (SEPAY_WEBHOOK_KEY), body là giao dịch ngân hàng - thay bằng nhóm TC-BANK-012..022 (key, trùng giao dịch, tiền ra, thiếu/dư tiền, mã lạ, phiên hết hạn)"
TC-PAY-134,Thanh toán & Gói thành viên,Webhook,Chữ ký hợp lệ nhưng body không phải JSON hoặc thiếu id,Chức năng,Trung bình,"Seed đã chạy (npm run db:seed) trên DB sạch; paid-demo = cộng đồng công khai $19/tháng (1900 cent), Owner: owner@sofinhub.test. Mật khẩu chung Passw0rd!x. Thành viên minh họa isDemo = demo-paid-demo-<i>, không đăng nhập được. Ký webhook: header x-sofin-signature = t=<unix giây hiện tại>,v1=<hex HMAC-SHA256 của chuỗi ""<t>.<rawBody>"">, secret = PAYMENT_WEBHOOK_SECRET (mặc định dev: dev-webhook-secret-change-me), rawBody là đúng chuỗi JSON gửi đi (không khoảng trắng thừa).","1. Ký và gửi body 'khong-phai-json' với Content-Type application/json
2. Ký và gửi body {""type"":""payment.succeeded""} (thiếu id)",-,"Lần 1: 400 (BAD_REQUEST 'Nội dung gửi lên không phải JSON hợp lệ' nếu bị express.json chặn ở tầng parse, hoặc 'Yêu cầu không hợp lệ'; không còn 500). Lần 2: 400 VALIDATION_ERROR.","Webhook cổng cũ ký HMAC (header x-sofin-signature, PAYMENT_WEBHOOK_SECRET, WebhookEvent, loại sự kiện payment.*/subscription.*) đã bị thay bằng webhook SePay xác thực Authorization: Apikey (SEPAY_WEBHOOK_KEY), body là giao dịch ngân hàng - thay bằng nhóm TC-BANK-012..022 (key, trùng giao dịch, tiền ra, thiếu/dư tiền, mã lạ, phiên hết hạn)"
TC-PAY-135,Thanh toán & Gói thành viên,Webhook,Loại sự kiện lạ hoặc đối tượng không tồn tại: 200 ignored,Chức năng,Trung bình,"Seed đã chạy (npm run db:seed) trên DB sạch; paid-demo = cộng đồng công khai $19/tháng (1900 cent), Owner: owner@sofinhub.test. Mật khẩu chung Passw0rd!x. Thành viên minh họa isDemo = demo-paid-demo-<i>, không đăng nhập được. Ký webhook: header x-sofin-signature = t=<unix giây hiện tại>,v1=<hex HMAC-SHA256 của chuỗi ""<t>.<rawBody>"">, secret = PAYMENT_WEBHOOK_SECRET (mặc định dev: dev-webhook-secret-change-me), rawBody là đúng chuỗi JSON gửi đi (không khoảng trắng thừa).","1. Gửi event type 'invoice.finalized'
2. Gửi payment.succeeded với paymentId 'khong-co'",-,"Cả hai 200 {received:true, ignored:true} (để cổng khỏi retry vô hạn); không đổi dữ liệu.","Webhook cổng cũ ký HMAC (header x-sofin-signature, PAYMENT_WEBHOOK_SECRET, WebhookEvent, loại sự kiện payment.*/subscription.*) đã bị thay bằng webhook SePay xác thực Authorization: Apikey (SEPAY_WEBHOOK_KEY), body là giao dịch ngân hàng - thay bằng nhóm TC-BANK-012..022 (key, trùng giao dịch, tiền ra, thiếu/dư tiền, mã lạ, phiên hết hạn)"
TC-PAY-136,Thanh toán & Gói thành viên,Webhook,Webhook payment.failed rồi payment.succeeded cho giao dịch đã failed,Chức năng,Trung bình,"Seed đã chạy (npm run db:seed) trên DB sạch; paid-demo = cộng đồng công khai $19/tháng (1900 cent), Owner: owner@sofinhub.test. Mật khẩu chung Passw0rd!x. Thành viên minh họa isDemo = demo-paid-demo-<i>, không đăng nhập được. newbie có giao dịch pending P. Ký webhook: header x-sofin-signature = t=<unix giây hiện tại>,v1=<hex HMAC-SHA256 của chuỗi ""<t>.<rawBody>"">, secret = PAYMENT_WEBHOOK_SECRET (mặc định dev: dev-webhook-secret-change-me), rawBody là đúng chuỗi JSON gửi đi (không khoảng trắng thừa).","1. Gửi payment.failed {paymentId:<P>, reason:'card_declined'}
2. Gửi payment.succeeded {paymentId:<P>} (event id khác)",-,"Event 1: P -> failed + thông báo 'Thanh toán thất bại'. Event 2: 200 nhưng P vẫn failed, không cấp quyền (chỉ giao dịch pending mới được settle) - hành vi thực tế.","Webhook cổng cũ ký HMAC (header x-sofin-signature, PAYMENT_WEBHOOK_SECRET, WebhookEvent, loại sự kiện payment.*/subscription.*) đã bị thay bằng webhook SePay xác thực Authorization: Apikey (SEPAY_WEBHOOK_KEY), body là giao dịch ngân hàng - thay bằng nhóm TC-BANK-012..022 (key, trùng giao dịch, tiền ra, thiếu/dư tiền, mã lạ, phiên hết hạn)"
TC-PAY-137,Thanh toán & Gói thành viên,Webhook,"Webhook payment.refunded cho giao dịch succeeded: hoàn tiền tự động, không gọi lại cổng",Chức năng,Trung bình,"Seed đã chạy (npm run db:seed) trên DB sạch; paid-demo = cộng đồng công khai $19/tháng (1900 cent), Owner: owner@sofinhub.test. Mật khẩu chung Passw0rd!x. Thành viên minh họa isDemo = demo-paid-demo-<i>, không đăng nhập được. newbie có giao dịch succeeded. Ký webhook: header x-sofin-signature = t=<unix giây hiện tại>,v1=<hex HMAC-SHA256 của chuỗi ""<t>.<rawBody>"">, secret = PAYMENT_WEBHOOK_SECRET (mặc định dev: dev-webhook-secret-change-me), rawBody là đúng chuỗi JSON gửi đi (không khoảng trắng thừa). Case làm thay đổi dữ liệu seed - chạy lại npm run db:seed (hoặc dùng tài khoản/gói mới) trước khi lặp lại.","1. Gửi payment.refunded {paymentId:<id>}
2. GET /api/me/payments bằng newbie",-,"200; giao dịch refunded refundedCents=1900; có RefundRequest reason 'Hoàn tiền từ cổng thanh toán' auto=true status=approved; gói canceled, quyền bị thu hồi.","Webhook payment.refunded tự hoàn qua cổng không còn: hoàn tiền chỉ được GHI NHẬN, admin chuyển khoản trả khách ngoài hệ thống (BankTransferGateway.refund) - thay bằng TC-BANK-046"
TC-PAY-138,Thanh toán & Gói thành viên,Webhook,Webhook subscription.canceled kết thúc gói active,Chức năng,Trung bình,"Seed đã chạy (npm run db:seed) trên DB sạch; paid-demo = cộng đồng công khai $19/tháng (1900 cent), Owner: owner@sofinhub.test. Mật khẩu chung Passw0rd!x. Thành viên minh họa isDemo = demo-paid-demo-<i>, không đăng nhập được. Ký webhook: header x-sofin-signature = t=<unix giây hiện tại>,v1=<hex HMAC-SHA256 của chuỗi ""<t>.<rawBody>"">, secret = PAYMENT_WEBHOOK_SECRET (mặc định dev: dev-webhook-secret-change-me), rawBody là đúng chuỗi JSON gửi đi (không khoảng trắng thừa). Case làm thay đổi dữ liệu seed - chạy lại npm run db:seed (hoặc dùng tài khoản/gói mới) trước khi lặp lại.",1. Gửi subscription.canceled {subscriptionId:'seed-sub-member1'},-,"200; gói status=canceled, quyền member1 bị thu hồi; thông báo 'Gói thành viên của bạn đã bị hủy bởi cổng thanh toán.'.","Webhook cổng cũ ký HMAC (header x-sofin-signature, PAYMENT_WEBHOOK_SECRET, WebhookEvent, loại sự kiện payment.*/subscription.*) đã bị thay bằng webhook SePay xác thực Authorization: Apikey (SEPAY_WEBHOOK_KEY), body là giao dịch ngân hàng - thay bằng nhóm TC-BANK-012..022 (key, trùng giao dịch, tiền ra, thiếu/dư tiền, mã lạ, phiên hết hạn)"
TC-PAY-139,Thanh toán & Gói thành viên,Webhook,Hai webhook cùng event id gửi song song: đúng một bên xử lý,Bảo mật,Cao,"Seed đã chạy (npm run db:seed) trên DB sạch; paid-demo = cộng đồng công khai $19/tháng (1900 cent), Owner: owner@sofinhub.test. Mật khẩu chung Passw0rd!x. Thành viên minh họa isDemo = demo-paid-demo-<i>, không đăng nhập được. newbie có giao dịch pending P. Ký webhook: header x-sofin-signature = t=<unix giây hiện tại>,v1=<hex HMAC-SHA256 của chuỗi ""<t>.<rawBody>"">, secret = PAYMENT_WEBHOOK_SECRET (mặc định dev: dev-webhook-secret-change-me), rawBody là đúng chuỗi JSON gửi đi (không khoảng trắng thừa).",1. Gửi đồng thời 5 request webhook cùng event id evt-par-1,-,"Có đúng một response {received:true}, các response còn lại {received:true,duplicate:true}; chỉ 1 hóa đơn.","Webhook cổng cũ ký HMAC (header x-sofin-signature, PAYMENT_WEBHOOK_SECRET, WebhookEvent, loại sự kiện payment.*/subscription.*) đã bị thay bằng webhook SePay xác thực Authorization: Apikey (SEPAY_WEBHOOK_KEY), body là giao dịch ngân hàng - thay bằng nhóm TC-BANK-012..022 (key, trùng giao dịch, tiền ra, thiếu/dư tiền, mã lạ, phiên hết hạn) [song song = TC-BANK-015/025]"
TC-PAY-140,Thanh toán & Gói thành viên,Webhook,Webhook nhận không cần đăng nhập nhưng không bị giới hạn bởi CSRF/token người dùng,Bảo mật,Thấp,"Seed đã chạy (npm run db:seed) trên DB sạch; paid-demo = cộng đồng công khai $19/tháng (1900 cent), Owner: owner@sofinhub.test. Mật khẩu chung Passw0rd!x. Thành viên minh họa isDemo = demo-paid-demo-<i>, không đăng nhập được.","1. Gửi webhook hợp lệ không kèm Authorization
2. Gửi kèm token member1 nhưng chữ ký sai",-,Lần 1: 200 (không yêu cầu 401). Lần 2: vẫn 400 - token người dùng không thay thế được chữ ký.,"Webhook cổng cũ ký HMAC (header x-sofin-signature, PAYMENT_WEBHOOK_SECRET, WebhookEvent, loại sự kiện payment.*/subscription.*) đã bị thay bằng webhook SePay xác thực Authorization: Apikey (SEPAY_WEBHOOK_KEY), body là giao dịch ngân hàng - thay bằng nhóm TC-BANK-012..022 (key, trùng giao dịch, tiền ra, thiếu/dư tiền, mã lạ, phiên hết hạn)"
TC-PAY-141,Thanh toán & Gói thành viên,Webhook,Cổng thanh toán thật (Stripe/PayOS/VNPay/MoMo): xác thực chữ ký và map sự kiện,Tích hợp,Cao,Chưa làm: chỉ có MockGateway; StripeGateway/PayOSGateway chưa hiện thực (docs/api/payments.md 'Viết StripeGateway').,"1. Cấu hình cổng thật (sandbox)
2. Thanh toán thẻ test
3. Quan sát webhook thật",Thẻ test của cổng,"Khi làm xong: chữ ký cổng thật được xác thực, sự kiện map sang 5 loại nội bộ, quyền cấp qua webhook.","Kế hoạch ""nối cổng thật Stripe/PayOS/VNPay/MoMo"" lỗi thời: quyết định cổng là chuyển khoản VietQR + SePay (đã làm) - thay bằng nhóm TC-BANK"
TC-PAY-151,Thanh toán & Gói thành viên,Doanh thu Owner,Phí cổng thanh toán 2.9% + 30 cent không được hoàn khi hoàn tiền,Chức năng,Cao,"Seed đã chạy (npm run db:seed) trên DB sạch; paid-demo = cộng đồng công khai $19/tháng (1900 cent), Owner: owner@sofinhub.test. Mật khẩu chung Passw0rd!x. Thành viên minh họa isDemo = demo-paid-demo-<i>, không đăng nhập được. Số liệu seed (DB sạch, giá 1900): 29 giao dịch succeeded/refunded = member1 2 + member2 1 + demo#1 refunded 1 + demo#2 1 + lịch sử demo#3..#10 (2,2,3,3,3,3,4,4 = 24 giao dịch); 2 payout: seed-payout-paid 5000 (paid) + seed-payout-pending 5000 (requested). Công thức: hoa hồng = round((amount-refunded)x10%); phí cổng = round(amount x 2.9%)+30 = 55+30 = 85 cent/giao dịch (1900x2.9%=55.1 làm tròn 55). Đăng nhập owner.",1. GET /api/courses/paid-demo/revenue,"GATEWAY_FEE_PCT=2.9, GATEWAY_FEE_FIXED_CENTS=30 (mô phỏng, tạm)","gatewayFeeCents = 2465 (29 giao dịch x 85, gồm cả giao dịch đã hoàn). assumptions.gatewayFeePct=2.9, gatewayFeeFixedCents=30.","Phí cổng 2,9% + 30 cent không còn là mặc định: phí cổng mặc định 0 (GATEWAY_FEE_PCT=0, GATEWAY_FEE_FIXED_CENTS=0), kỳ vọng gatewayFeeCents=2465 sai; số liệu doanh thu seed đã nhân 250 sang VND"
TC-PAY-165,Thanh toán & Gói thành viên,Doanh thu Owner,"Doanh thu hiển thị bằng USD, định dạng $x,xxx.xx",Giao diện,Thấp,"Seed đã chạy (npm run db:seed) trên DB sạch; paid-demo = cộng đồng công khai $19/tháng (1900 cent), Owner: owner@sofinhub.test. Mật khẩu chung Passw0rd!x. Thành viên minh họa isDemo = demo-paid-demo-<i>, không đăng nhập được. Đăng nhập owner.","1. Mở dashboard doanh thu
2. Xem các thẻ và bảng giao dịch",-,"Mọi số tiền dạng $551.00 (ký hiệu $, 2 chữ số thập phân, dấu phẩy nghìn); nút thanh toán 'Thanh toán $19/tháng'. Không có VNĐ (đa tiền tệ VNĐ/USD theo cổng chưa làm).","Doanh thu/nút thanh toán hiển thị USD ""$551.00"", ""Thanh toán $19/tháng"" không còn: toàn hệ thống là VND nguyên (""475.000đ"") - thay bằng TC-BANK-040"
TC-PAY-166,Thanh toán & Gói thành viên,Doanh thu Owner,Đa tiền tệ VNĐ theo cổng nội địa,Giao diện,Thấp,"Chưa làm: mọi giá và giao dịch hiện chỉ USD (currency='usd'), kể cả khi chọn VNPay/MoMo.",1. Chọn VNPay ở checkout,-,"Khi làm xong: hiển thị VNĐ cho cổng nội địa, USD cho Stripe.","Điểm chưa làm ""đa tiền tệ VNĐ theo cổng nội địa"" lỗi thời: toàn hệ thống nay chỉ VND (currency vnd/VND), không còn USD - xem TC-BANK-040"
TC-PAY-199,Thanh toán & Gói thành viên,Rút tiền,Tab Rút tiền ở /admin: lọc trạng thái và thao tác Duyệt/Đã chi trả/Từ chối,Giao diện,Trung bình,"Seed đã chạy (npm run db:seed) trên DB sạch; paid-demo = cộng đồng công khai $19/tháng (1900 cent), Owner: owner@sofinhub.test. Mật khẩu chung Passw0rd!x. Thành viên minh họa isDemo = demo-paid-demo-<i>, không đăng nhập được. Đăng nhập admin. Case làm thay đổi dữ liệu seed - chạy lại npm run db:seed (hoặc dùng tài khoản/gói mới) trước khi lặp lại.","1. Mở /admin, tab Rút tiền
2. Lọc 'Đã yêu cầu'
3. Duyệt rồi chọn 'Đã chi trả'",-,"Lệnh chuyển trạng thái tương ứng, biến khỏi bộ lọc 'Đã yêu cầu'; xử lý lại báo lỗi 409 trong hộp thoại.",UI tab Rút tiền ở /admin cũ đã bỏ (Admin Console thay thế); trùng ADM2 mục Chi trả. API đã có PAY-192..198.
TC-PAY-200,Thanh toán & Gói thành viên,Rút tiền,"Số dư có thể âm khi hoàn tiền sau khi đã rút (ghi nhận, chưa xử lý)",Chức năng,Thấp,"Seed đã chạy (npm run db:seed) trên DB sạch; paid-demo = cộng đồng công khai $19/tháng (1900 cent), Owner: owner@sofinhub.test. Mật khẩu chung Passw0rd!x. Thành viên minh họa isDemo = demo-paid-demo-<i>, không đăng nhập được. Owner rút hết số dư 35415, sau đó Admin duyệt seed-refund-pending. Case làm thay đổi dữ liệu seed - chạy lại npm run db:seed (hoặc dùng tài khoản/gói mới) trước khi lặp lại.","1. Rút hết số dư
2. Duyệt hoàn tiền demo #2
3. GET revenue",-,availableBalanceCents âm (35415 - 35415 - phần hoàn) - hành vi hiện tại được docs ghi nhận (giới hạn); chưa có cơ chế giữ/độ trễ giải ngân (chưa chốt).,Kỳ vọng lỗi thời: nay hoàn tiền sau payout ghi sổ nợ OwnerBalanceLedger và chặn payout PAYOUT_BLOCKED (payments.md 3.5); trùng MONEY 'Kịch bản nợ S1/S2'.
TC-PAY-214,Thanh toán & Gói thành viên,Nghiệp vụ chéo,Kick thành viên trả phí: quyền bị xóa nhưng gói/hoàn tiền chưa chốt,Chức năng,Trung bình,"Seed đã chạy (npm run db:seed) trên DB sạch; paid-demo = cộng đồng công khai $19/tháng (1900 cent), Owner: owner@sofinhub.test. Mật khẩu chung Passw0rd!x. Thành viên minh họa isDemo = demo-paid-demo-<i>, không đăng nhập được. member1 gói active. Owner kick member1: DELETE /api/courses/paid-demo/members/<member1Id>. Case làm thay đổi dữ liệu seed - chạy lại npm run db:seed (hoặc dùng tài khoản/gói mới) trước khi lặp lại.","1. Owner DELETE /api/courses/paid-demo/members/<member1Id>
2. member1 GET /api/courses/paid-demo/subscription
3. member1 GET /api/me/payments",-,"200 {removed:true}; enrolled=false. Theo code hiện tại Subscription VẪN active và KHÔNG có hoàn tiền/hủy gói (kick chỉ xóa ghi danh) -> scheduler vẫn có thể thu phí kỳ sau khi đến hạn dù không còn quyền (giá trị/chính sách chưa chốt, cần BA quyết định hoàn tiền hoặc hủy gói).","Kỳ vọng sai: kick nay kết thúc gói NGAY + thông báo 'không bị tính phí thêm' (endMembership, payments.md 3.2); MONEY đã có case kick."
TC-PAY-215,Thanh toán & Gói thành viên,Nghiệp vụ chéo,"Ban thành viên trả phí: chặn checkout/confirm/trial, chưa xử lý gói đang chạy",Bảo mật,Trung bình,"Seed đã chạy (npm run db:seed) trên DB sạch; paid-demo = cộng đồng công khai $19/tháng (1900 cent), Owner: owner@sofinhub.test. Mật khẩu chung Passw0rd!x. Thành viên minh họa isDemo = demo-paid-demo-<i>, không đăng nhập được. Owner ban member2: POST /api/courses/paid-demo/members/<member2Id>/ban body {""reason"":""vi phạm""}. Case làm thay đổi dữ liệu seed - chạy lại npm run db:seed (hoặc dùng tài khoản/gói mới) trước khi lặp lại.","1. member2 GET /api/courses/paid-demo/subscription
2. member2 POST /api/courses/paid-demo/checkout
3. member2 POST resume",-,Ghi danh bị xóa (enrolled=false); Subscription không tự hủy (chưa chốt). Checkout: không bị 409 'đã tham gia' nhưng confirm sẽ 403 'Bạn đã bị cấm khỏi cộng đồng này'.,"Kỳ vọng sai: ban nay dừng gia hạn (cancelAtPeriodEnd) + gỡ quyền, gỡ ban trả quyền (stopRenewals, payments.md 3.2/3.3); MONEY/GAME đã có."
TC-PAY-217,Thanh toán & Gói thành viên,Nghiệp vụ chéo,Xóa cộng đồng có gói đang chạy (chưa chốt xử lý gói/hoàn tiền),Chức năng,Thấp,"Chưa chốt: khi Owner xóa cộng đồng có thành viên đang trả phí, code chỉ đánh dấu deletedAt và thông báo, không hủy Subscription hay hoàn tiền (chưa thấy xử lý trong payments).",1. Xác định chính sách với BA,-,"Khi chốt: gói bị hủy/hoàn tiền tương ứng, scheduler không thu phí cộng đồng đã xóa.","Đã làm: xóa cộng đồng gọi endAllForCommunity kết thúc gói, scheduler không thu phí (payments.md 3.2); MONEY đã có case xóa/khóa cộng đồng."
TC-PAY-222,Thanh toán & Gói thành viên,Nghiệp vụ chéo,Thanh toán bằng cổng thật (Stripe) & giữ tiền: không mô phỏng,Tích hợp,Cao,"Chưa làm: MockGateway luôn thành công, không có tiền thật; chưa chốt cổng (PLAN câu hỏi #2).",1. Chọn Stripe -> thanh toán bằng thẻ test 4242 4242 4242 4242,Thẻ test Stripe,"Khi làm xong: chuyển hướng/confirm qua Stripe, quyền cấp qua webhook, hoàn tiền qua Stripe API.","Điểm chưa làm ""cổng thật Stripe & giữ tiền"" lỗi thời: đã chọn chuyển khoản VietQR + SePay, MockGateway đã bị bỏ - thay bằng nhóm TC-BANK (đặc biệt TC-BANK-046, 047, 048 cho phần còn chưa làm)"
TC-NOTI-068,Thông báo & Nhắn tin,Giới hạn lưu trữ thông báo,Chốt cách xác thực SSE cuối cùng (ticket hay cookie) và bỏ ?access_token,Bảo mật,Trung bình,Chưa chốt: docs/notifications ghi ?access_token= chỉ là fallback (token lọt vào access log/Referer); bản chốt dùng ticket hoặc cookie httpOnly,1. Sau khi chốt: gọi GET /api/notifications/stream?access_token=<token hợp lệ>,access_token trong URL,(Kế hoạch) Sẽ trả 401 khi đã bỏ fallback; hiện tại vẫn 200 (giá trị tạm / chưa chốt).,"Đã chốt trong code: ?access_token= bị bỏ, chỉ Bearer/ticket (notifications.routes.ts streamAuth, notifications.md); SECX có case SSE. Phần còn mở (cookie vs ticket) không phải test case."
TC-NOTI-074,Thông báo & Nhắn tin,Realtime SSE thông báo,Fallback ?access_token= hợp lệ mở được stream; token sai -> 401,Bảo mật,Trung bình,"Vừa chạy db:seed, chưa thao tác gì (kịch bản seed member1: 7 thông báo, 4 chưa đọc: seed-notif-member1-1..4; 3 đã đọc: -5..-7). Đăng nhập member1@sofinhub.test / Passw0rd!x","1. GET /api/notifications/stream?access_token=<accessToken member1>
2. GET ...?access_token=xyz",access_token,"Token đúng: 200 text/event-stream; token sai: 401 UNAUTHORIZED, message ""Vui lòng đăng nhập để tiếp tục"". (Ghi chú bảo mật: token nằm trong URL, chưa chốt bỏ.)","Tính năng bị gỡ: ?access_token= nay luôn 401 (notifications.routes.ts:25-33, notifications.md 'Đã bỏ'); SECX nhóm SSE đã kiểm."
TC-NOTI-151,Thông báo & Nhắn tin,Realtime SSE tin nhắn,"Người nhận đang online chỉ nhận realtime, không tạo thông báo",Tích hợp,Trung bình,"Vừa chạy db:seed. Hội thoại seed-conv-member1-member2 (member1 <-> member2, cùng cộng đồng photo): 8 tin, seed-msg-5 của member1 đã thu hồi, member2 chưa đọc 3 tin (seed-msg-6,7,8), member1 đã đọc hết. member3 đã chặn member2. Mật khẩu Passw0rd!x; member2 mở app (có SSE tin nhắn)","1. member2 ghi unread-count thông báo
2. member1 gửi tin
3. member2: GET /api/notifications/unread-count",-,Số thông báo chưa đọc của member2 không đổi (không có message_received).,"Cơ chế online-signal (push()===0) đã gỡ: luôn lưu thông báo, chỉ bỏ khi chính người nhận vừa xem cuộc trò chuyện <30s (messages.md 'Thông báo'); INFRA mục 5 đã có 'SSE mở nhưng không xem vẫn có Notification' và 'đang xem ack 30s'."
TC-SEARCH-007,Tìm kiếm toàn cục,Tìm kiếm API: cơ bản,Khớp chuỗi con nguyên cụm (không tách từ),Chức năng,Thấp,"Đăng nhập member1@sofinhub.test / Passw0rd!x (thành viên photo, yt, fin). Dữ liệu seed photo: khóa ""Nhiếp ảnh"", bài viết về ảnh chân dung","1. GET /api/search?q=chân dung ánh
2. GET /api/search?q=ánh dung chân",cụm liền vs đảo thứ tự,"Cụm liền khớp bài ""...chân dung ánh sáng...""; cụm đảo thứ tự không khớp (chỉ khớp chuỗi con nguyên cụm, không xếp hạng - Postgres full-text chưa làm).","Ngữ nghĩa cũ (chỉ khớp chuỗi con nguyên cụm) đã đổi: nay khớp theo từ, tiền tố từng từ, không cần đúng thứ tự (search.md 'Cách hoạt động'); PERF-007/012 đã có."
TC-SEARCH-028,Tìm kiếm toàn cục,Phạm vi & riêng tư kết quả,Bài viết bị ẩn (hidden) chỉ mod trở lên thấy,Bảo mật,Cao,"Có 1 bài ở photo đã bị mod ẩn (nội dung chứa ""kín-ẩn-123""); đăng nhập member1 rồi mod@sofinhub.test","1. member1: GET /api/search?q=kín-ẩn-123&type=posts
2. mod: cùng truy vấn",-,member1: 0 kết quả; mod: 1 kết quả. LƯU Ý: docs ghi Post chưa có trường hidden nên bước lọc chưa có tác dụng - nếu member1 vẫn thấy bài ẩn thì đây là lỗi/chưa hoàn thiện (chưa chốt); kiểm thêm bài bị mod xóa không xuất hiện.,"Ghi chú 'Post chưa có hidden' sai; hidden đã lọc trong SQL, tác giả thường KHÔNG tự thấy bài ẩn của mình (search.md Quy tắc hiển thị); trùng PERF-030."
TC-SEARCH-046,Tìm kiếm toàn cục,Postgres full-text search (chưa làm),"Chưa làm: tìm bằng tsvector/GIN, xếp hạng độ liên quan, sửa lỗi gõ",Chức năng,Trung bình,"Chưa làm: cột tsvector + GIN (unaccent, to_tsquery('simple')) hoặc pg_trgm; hiện lọc trong bộ nhớ, trần 20 trang x 50 mục/cộng đồng","1. Sau khi nâng cấp: tìm từ khóa 2 từ đảo thứ tự
2. Tìm sai chính tả 1 ký tự","q=""ánh dung chân"" / ""nhiep anhh""",(Kế hoạch) Khớp theo từ và xếp theo độ liên quan; hiện tại không khớp (chỉ khớp chuỗi con nguyên cụm).,"Đã làm: tsvector/GIN, ts_rank, pg_trgm chịu gõ sai (search.md; migration 20261005100000); PERF-012/014/022/023 đã phủ."
TC-SEARCH-048,Tìm kiếm toàn cục,Postgres full-text search (chưa làm),"Hiệu năng: quét trong bộ nhớ, cộng đồng lớn có thể trần 1000 mục",Hiệu năng,Thấp,"Cộng đồng test có > 1000 bài (script sinh), member1 là thành viên","1. Tìm từ chỉ có ở bài cũ nhất (ngoài 1000 bài mới nhất)
2. Đo thời gian phản hồi GET /search",1200 bài,"Có thể bỏ sót bài vượt trần 20 trang x 50 (giới hạn đã biết, cần đẩy xuống SQL); thời gian phản hồi ghi nhận; không 500.","Đã đẩy xuống SQL, hết trần 1000 mục; trùng PERF-024 (bài cũ vẫn tìm được) và PERF-047."
TC-UPLOAD-045,Upload tệp & ảnh,Phục vụ file /api/files/:key,/files công khai theo URL khóa 128-bit (chưa chốt),Bảo mật,Trung bình,"Đăng nhập member1@sofinhub.test / Passw0rd!x (quota upload trống, chưa upload gì). BE dev :4000, thư mục data/uploads; đã upload ảnh purpose message_attachment; Cần quyết định: /files có yêu cầu đăng nhập cho message_attachment hay không",1. Mở URL /api/files/<key> ở cửa sổ ẩn danh chưa đăng nhập,message_attachment,"Hiện tại 200 trả file cho bất kỳ ai có URL (kiểu ""unlisted link"") - giá trị tạm / chưa chốt; nếu chốt yêu cầu đăng nhập thì kỳ vọng đổi thành 401.","Kỳ vọng ngược chiều đã chốt: message_attachment là file riêng tư, ẩn danh nhận 401, cần Bearer/URL ký (uploads.routes.ts GET /files/:key; uploads.md). SECX có ma trận /files theo purpose."
TC-ADMIN-055,Quản trị & Vận hành hệ thống,Khu quản trị nền tảng,"Platform Admin thấy mục ""Quản trị"" trong menu avatar và trang /admin có 4 tab",Giao diện,Cao,"Đã chạy `npm run db:reset` (Postgres :5435 + seed), BE :4000, FE :5173. Đăng nhập admin@sofinhub.test / Passw0rd!x (PLATFORM_ADMIN_EMAILS chứa email này).","1. Bấm avatar ở Header
2. Chọn ""Quản trị""
3. Kiểm các tab",-,"Menu có ""Quản trị"" → /admin, tiêu đề ""Quản trị nền tảng"", 4 tab: ""Hoàn tiền"", ""Rút tiền"", ""Báo cáo vi phạm"", ""Khóa cộng đồng"" (mặc định Hoàn tiền). Trong lúc kiểm quyền hiện ""Đang kiểm tra quyền…"".",UI /admin 4 tab ('Quản trị nền tảng') đã được thay bằng Admin Console (App.tsx /admin/*); trùng ADM (khung admin).
TC-ADMIN-057,Quản trị & Vận hành hệ thống,Khu quản trị nền tảng,"FE xác định admin bằng GET /api/admin/refunds?page=1&limit=1: 200 với admin, 403 với người khác",Bảo mật,Trung bình,"Đã chạy `npm run db:reset` (Postgres :5435 + seed), BE :4000, FE :5173. Token admin, owner, khách.",1. GET /api/admin/refunds?page=1&limit=1 với từng token,-,"admin: 200 {data,meta}; owner: 403 FORBIDDEN (""Chỉ Platform Admin mới có quyền này""); khách: 401 UNAUTHORIZED (""Vui lòng đăng nhập để tiếp tục""). (Chưa có cờ admin trong /auth/me — ghi chú BE thiếu.)",FE không còn xác định admin bằng GET /admin/refunds mà bằng GET /admin/me (frontend/src/features/admin/queries.ts:10); ADM đã có case /admin/me.
TC-ADMIN-063,Quản trị & Vận hành hệ thống,Khu quản trị nền tảng,"UI tab ""Khóa cộng đồng"": nhập id/slug + lý do rồi Khóa, sau đó Mở khóa",Giao diện,Trung bình,"Đã chạy `npm run db:reset` (Postgres :5435 + seed), BE :4000, FE :5173. admin đăng nhập; cộng đồng thử C tồn tại.","1. Vào /admin → tab ""Khóa cộng đồng""
2. Nhập id C và lý do 2 ký tự → thử Khóa
3. Nhập lý do >= 3 ký tự → Khóa cộng đồng
4. Nhập id sai → Khóa
5. Bấm Mở khóa",lý do 'ab' rồi 'Vi phạm nội quy'; id sai 'xyz-khong-co',"Lý do quá ngắn bị chặn ở FE; khóa hợp lệ hiện thông báo thành công; id sai → hiện lỗi 404 (""Không tìm thấy...""); Mở khóa không đòi lý do.",Tab 'Khóa cộng đồng' của /admin cũ đã bỏ; khóa/mở khóa nay trong Admin Console (ADM Cộng đồng). API lock vẫn được ADMIN-058..062 phủ.
TC-ADMIN-074,Quản trị & Vận hành hệ thống,Khu quản trị nền tảng,"Tổng quan số liệu toàn nền tảng (người dùng, cộng đồng, giao dịch, báo cáo) trên /admin",Chức năng,Trung bình,"Chưa làm: /admin hiện chỉ có 4 tab (Hoàn tiền, Rút tiền, Báo cáo vi phạm, Khóa cộng đồng); chưa có endpoint thống kê tổng quan.","1. Đăng nhập admin, mở /admin
2. Tìm thẻ thống kê tổng quan",-,"Khi làm xong: hiển thị tổng người dùng, cộng đồng, giao dịch, báo cáo đang chờ, khớp COUNT trong DB.",Đã làm: Admin Console có Dashboard tổng quan (ADM).
TC-ADMIN-075,Quản trị & Vận hành hệ thống,Khu quản trị nền tảng,Danh sách và tìm kiếm người dùng/cộng đồng toàn nền tảng cho Platform Admin,Chức năng,Trung bình,Chưa làm: không có endpoint admin liệt kê người dùng/cộng đồng (chỉ lock/unlock theo id và hàng đợi báo cáo/hoàn tiền/rút tiền).,"1. Đăng nhập admin
2. Vào tab Người dùng / Cộng đồng, tìm theo tên, email, id",-,"Khi làm xong: danh sách phân trang, tìm được theo email, hiển thị trạng thái khóa; chỉ Platform Admin gọi được (403 với người khác).",Đã làm: Admin Console có danh sách/tìm kiếm Người dùng và Cộng đồng (ADM).
TC-ADMIN-076,Quản trị & Vận hành hệ thống,Khu quản trị nền tảng,Ban tài khoản trên toàn nền tảng (khác với ban trong một cộng đồng),Bảo mật,Cao,Chưa làm: chỉ có ban theo cộng đồng (CommunityBan). Chưa có cờ ban toàn cục nên tài khoản vi phạm nặng vẫn đăng nhập được.,"1. Admin ban user X toàn nền tảng
2. X đăng nhập; X dùng access token cũ",-,Khi làm xong: đăng nhập bị từ chối với thông báo rõ ràng; access token/refresh token đang có bị thu hồi ngay (401); X không tham gia lại được cộng đồng nào.,Đã làm: admin suspend/ban tài khoản toàn nền tảng (admin-users.service.ts suspend/ban; ADM Người dùng).
TC-INTEG-018,API / Tích hợp & Concurrency,Concurrency: thanh toán,Xác nhận thanh toán (confirm) 2 lần song song: chỉ tính tiền và xuất hóa đơn một lần,Tích hợp,Cao,"Đã chạy `npm run db:reset` (Postgres :5435 + seed), BE :4000, FE :5173. newbie đăng nhập; paid-demo giá $19. Tạo giao dịch: POST /api/courses/paid-demo/checkout {method:'stripe'} → lấy payment id (status pending).","1. Gửi đồng thời 2 POST /api/payments/<id>/confirm bằng token newbie
2. GET /api/me/payments
3. GET /api/payments/<id>/invoice",method=stripe,"Cổng chỉ bị trừ 1 lần (MockGateway chỉ ghi 1 charge); giao dịch status=succeeded, chỉ có 1 invoiceNumber dạng INV-<năm>-<6 số> (không trùng/không hở dãy); newbie trở thành member paid-demo đúng một lần, có duy nhất 1 Subscription; không có 500.",Trùng PAY-057 (confirm song song) và MONEY.
TC-INTEG-019,API / Tích hợp & Concurrency,Concurrency: thanh toán,Idempotency-Key: gửi checkout 2 lần với cùng key trả về cùng một giao dịch,Tích hợp,Cao,"Đã chạy `npm run db:reset` (Postgres :5435 + seed), BE :4000, FE :5173. newbie đăng nhập.","1. POST /api/courses/paid-demo/checkout {method:'stripe'} với header Idempotency-Key: key-abc-1
2. Lặp lại đúng request
3. GET /api/me/payments",Idempotency-Key: key-abc-1,Cả hai 201 với cùng payment.id; danh sách giao dịch của newbie chỉ có 1 dòng pending cho lần checkout này; giá lấy từ server ($19 = 1900 cent) dù body có gửi amountCents khác.,Trùng PAY-052 (Idempotency-Key cùng key).
TC-INTEG-020,API / Tích hợp & Concurrency,Concurrency: thanh toán,Idempotency-Key dùng lại cho khóa học khác bị 409,Chức năng,Trung bình,"Đã chạy `npm run db:reset` (Postgres :5435 + seed), BE :4000, FE :5173. newbie đã checkout paid-demo với key-abc-1 (case trước).",1. POST /api/courses/yt/checkout {method:'stripe'} với Idempotency-Key: key-abc-1,yt là cộng đồng có phí,"409 CONFLICT, message ""Idempotency-Key này đã được dùng cho giao dịch khác""; không tạo giao dịch mới cho yt.",Trùng PAY-054.
TC-INTEG-022,API / Tích hợp & Concurrency,Concurrency: thanh toán,Dùng thử (trial) 2 lần song song: chỉ một lần thành công,Tích hợp,Trung bình,"Đã chạy `npm run db:reset` (Postgres :5435 + seed), BE :4000, FE :5173. user mới chưa từng dùng thử paid-demo.","1. Gửi đồng thời 2 POST /api/courses/paid-demo/trial
2. GET /api/me/subscriptions",TRIAL_DAYS=7 (giá trị tạm),"Một request 201 (Subscription trialing, currentPeriodEnd = now + 7 ngày), một request 409 CONFLICT ""Bạn đã dùng thử cộng đồng này rồi"" hoặc ""Bạn đã tham gia cộng đồng này rồi""; chỉ 1 subscription.","Không còn dùng thử miễn phí của thành viên (bỏ 2026-10-14): POST /courses/:id/trial và POST /communities/:id/trial trả 404 nên các bước bắt đầu dùng thử / kết quả 201, 409, 400, 403 của đường này không còn đúng - thay bằng TC-BANK-050."
TC-INTEG-023,API / Tích hợp & Concurrency,Concurrency: thanh toán,Hai lệnh rút tiền song song không vượt số dư (khóa hàng Course),Tích hợp,Cao,"Đã chạy `npm run db:reset` (Postgres :5435 + seed), BE :4000, FE :5173. owner đăng nhập. Đọc availableBalanceCents = B từ GET /api/courses/paid-demo/revenue; chọn số tiền X sao cho 5000 <= X <= B nhưng 2X > B (điều chỉnh theo B thực tế, ngưỡng tối thiểu $50 là giá trị tạm).","1. Gửi đồng thời 2 POST /api/courses/paid-demo/payouts với amountCents = X
2. GET /api/courses/paid-demo/revenue",amountCents = X; method bank VCB/0123456789,"Một request 201 (status requested, số TK ****6789), một request 400 BAD_REQUEST ""Số tiền rút vượt quá số dư khả dụng""; availableBalanceCents cuối = B - X (không âm).","Trùng PAY-191 (rút tiền song song, đã cập nhật theo số có thể rút)."
TC-INTEG-024,API / Tích hợp & Concurrency,Concurrency: thanh toán,Hoàn tiền: hai admin duyệt song song cùng yêu cầu chỉ hoàn một lần,Tích hợp,Cao,"Đã chạy `npm run db:reset` (Postgres :5435 + seed), BE :4000, FE :5173. Yêu cầu seed-refund-pending. Hai phiên đăng nhập admin@ (hai token khác nhau).","1. Gửi đồng thời 2 PATCH /api/admin/refunds/seed-refund-pending {action:'approve'}
2. GET /api/admin/refunds?status=approved",-,"Một 200 (approved), một 409 ""Yêu cầu này đã được xử lý""; giao dịch chỉ ở trạng thái refunded một lần với refundedCents = giá gói; số tiền không bị hoàn 2 lần.",Trùng MONEY 'hai request PATCH approve cùng lúc' và PAY-097/102.
TC-INTEG-031,API / Tích hợp & Concurrency,Webhook thanh toán,"Webhook chữ ký hợp lệ payment.succeeded: giao dịch pending chuyển succeeded, cấp quyền, phát hành hóa đơn",Tích hợp,Cao,"Đã chạy `npm run db:reset` (Postgres :5435 + seed), BE :4000, FE :5173. newbie đăng nhập, tạo giao dịch pending: POST /api/courses/paid-demo/checkout {method:'stripe'} → paymentId. Chữ ký: header x-sofin-signature = `t=<unix giây>,v1=<hex HMAC-SHA256 của ""<t>.<rawBody>"">` với secret PAYMENT_WEBHOOK_SECRET (mặc định dev-webhook-secret-change-me). Trong Playwright dùng node:crypto createHmac('sha256', secret).update(`${t}.${raw}`).digest('hex'); gửi đúng chuỗi raw đã ký.","1. Dựng raw `{""id"":""evt_1"",""type"":""payment.succeeded"",""data"":{""paymentId"":""<id>""}}` và ký
2. POST /api/payments/webhook (không Bearer) với header x-sofin-signature và đúng raw body
3. newbie: GET /api/courses/paid-demo/subscription",event id evt_1,"200 {data:{received:true}} (hoặc {received:true}); giao dịch succeeded, newbie enrolled=true, có invoiceNumber INV-<năm>-<6 số>. Gọi confirm sau đó không tạo hóa đơn thứ hai (webhook đến trước khi trình duyệt quay lại vẫn đúng trạng thái).",Trùng PAY-126 (webhook payment.succeeded).
TC-INTEG-032,API / Tích hợp & Concurrency,Webhook thanh toán,"Webhook trùng event id: trả 200 duplicate, không xử lý lần hai",Tích hợp,Cao,"Đã gửi webhook evt_1 thành công ở case trước. Chữ ký: header x-sofin-signature = `t=<unix giây>,v1=<hex HMAC-SHA256 của ""<t>.<rawBody>"">` với secret PAYMENT_WEBHOOK_SECRET (mặc định dev-webhook-secret-change-me). Trong Playwright dùng node:crypto createHmac('sha256', secret).update(`${t}.${raw}`).digest('hex'); gửi đúng chuỗi raw đã ký.","1. Gửi lại đúng raw body evt_1 (ký lại với t mới)
2. GET /api/me/payments của newbie",event id evt_1,"200 {received:true, duplicate:true}; không có giao dịch/hóa đơn/subscription mới (WebhookEvent.eventId là PK).",Trùng PAY-127 (webhook trùng event id); ngữ nghĩa duplicate mới (done/processing) thuộc MONEY.
TC-INTEG-033,API / Tích hợp & Concurrency,Webhook thanh toán,"Webhook chữ ký sai, thiếu header hoặc timestamp lệch > 300 giây bị từ chối 400 chung chung",Bảo mật,Cao,"Có raw body hợp lệ. Chữ ký: header x-sofin-signature = `t=<unix giây>,v1=<hex HMAC-SHA256 của ""<t>.<rawBody>"">` với secret PAYMENT_WEBHOOK_SECRET (mặc định dev-webhook-secret-change-me). Trong Playwright dùng node:crypto createHmac('sha256', secret).update(`${t}.${raw}`).digest('hex'); gửi đúng chuỗi raw đã ký.","1. POST /api/payments/webhook với v1 sai (đổi 1 ký tự)
2. POST không có header x-sofin-signature
3. POST với t = hiện tại - 400s (ký đúng)
4. POST với t = hiện tại + 400s (ký đúng)",-,"Cả 4: 400 BAD_REQUEST, message ""Yêu cầu không hợp lệ"" (không nêu lý do cụ thể để không lộ chi tiết); không có thay đổi dữ liệu.",Trùng PAY-128..133.
TC-INTEG-034,API / Tích hợp & Concurrency,Webhook thanh toán,Chữ ký tính trên raw body: đổi khoảng trắng/thứ tự khóa JSON sau khi ký làm chữ ký sai,Bảo mật,Trung bình,"Chữ ký: header x-sofin-signature = `t=<unix giây>,v1=<hex HMAC-SHA256 của ""<t>.<rawBody>"">` với secret PAYMENT_WEBHOOK_SECRET (mặc định dev-webhook-secret-change-me). Trong Playwright dùng node:crypto createHmac('sha256', secret).update(`${t}.${raw}`).digest('hex'); gửi đúng chuỗi raw đã ký.","1. Ký raw A = `{""id"":""evt_2"",""type"":""payment.succeeded"",""data"":{}}`
2. Gửi body B = cùng nội dung nhưng thêm một khoảng trắng sau dấu phẩy với chữ ký của A",-,"400 BAD_REQUEST ""Yêu cầu không hợp lệ"" (app giữ rawBody CHỈ cho /api/payments/webhook và HMAC tính trên bytes gốc); gửi đúng raw A thì 200.",Trùng PAY-130 (sửa body sau khi ký).
TC-INTEG-035,API / Tích hợp & Concurrency,Webhook thanh toán,Webhook loại sự kiện lạ hoặc payment không tồn tại trả 200 ignored (cổng không retry vô hạn),Tích hợp,Trung bình,"Chữ ký: header x-sofin-signature = `t=<unix giây>,v1=<hex HMAC-SHA256 của ""<t>.<rawBody>"">` với secret PAYMENT_WEBHOOK_SECRET (mặc định dev-webhook-secret-change-me). Trong Playwright dùng node:crypto createHmac('sha256', secret).update(`${t}.${raw}`).digest('hex'); gửi đúng chuỗi raw đã ký.","1. Ký và gửi {""id"":""evt_3"",""type"":""charge.unknown"",""data"":{}}
2. Ký và gửi {""id"":""evt_4"",""type"":""payment.succeeded"",""data"":{""paymentId"":""khong-co""}}",-,"Cả hai 200 {received:true, ignored:true}; không thay đổi dữ liệu; body không phải JSON (dù ký đúng) → 400 ""Yêu cầu không hợp lệ"".",Trùng PAY-135 (ignored).
TC-INTEG-036,API / Tích hợp & Concurrency,Webhook thanh toán,Webhook payment.refunded tạo yêu cầu hoàn tiền chờ duyệt cho admin,Tích hợp,Trung bình,"Giao dịch succeeded của member1: seed-pay-member1-b. Chữ ký: header x-sofin-signature = `t=<unix giây>,v1=<hex HMAC-SHA256 của ""<t>.<rawBody>"">` với secret PAYMENT_WEBHOOK_SECRET (mặc định dev-webhook-secret-change-me). Trong Playwright dùng node:crypto createHmac('sha256', secret).update(`${t}.${raw}`).digest('hex'); gửi đúng chuỗi raw đã ký.","1. Ký và gửi {""id"":""evt_5"",""type"":""payment.refunded"",""data"":{""paymentId"":""seed-pay-member1-b""}}
2. admin: GET /api/admin/refunds?status=pending",-,"200 {received:true}; có RefundRequest mới cho seed-pay-member1-b, lý do ""Hoàn tiền từ cổng thanh toán"", status pending (chờ Platform Admin); gửi lại evt_5 → duplicate.","Kỳ vọng sai: webhook payment.refunded nay áp dụng ngay (RefundRequest auto, status approved, cổng không gọi lại) - payments.service.ts case 'payment.refunded'; PAY-137 đã đúng."
TC-INTEG-037,API / Tích hợp & Concurrency,Realtime: SSE,Vé SSE dùng một lần và hết hạn sau 30 giây; thiếu xác thực trả 401,Bảo mật,Cao,"Đã chạy `npm run db:reset` (Postgres :5435 + seed), BE :4000, FE :5173. member1 đăng nhập.","1. POST /api/notifications/stream-ticket → ticket T
2. Mở GET /api/notifications/stream?ticket=T (kết nối 1)
3. Mở lại GET ...stream?ticket=T lần 2
4. GET /api/notifications/stream không token/ticket
5. Xin ticket mới, chờ > 30 giây rồi dùng",-,"Xin vé: 201 {ticket, expiresInSec:30}; kết nối 1: 200 Content-Type text/event-stream, có `retry: 5000`, sau đó heartbeat `: heartbeat` mỗi 25 giây; kết nối 2 dùng lại vé, không token, vé quá 30s: 401 UNAUTHORIZED.",Trùng NOTI-069..073 (vé SSE).
TC-INTEG-038,API / Tích hợp & Concurrency,Realtime: SSE,"SSE thông báo: hành động của người khác đẩy thông báo tới tab đang mở, không cần tải lại",Tích hợp,Cao,"Đã chạy `npm run db:reset` (Postgres :5435 + seed), BE :4000, FE :5173. Hai context: member1 mở /courses/photo/community (chuông thông báo), member2 đăng nhập cửa sổ khác.","1. member1 tạo bài mới (POST /api/courses/photo/posts), member2 thích bài đó (POST /api/posts/<id>/like)
2. Quan sát chuông của member1
3. Bấm toast",-,"Trong vài giây badge chuông tăng và hiện toast ""... đã thích bài viết của bạn"" (event: notification); bấm toast mở link bài và đánh dấu đã đọc; không cần F5.",Trùng NOTI-076 (SSE realtime).
TC-INTEG-040,API / Tích hợp & Concurrency,Realtime: SSE,"SSE tin nhắn: hai tab của người nhận đều nhận tin, người gửi cũng thấy ở tab khác",Tích hợp,Trung bình,"Đã chạy `npm run db:reset` (Postgres :5435 + seed), BE :4000, FE :5173. member1 mở 2 tab /messages/seed-conv-member1-member2; member2 mở 1 tab cùng hội thoại.","1. member2 gửi ""Xin chào SSE""
2. Quan sát 2 tab của member1
3. member1 gửi từ tab 1, quan sát tab 2",-,Cả hai tab member1 nhận tin ngay (event: message); tin của member1 gửi ở tab 1 xuất hiện ở tab 2; badge chưa đọc của member1 giảm khi mở hội thoại (POST .../read); đóng tab thì kết nối SSE được dọn.,Trùng NOTI-147/080 (SSE tin nhắn nhiều tab).
TC-INTEG-041,API / Tích hợp & Concurrency,Realtime: SSE,Fallback ?access_token= cho SSE thông báo còn hoạt động (rủi ro lộ token trong URL/log),Bảo mật,Trung bình,"Đã chạy `npm run db:reset` (Postgres :5435 + seed), BE :4000, FE :5173. Access token hợp lệ của member1. Trạng thái: docs ghi 'chưa chốt có bỏ ?access_token= hay không'.","1. GET /api/notifications/stream?access_token=<token>
2. Đăng xuất (thu hồi) rồi gọi lại với token cũ",-,"Lần 1: 200 event-stream (hành vi hiện tại, giá trị tạm / chưa chốt); sau khi phiên bị thu hồi: 401 UNAUTHORIZED. Ghi nhận rủi ro token nằm trong URL — bản chốt nên dùng ticket.","?access_token= đã bỏ (luôn 401); xem NOTI-074, SECX."
TC-INTEG-049,API / Tích hợp & Concurrency,Health & vận hành,GET /api/dev/outbox chỉ có ngoài production và trả thư đặt lại/xác thực mật khẩu,Bảo mật,Cao,NODE_ENV=development. Có thể chạy thêm BE với NODE_ENV=production (cần JWT_*_SECRET không bắt đầu bằng 'dev-').,"1. POST /api/auth/forgot-password {email:'member2@sofinhub.test'}
2. GET /api/dev/outbox?to=member2@sofinhub.test
3. Chạy BE production rồi GET /api/dev/outbox",-,"Dev: 200 mảng thư có subject, text/html chứa link {FRONTEND_URL}/reset-password?token=... (token không bao giờ nằm trong response forgot-password). Production: route không tồn tại → 404 NOT_FOUND (theo docs identity.md). Ghi nhận: chỉ đúng khi cấu hình production thật.","Trùng SECX: /api/dev/outbox nay chỉ mount khi ENABLE_DEV_OUTBOX=1, không còn theo NODE_ENV (cases_audit_secx.py dòng 69-77)."
TC-INTEG-050,API / Tích hợp & Concurrency,Health & vận hành,Production từ chối khởi động nếu JWT secret còn giá trị mặc định dev-*,Bảo mật,Cao,Có thể chạy BE với NODE_ENV=production.,"1. Đặt NODE_ENV=production giữ JWT_ACCESS_SECRET mặc định 'dev-access-secret-change-me'
2. Chạy `npm run build` rồi `node dist/index.js`
3. Đặt secret riêng và chạy lại",-,"Lần 1: tiến trình thoát mã 1 và in ""JWT_ACCESS_SECRET/JWT_REFRESH_SECRET phải được đặt riêng khi NODE_ENV=production""; lần 2 khởi động bình thường.","Trùng SECX (guard secret dev-* khi production, env-guard.ts)."
TC-SEC-057,Bảo mật & Yêu cầu phi chức năng,Rate limit,Không có rate limit toàn cục cho API: 100 request liên tiếp vào /api/courses vẫn 200,Hiệu năng,Trung bình,"Chưa làm: rate limit toàn cục / theo IP cho mọi route (chỉ có limiter riêng cho login, forgot-password, contact, newsletter, tìm kiếm, tin nhắn).","1. Gửi 100 GET /api/courses trong 10 giây từ một IP
2. Đếm số phản hồi 429",-,Hiện tại: 0 phản hồi 429 (chưa có giới hạn toàn cục). Khi làm xong: vượt ngưỡng cấu hình trả 429 TOO_MANY_REQUESTS kèm header Retry-After/RateLimit-*; API.md đã ghi thiếu 'Retry-After cho 429'.,Lỗi thời: nay có rate limit toàn cục 1200/phút/IP + nhóm ghi (middlewares/rate-limit.ts); GAME đã có case rate limit.
TC-ADM-012,Admin Console (đợt 1),Phân quyền truy cập,Giao diện: owner vào /admin thấy thông báo không có quyền,Chức năng,Cao,"Seed đã chạy (npm run db:seed) trên DB sạch, gồm seed/admin.ts: 12 người dùng sarah, alex, daniel, maya (restricted: không đăng bài/bình luận, +7 ngày, lý do Spam), liam, olivia (suspended +14 ngày, Harassment), ethan (restricted: không nhắn tin/tạo cộng đồng, +3 ngày, Scam), sophia (banned, Scam), noah, emma, lucas (suspended vô thời hạn, Spam), ava - email <tên>@sofinhub.test, mật khẩu chung Passw0rd!x; 2 nhân sự john.carter@ / mia.lopez@sofinhub.test (người phụ trách case; từ đợt 3 là nhân viên admin vai trò Moderator - có quyền report.resolve nên giao được case, nhưng KHÔNG phải Super Admin/PLATFORM_ADMIN_EMAILS). Đăng nhập owner@sofinhub.test / Passw0rd!x.","1. Mở http://localhost:5173/admin
2. Thử tiếp /admin/users và /admin/moderation",owner@sofinhub.test,"Mọi trang /admin/* hiện 'Bạn không có quyền truy cập khu vực quản trị.' (khung có thông báo, không có sidebar admin, không có số liệu).",Trùng UI: chặn non-staff dùng cùng guard AdminLayout.tsx:387 như TC-ADM-011; phần API owner/cadmin đã có TC-ADM-004/005
TC-ADM-013,Admin Console (đợt 1),Phân quyền truy cập,Giao diện: cadmin vào /admin thấy thông báo không có quyền,Chức năng,Cao,"Seed đã chạy (npm run db:seed) trên DB sạch, gồm seed/admin.ts: 12 người dùng sarah, alex, daniel, maya (restricted: không đăng bài/bình luận, +7 ngày, lý do Spam), liam, olivia (suspended +14 ngày, Harassment), ethan (restricted: không nhắn tin/tạo cộng đồng, +3 ngày, Scam), sophia (banned, Scam), noah, emma, lucas (suspended vô thời hạn, Spam), ava - email <tên>@sofinhub.test, mật khẩu chung Passw0rd!x; 2 nhân sự john.carter@ / mia.lopez@sofinhub.test (người phụ trách case; từ đợt 3 là nhân viên admin vai trò Moderator - có quyền report.resolve nên giao được case, nhưng KHÔNG phải Super Admin/PLATFORM_ADMIN_EMAILS). Đăng nhập cadmin@sofinhub.test / Passw0rd!x.","1. Mở http://localhost:5173/admin
2. Thử tiếp /admin/users và /admin/moderation",cadmin@sofinhub.test,"Mọi trang /admin/* hiện 'Bạn không có quyền truy cập khu vực quản trị.' (khung có thông báo, không có sidebar admin, không có số liệu).",Trùng UI: chặn non-staff dùng cùng guard AdminLayout.tsx:387 như TC-ADM-011; phần API owner/cadmin đã có TC-ADM-004/005
TC-ADM-025,Admin Console (đợt 1),Khung admin: Sidebar & Topbar,Mục chưa làm /admin/content/posts hiện trang 'Sắp có' trong khung admin,Giao diện,Thấp,"Seed đã chạy (npm run db:seed) trên DB sạch, gồm seed/admin.ts: 12 người dùng sarah, alex, daniel, maya (restricted: không đăng bài/bình luận, +7 ngày, lý do Spam), liam, olivia (suspended +14 ngày, Harassment), ethan (restricted: không nhắn tin/tạo cộng đồng, +3 ngày, Scam), sophia (banned, Scam), noah, emma, lucas (suspended vô thời hạn, Spam), ava - email <tên>@sofinhub.test, mật khẩu chung Passw0rd!x; 2 nhân sự john.carter@ / mia.lopez@sofinhub.test (người phụ trách case; từ đợt 3 là nhân viên admin vai trò Moderator - có quyền report.resolve nên giao được case, nhưng KHÔNG phải Super Admin/PLATFORM_ADMIN_EMAILS). Đăng nhập admin@sofinhub.test / Passw0rd!x (Platform Admin, cần PLATFORM_ADMIN_EMAILS=admin@sofinhub.test). Frontend :5173, backend :4000.",1. Mở /admin/content/posts (hoặc bấm trong sidebar),content/posts,"Tiêu đề trang theo mục (Bài viết), dòng phụ 'Mục Nội dung › Bài viết sẽ có trong đợt phát triển sau.', khối 'Sắp có', nút 'Về tổng quan' -> /admin. Sidebar/topbar vẫn hiển thị.",Lỗi thời: mục 'Sắp có' đã xóa (docs/features/admin-batch3.md 'Không còn Sắp có'; AdminRoutes không còn ComingSoon); TC-ADM2-001/TC-ADM3-019 đã kiểm tra
TC-ADM-026,Admin Console (đợt 1),Khung admin: Sidebar & Topbar,Mục chưa làm /admin/payments/tx hiện trang 'Sắp có' trong khung admin,Giao diện,Thấp,"Seed đã chạy (npm run db:seed) trên DB sạch, gồm seed/admin.ts: 12 người dùng sarah, alex, daniel, maya (restricted: không đăng bài/bình luận, +7 ngày, lý do Spam), liam, olivia (suspended +14 ngày, Harassment), ethan (restricted: không nhắn tin/tạo cộng đồng, +3 ngày, Scam), sophia (banned, Scam), noah, emma, lucas (suspended vô thời hạn, Spam), ava - email <tên>@sofinhub.test, mật khẩu chung Passw0rd!x; 2 nhân sự john.carter@ / mia.lopez@sofinhub.test (người phụ trách case; từ đợt 3 là nhân viên admin vai trò Moderator - có quyền report.resolve nên giao được case, nhưng KHÔNG phải Super Admin/PLATFORM_ADMIN_EMAILS). Đăng nhập admin@sofinhub.test / Passw0rd!x (Platform Admin, cần PLATFORM_ADMIN_EMAILS=admin@sofinhub.test). Frontend :5173, backend :4000.",1. Mở /admin/payments/tx (hoặc bấm trong sidebar),payments/tx,"Tiêu đề trang theo mục (Giao dịch), dòng phụ 'Mục Thanh toán › Giao dịch sẽ có trong đợt phát triển sau.', khối 'Sắp có', nút 'Về tổng quan' -> /admin. Sidebar/topbar vẫn hiển thị.",Lỗi thời: mục 'Sắp có' đã xóa (docs/features/admin-batch3.md 'Không còn Sắp có'; AdminRoutes không còn ComingSoon); TC-ADM2-001/TC-ADM3-019 đã kiểm tra
TC-ADM-027,Admin Console (đợt 1),Khung admin: Sidebar & Topbar,Mục chưa làm /admin/discovery/listed hiện trang 'Sắp có' trong khung admin,Giao diện,Thấp,"Seed đã chạy (npm run db:seed) trên DB sạch, gồm seed/admin.ts: 12 người dùng sarah, alex, daniel, maya (restricted: không đăng bài/bình luận, +7 ngày, lý do Spam), liam, olivia (suspended +14 ngày, Harassment), ethan (restricted: không nhắn tin/tạo cộng đồng, +3 ngày, Scam), sophia (banned, Scam), noah, emma, lucas (suspended vô thời hạn, Spam), ava - email <tên>@sofinhub.test, mật khẩu chung Passw0rd!x; 2 nhân sự john.carter@ / mia.lopez@sofinhub.test (người phụ trách case; từ đợt 3 là nhân viên admin vai trò Moderator - có quyền report.resolve nên giao được case, nhưng KHÔNG phải Super Admin/PLATFORM_ADMIN_EMAILS). Đăng nhập admin@sofinhub.test / Passw0rd!x (Platform Admin, cần PLATFORM_ADMIN_EMAILS=admin@sofinhub.test). Frontend :5173, backend :4000.",1. Mở /admin/discovery/listed (hoặc bấm trong sidebar),discovery/listed,"Tiêu đề trang theo mục (Cộng đồng hiển thị), dòng phụ 'Mục Khám phá › Cộng đồng hiển thị sẽ có trong đợt phát triển sau.', khối 'Sắp có', nút 'Về tổng quan' -> /admin. Sidebar/topbar vẫn hiển thị.",Lỗi thời: mục 'Sắp có' đã xóa (docs/features/admin-batch3.md 'Không còn Sắp có'; AdminRoutes không còn ComingSoon); TC-ADM2-001/TC-ADM3-019 đã kiểm tra
TC-ADM-028,Admin Console (đợt 1),Khung admin: Sidebar & Topbar,Mục chưa làm /admin/analytics/users hiện trang 'Sắp có' trong khung admin,Giao diện,Thấp,"Seed đã chạy (npm run db:seed) trên DB sạch, gồm seed/admin.ts: 12 người dùng sarah, alex, daniel, maya (restricted: không đăng bài/bình luận, +7 ngày, lý do Spam), liam, olivia (suspended +14 ngày, Harassment), ethan (restricted: không nhắn tin/tạo cộng đồng, +3 ngày, Scam), sophia (banned, Scam), noah, emma, lucas (suspended vô thời hạn, Spam), ava - email <tên>@sofinhub.test, mật khẩu chung Passw0rd!x; 2 nhân sự john.carter@ / mia.lopez@sofinhub.test (người phụ trách case; từ đợt 3 là nhân viên admin vai trò Moderator - có quyền report.resolve nên giao được case, nhưng KHÔNG phải Super Admin/PLATFORM_ADMIN_EMAILS). Đăng nhập admin@sofinhub.test / Passw0rd!x (Platform Admin, cần PLATFORM_ADMIN_EMAILS=admin@sofinhub.test). Frontend :5173, backend :4000.",1. Mở /admin/analytics/users (hoặc bấm trong sidebar),analytics/users,"Tiêu đề trang theo mục (Người dùng), dòng phụ 'Mục Phân tích › Người dùng sẽ có trong đợt phát triển sau.', khối 'Sắp có', nút 'Về tổng quan' -> /admin. Sidebar/topbar vẫn hiển thị.",Lỗi thời: mục 'Sắp có' đã xóa (docs/features/admin-batch3.md 'Không còn Sắp có'; AdminRoutes không còn ComingSoon); TC-ADM2-001/TC-ADM3-019 đã kiểm tra
TC-ADM-029,Admin Console (đợt 1),Khung admin: Sidebar & Topbar,Mục chưa làm /admin/support/tickets hiện trang 'Sắp có' trong khung admin,Giao diện,Thấp,"Seed đã chạy (npm run db:seed) trên DB sạch, gồm seed/admin.ts: 12 người dùng sarah, alex, daniel, maya (restricted: không đăng bài/bình luận, +7 ngày, lý do Spam), liam, olivia (suspended +14 ngày, Harassment), ethan (restricted: không nhắn tin/tạo cộng đồng, +3 ngày, Scam), sophia (banned, Scam), noah, emma, lucas (suspended vô thời hạn, Spam), ava - email <tên>@sofinhub.test, mật khẩu chung Passw0rd!x; 2 nhân sự john.carter@ / mia.lopez@sofinhub.test (người phụ trách case; từ đợt 3 là nhân viên admin vai trò Moderator - có quyền report.resolve nên giao được case, nhưng KHÔNG phải Super Admin/PLATFORM_ADMIN_EMAILS). Đăng nhập admin@sofinhub.test / Passw0rd!x (Platform Admin, cần PLATFORM_ADMIN_EMAILS=admin@sofinhub.test). Frontend :5173, backend :4000.",1. Mở /admin/support/tickets (hoặc bấm trong sidebar),support/tickets,"Tiêu đề trang theo mục (Ticket hỗ trợ), dòng phụ 'Mục Hỗ trợ › Ticket hỗ trợ sẽ có trong đợt phát triển sau.', khối 'Sắp có', nút 'Về tổng quan' -> /admin. Sidebar/topbar vẫn hiển thị.",Lỗi thời: mục 'Sắp có' đã xóa (docs/features/admin-batch3.md 'Không còn Sắp có'; AdminRoutes không còn ComingSoon); TC-ADM2-001/TC-ADM3-019 đã kiểm tra
TC-ADM-030,Admin Console (đợt 1),Khung admin: Sidebar & Topbar,Mục chưa làm /admin/system/admins hiện trang 'Sắp có' trong khung admin,Giao diện,Thấp,"Seed đã chạy (npm run db:seed) trên DB sạch, gồm seed/admin.ts: 12 người dùng sarah, alex, daniel, maya (restricted: không đăng bài/bình luận, +7 ngày, lý do Spam), liam, olivia (suspended +14 ngày, Harassment), ethan (restricted: không nhắn tin/tạo cộng đồng, +3 ngày, Scam), sophia (banned, Scam), noah, emma, lucas (suspended vô thời hạn, Spam), ava - email <tên>@sofinhub.test, mật khẩu chung Passw0rd!x; 2 nhân sự john.carter@ / mia.lopez@sofinhub.test (người phụ trách case; từ đợt 3 là nhân viên admin vai trò Moderator - có quyền report.resolve nên giao được case, nhưng KHÔNG phải Super Admin/PLATFORM_ADMIN_EMAILS). Đăng nhập admin@sofinhub.test / Passw0rd!x (Platform Admin, cần PLATFORM_ADMIN_EMAILS=admin@sofinhub.test). Frontend :5173, backend :4000.",1. Mở /admin/system/admins (hoặc bấm trong sidebar),system/admins,"Tiêu đề trang theo mục (Tài khoản quản trị), dòng phụ 'Mục Hệ thống › Tài khoản quản trị sẽ có trong đợt phát triển sau.', khối 'Sắp có', nút 'Về tổng quan' -> /admin. Sidebar/topbar vẫn hiển thị.",Lỗi thời: mục 'Sắp có' đã xóa (docs/features/admin-batch3.md 'Không còn Sắp có'; AdminRoutes không còn ComingSoon); TC-ADM2-001/TC-ADM3-019 đã kiểm tra
TC-ADM-138,Admin Console (đợt 1),Cộng đồng: Xóa / Khôi phục,Xóa cộng đồng CHƯA tự hủy gói đăng ký đang chạy - hành vi hiện tại,Chức năng,Trung bình,Có cộng đồng trả phí có gói active (paid-demo seed). Case làm thay đổi dữ liệu seed - khôi phục bằng npm run db:reset (db:seed là idempotent chỉ-tạo nên KHÔNG ghi đè thao tác admin đã làm); hoặc dùng bản ghi khác chưa bị đụng tới.,"1. Admin xóa hoặc tạm ngưng paid-demo
2. Kiểm tra bảng Subscription của member1 (status, cancelAtPeriodEnd)",paid-demo,"Hiện tại Subscription VẪN active (BE chưa hủy gói khi xóa/đình chỉ - chờ chốt chính sách tiền). Case hồi quy, ghi rõ chưa chốt; cập nhật khi có quyết định hoàn tiền/hủy gói.","Lỗi thời: xóa/đình chỉ cộng đồng nay kết thúc/ngừng gia hạn gói (admin-communities.service.ts:413,440 endAllForCommunity; TC-MONEY-019/022)"
TC-ADM-249,Admin Console (đợt 1),Nhật ký hoạt động (Audit log),"Trang /admin/system/audit: cột, 11 dòng seed, thứ tự mới nhất trước",Giao diện,Cao,"Seed đã chạy (npm run db:seed) trên DB sạch, gồm seed/admin.ts: 12 người dùng sarah, alex, daniel, maya (restricted: không đăng bài/bình luận, +7 ngày, lý do Spam), liam, olivia (suspended +14 ngày, Harassment), ethan (restricted: không nhắn tin/tạo cộng đồng, +3 ngày, Scam), sophia (banned, Scam), noah, emma, lucas (suspended vô thời hạn, Spam), ava - email <tên>@sofinhub.test, mật khẩu chung Passw0rd!x; 2 nhân sự john.carter@ / mia.lopez@sofinhub.test (người phụ trách case; từ đợt 3 là nhân viên admin vai trò Moderator - có quyền report.resolve nên giao được case, nhưng KHÔNG phải Super Admin/PLATFORM_ADMIN_EMAILS). Đăng nhập admin@sofinhub.test / Passw0rd!x (Platform Admin, cần PLATFORM_ADMIN_EMAILS=admin@sofinhub.test). Frontend :5173, backend :4000.",1. Mở /admin/system/audit,-,"Tiêu đề 'Nhật ký hoạt động' (mô tả 'Mọi thao tác quản trị đều được ghi lại: ai làm, làm gì, trên đối tượng nào và vì sao.'); cột Thời gian, Quản trị viên, Hành động (nhãn tiếng Việt, vd. 'Cấm người dùng'), Đối tượng ('Sophia Patel (Người dùng)'), Lý do, Ghi chú; ≥ 11 dòng seed, mới nhất đứng đầu; phân trang 30/dòng.","Thay bởi TC-ADM3-350: trang audit nay có cột vai trò/IP/Vụ việc, seed >11 dòng sau đợt 2/3"
TC-ADM-250,Admin Console (đợt 1),Nhật ký hoạt động (Audit log),Lọc theo nhóm hành động và tìm kiếm trong nhật ký,Chức năng,Trung bình,"Seed đã chạy (npm run db:seed) trên DB sạch, gồm seed/admin.ts: 12 người dùng sarah, alex, daniel, maya (restricted: không đăng bài/bình luận, +7 ngày, lý do Spam), liam, olivia (suspended +14 ngày, Harassment), ethan (restricted: không nhắn tin/tạo cộng đồng, +3 ngày, Scam), sophia (banned, Scam), noah, emma, lucas (suspended vô thời hạn, Spam), ava - email <tên>@sofinhub.test, mật khẩu chung Passw0rd!x; 2 nhân sự john.carter@ / mia.lopez@sofinhub.test (người phụ trách case; từ đợt 3 là nhân viên admin vai trò Moderator - có quyền report.resolve nên giao được case, nhưng KHÔNG phải Super Admin/PLATFORM_ADMIN_EMAILS). Đăng nhập admin@sofinhub.test / Passw0rd!x (Platform Admin, cần PLATFORM_ADMIN_EMAILS=admin@sofinhub.test). Frontend :5173, backend :4000.","1. Chọn 'Loại hành động' = Người dùng
2. Chọn 'Cộng đồng'
3. Chọn 'Vụ việc kiểm duyệt'
4. Gõ 'Sophia' vào ô tìm",-,"Lọc theo tiền tố action (user. / community. / case.): Người dùng gồm user.ban/suspend/restrict seed; Cộng đồng gồm suspend, delete, reject, request_changes seed; Vụ việc gồm case.dismiss/resolve/warn/remove_content seed; tìm 'Sophia' ra dòng cấm Sophia Patel; không khớp: 'Chưa có thao tác nào được ghi lại.'.",Trùng TC-ADM3-351/352 (bộ lọc Quản trị viên/Nhóm/Hành động/ngày + tìm kiếm)
TC-ADM-251,Admin Console (đợt 1),Nhật ký hoạt động (Audit log),"API audit-logs: lọc action (tiền tố và đầy đủ), targetType, targetId, q",Chức năng,Cao,"Seed đã chạy (npm run db:seed) trên DB sạch, gồm seed/admin.ts: 12 người dùng sarah, alex, daniel, maya (restricted: không đăng bài/bình luận, +7 ngày, lý do Spam), liam, olivia (suspended +14 ngày, Harassment), ethan (restricted: không nhắn tin/tạo cộng đồng, +3 ngày, Scam), sophia (banned, Scam), noah, emma, lucas (suspended vô thời hạn, Spam), ava - email <tên>@sofinhub.test, mật khẩu chung Passw0rd!x; 2 nhân sự john.carter@ / mia.lopez@sofinhub.test (người phụ trách case; từ đợt 3 là nhân viên admin vai trò Moderator - có quyền report.resolve nên giao được case, nhưng KHÔNG phải Super Admin/PLATFORM_ADMIN_EMAILS). Lấy accessToken bằng POST /api/auth/login {""email"":""admin@sofinhub.test"",""password"":""Passw0rd!x""}, gửi header Authorization: Bearer <token>.","1. GET /api/admin/audit-logs?action=user.
2. …?action=user.ban
3. …?targetType=community
4. …?targetId=photo-walks
5. …?q=Sophia",-,"action=user. trả mọi hành động bắt đầu bằng user.; action=user.ban chỉ trả dòng cấm (Sophia Patel, reason 'Scam', evidence 'Payment link, 11 reports', metadata {from:'active',to:'banned'}); targetType/targetId/q lọc đúng.",Trùng TC-ADM3-357 (API audit-logs lọc actor/action/tiền tố/targetType/targetId/q/from/to)
TC-ADM-252,Admin Console (đợt 1),Nhật ký hoạt động (Audit log),API audit-logs: lọc actor và khoảng thời gian from/to,Chức năng,Trung bình,"Seed đã chạy (npm run db:seed) trên DB sạch, gồm seed/admin.ts: 12 người dùng sarah, alex, daniel, maya (restricted: không đăng bài/bình luận, +7 ngày, lý do Spam), liam, olivia (suspended +14 ngày, Harassment), ethan (restricted: không nhắn tin/tạo cộng đồng, +3 ngày, Scam), sophia (banned, Scam), noah, emma, lucas (suspended vô thời hạn, Spam), ava - email <tên>@sofinhub.test, mật khẩu chung Passw0rd!x; 2 nhân sự john.carter@ / mia.lopez@sofinhub.test (người phụ trách case; từ đợt 3 là nhân viên admin vai trò Moderator - có quyền report.resolve nên giao được case, nhưng KHÔNG phải Super Admin/PLATFORM_ADMIN_EMAILS). Lấy accessToken bằng POST /api/auth/login {""email"":""admin@sofinhub.test"",""password"":""Passw0rd!x""}, gửi header Authorization: Bearer <token>.","1. GET /api/admin/audit-logs?actor=<id admin>
2. …?from=<ISO 3 ngày trước>&to=<ISO hiện tại>
3. …?from=<ISO ngày mai>",-,actor lọc theo người thực hiện; from/to chỉ trả dòng trong khoảng (seed cũ nhất 96 giờ trước bị loại khi from = 3 ngày); from ở tương lai trả rỗng.,Trùng TC-ADM3-357 (API audit-logs lọc actor/action/tiền tố/targetType/targetId/q/from/to)
TC-ADM-261,Admin Console (đợt 1),Nhật ký hoạt động (Audit log),Hiệu năng: audit-logs với vài nghìn dòng vẫn phân trang nhanh,Hiệu năng,Thấp,"Seed đã chạy (npm run db:seed) trên DB sạch, gồm seed/admin.ts: 12 người dùng sarah, alex, daniel, maya (restricted: không đăng bài/bình luận, +7 ngày, lý do Spam), liam, olivia (suspended +14 ngày, Harassment), ethan (restricted: không nhắn tin/tạo cộng đồng, +3 ngày, Scam), sophia (banned, Scam), noah, emma, lucas (suspended vô thời hạn, Spam), ava - email <tên>@sofinhub.test, mật khẩu chung Passw0rd!x; 2 nhân sự john.carter@ / mia.lopez@sofinhub.test (người phụ trách case; từ đợt 3 là nhân viên admin vai trò Moderator - có quyền report.resolve nên giao được case, nhưng KHÔNG phải Super Admin/PLATFORM_ADMIN_EMAILS). Lấy accessToken bằng POST /api/auth/login {""email"":""admin@sofinhub.test"",""password"":""Passw0rd!x""}, gửi header Authorization: Bearer <token>. Đã tạo nhiều dòng audit (script gọi API).","1. Đo GET /api/admin/audit-logs?limit=100
2. Lọc action=user.",-,Phản hồi ≤ 1 giây; số trang đúng.,Trùng TC-ADM3-394 (hiệu năng audit/support/admin < 1s)
TC-ADM-262,Admin Console (đợt 1),Hồi quy: Hoàn tiền / Chi trả / Khóa (trong khung mới),"/admin/payments/refunds hiển thị trong khung admin mới, mục 'Hoàn tiền' được tô sáng",Giao diện,Cao,"Seed đã chạy (npm run db:seed) trên DB sạch, gồm seed/admin.ts: 12 người dùng sarah, alex, daniel, maya (restricted: không đăng bài/bình luận, +7 ngày, lý do Spam), liam, olivia (suspended +14 ngày, Harassment), ethan (restricted: không nhắn tin/tạo cộng đồng, +3 ngày, Scam), sophia (banned, Scam), noah, emma, lucas (suspended vô thời hạn, Spam), ava - email <tên>@sofinhub.test, mật khẩu chung Passw0rd!x; 2 nhân sự john.carter@ / mia.lopez@sofinhub.test (người phụ trách case; từ đợt 3 là nhân viên admin vai trò Moderator - có quyền report.resolve nên giao được case, nhưng KHÔNG phải Super Admin/PLATFORM_ADMIN_EMAILS). Đăng nhập admin@sofinhub.test / Passw0rd!x (Platform Admin, cần PLATFORM_ADMIN_EMAILS=admin@sofinhub.test). Frontend :5173, backend :4000.",1. Mở /admin/payments/refunds,-,"Hiển thị RefundsTab cũ (danh sách yêu cầu hoàn tiền, bộ lọc trạng thái) bên trong sidebar/topbar mới; nhóm 'Thanh toán' mở, mục 'Hoàn tiền' sáng.",Trùng TC-ADM2-175..188 và TC-ADM2-221/226 (hoàn tiền/chi trả trong khung admin); dùng id seed cũ 'demo-paid-demo-2/seed-pay-pendref'
TC-ADM-263,Admin Console (đợt 1),Hồi quy: Hoàn tiền / Chi trả / Khóa (trong khung mới),Hoàn tiền: duyệt yêu cầu pending ngoài cửa sổ 7 ngày (demo-paid-demo-2) + audit,Chức năng,Cao,"Seed đã chạy (npm run db:seed) trên DB sạch, gồm seed/admin.ts: 12 người dùng sarah, alex, daniel, maya (restricted: không đăng bài/bình luận, +7 ngày, lý do Spam), liam, olivia (suspended +14 ngày, Harassment), ethan (restricted: không nhắn tin/tạo cộng đồng, +3 ngày, Scam), sophia (banned, Scam), noah, emma, lucas (suspended vô thời hạn, Spam), ava - email <tên>@sofinhub.test, mật khẩu chung Passw0rd!x; 2 nhân sự john.carter@ / mia.lopez@sofinhub.test (người phụ trách case; từ đợt 3 là nhân viên admin vai trò Moderator - có quyền report.resolve nên giao được case, nhưng KHÔNG phải Super Admin/PLATFORM_ADMIN_EMAILS). Đăng nhập admin@sofinhub.test / Passw0rd!x (Platform Admin, cần PLATFORM_ADMIN_EMAILS=admin@sofinhub.test). Frontend :5173, backend :4000. Case làm thay đổi dữ liệu seed - khôi phục bằng npm run db:reset (db:seed là idempotent chỉ-tạo nên KHÔNG ghi đè thao tác admin đã làm); hoặc dùng bản ghi khác chưa bị đụng tới.","1. Mở /admin/payments/refunds, lọc 'pending'
2. Bấm duyệt dòng của demo-paid-demo-2, nhập ghi chú, xác nhận
3. Mở /admin/system/audit",seed-pay-pendref,"Yêu cầu chuyển 'approved', giao dịch ghi hoàn tiền; thẻ 'Hoàn tiền chờ duyệt' ở /admin giảm 1; có dòng audit 'Xử lý hoàn tiền' (payment.refund_resolve).",Trùng TC-ADM2-175..188 và TC-ADM2-221/226 (hoàn tiền/chi trả trong khung admin); dùng id seed cũ 'demo-paid-demo-2/seed-pay-pendref'
TC-ADM-264,Admin Console (đợt 1),Hồi quy: Hoàn tiền / Chi trả / Khóa (trong khung mới),Hoàn tiền: từ chối yêu cầu có ghi chú,Chức năng,Trung bình,"Seed đã chạy (npm run db:seed) trên DB sạch, gồm seed/admin.ts: 12 người dùng sarah, alex, daniel, maya (restricted: không đăng bài/bình luận, +7 ngày, lý do Spam), liam, olivia (suspended +14 ngày, Harassment), ethan (restricted: không nhắn tin/tạo cộng đồng, +3 ngày, Scam), sophia (banned, Scam), noah, emma, lucas (suspended vô thời hạn, Spam), ava - email <tên>@sofinhub.test, mật khẩu chung Passw0rd!x; 2 nhân sự john.carter@ / mia.lopez@sofinhub.test (người phụ trách case; từ đợt 3 là nhân viên admin vai trò Moderator - có quyền report.resolve nên giao được case, nhưng KHÔNG phải Super Admin/PLATFORM_ADMIN_EMAILS). Đăng nhập admin@sofinhub.test / Passw0rd!x (Platform Admin, cần PLATFORM_ADMIN_EMAILS=admin@sofinhub.test). Frontend :5173, backend :4000. Case làm thay đổi dữ liệu seed - khôi phục bằng npm run db:reset (db:seed là idempotent chỉ-tạo nên KHÔNG ghi đè thao tác admin đã làm); hoặc dùng bản ghi khác chưa bị đụng tới.","1. Ở /admin/payments/refunds chọn một yêu cầu pending
2. Bấm 'Từ chối', nhập ghi chú, xác nhận",-,Yêu cầu 'rejected'; không hoàn tiền; audit payment.refund_resolve ghi note.,Trùng TC-ADM2-175..188 và TC-ADM2-221/226 (hoàn tiền/chi trả trong khung admin); dùng id seed cũ 'demo-paid-demo-2/seed-pay-pendref'
TC-ADM-265,Admin Console (đợt 1),Hồi quy: Hoàn tiền / Chi trả / Khóa (trong khung mới),/admin/payments/payouts: duyệt/từ chối payout requested của owner + audit,Chức năng,Cao,"Seed đã chạy (npm run db:seed) trên DB sạch, gồm seed/admin.ts: 12 người dùng sarah, alex, daniel, maya (restricted: không đăng bài/bình luận, +7 ngày, lý do Spam), liam, olivia (suspended +14 ngày, Harassment), ethan (restricted: không nhắn tin/tạo cộng đồng, +3 ngày, Scam), sophia (banned, Scam), noah, emma, lucas (suspended vô thời hạn, Spam), ava - email <tên>@sofinhub.test, mật khẩu chung Passw0rd!x; 2 nhân sự john.carter@ / mia.lopez@sofinhub.test (người phụ trách case; từ đợt 3 là nhân viên admin vai trò Moderator - có quyền report.resolve nên giao được case, nhưng KHÔNG phải Super Admin/PLATFORM_ADMIN_EMAILS). Đăng nhập admin@sofinhub.test / Passw0rd!x (Platform Admin, cần PLATFORM_ADMIN_EMAILS=admin@sofinhub.test). Frontend :5173, backend :4000. Case làm thay đổi dữ liệu seed - khôi phục bằng npm run db:reset (db:seed là idempotent chỉ-tạo nên KHÔNG ghi đè thao tác admin đã làm); hoặc dùng bản ghi khác chưa bị đụng tới.","1. Mở /admin/payments/payouts
2. Duyệt payout 'requested' của owner (đánh dấu đã chi)
3. Mở /admin/system/audit",payout seed của owner,Payout chuyển trạng thái đúng như trước đợt này; 'Chi trả chờ duyệt' ở /admin giảm 1; audit payment.payout_resolve.,Trùng TC-ADM2-175..188 và TC-ADM2-221/226 (hoàn tiền/chi trả trong khung admin); dùng id seed cũ 'demo-paid-demo-2/seed-pay-pendref'
TC-ADM-266,Admin Console (đợt 1),Hồi quy: Hoàn tiền / Chi trả / Khóa (trong khung mới),Quyền: member truy cập /admin/payments/refunds bị chặn,Bảo mật,Cao,"Seed đã chạy (npm run db:seed) trên DB sạch, gồm seed/admin.ts: 12 người dùng sarah, alex, daniel, maya (restricted: không đăng bài/bình luận, +7 ngày, lý do Spam), liam, olivia (suspended +14 ngày, Harassment), ethan (restricted: không nhắn tin/tạo cộng đồng, +3 ngày, Scam), sophia (banned, Scam), noah, emma, lucas (suspended vô thời hạn, Spam), ava - email <tên>@sofinhub.test, mật khẩu chung Passw0rd!x; 2 nhân sự john.carter@ / mia.lopez@sofinhub.test (người phụ trách case; từ đợt 3 là nhân viên admin vai trò Moderator - có quyền report.resolve nên giao được case, nhưng KHÔNG phải Super Admin/PLATFORM_ADMIN_EMAILS). Đăng nhập member1.","1. Mở /admin/payments/refunds
2. GET /api/admin/refunds bằng token member1",member1,UI: 'Bạn không có quyền truy cập khu vực quản trị.'; API: 403 FORBIDDEN.,Trùng TC-ADM-011 và TC-ADM2-020 (member bị chặn trang admin)
TC-ADM-268,Admin Console (đợt 1),Hồi quy: Hoàn tiền / Chi trả / Khóa (trong khung mới),Trang quản trị cũ (AdminPage/AdminReportsPage) không còn; /admin/reports điều hướng,Chức năng,Thấp,"Seed đã chạy (npm run db:seed) trên DB sạch, gồm seed/admin.ts: 12 người dùng sarah, alex, daniel, maya (restricted: không đăng bài/bình luận, +7 ngày, lý do Spam), liam, olivia (suspended +14 ngày, Harassment), ethan (restricted: không nhắn tin/tạo cộng đồng, +3 ngày, Scam), sophia (banned, Scam), noah, emma, lucas (suspended vô thời hạn, Spam), ava - email <tên>@sofinhub.test, mật khẩu chung Passw0rd!x; 2 nhân sự john.carter@ / mia.lopez@sofinhub.test (người phụ trách case; từ đợt 3 là nhân viên admin vai trò Moderator - có quyền report.resolve nên giao được case, nhưng KHÔNG phải Super Admin/PLATFORM_ADMIN_EMAILS). Đăng nhập admin@sofinhub.test / Passw0rd!x (Platform Admin, cần PLATFORM_ADMIN_EMAILS=admin@sofinhub.test). Frontend :5173, backend :4000.","1. Mở /admin (không còn trang cũ nhiều tab)
2. Mở /admin/reports",-,/admin là Bảng điều khiển mới; /admin/reports chuyển /admin/moderation; không có route lỗi 404/trắng.,"Trùng TC-ADM-015 (/admin/reports chuyển hướng); 'AdminPage cũ không còn' là chi tiết cài đặt, không phải hành vi kiểm thử"
TC-ADM-277,Admin Console (đợt 1),Điểm chưa làm / chưa chốt,Suspend/xóa cộng đồng tự hủy hoặc đóng băng gói đăng ký và hoàn tiền theo chính sách,Chức năng,Cao,Chưa chốt chính sách tiền khi cộng đồng bị đình chỉ/xóa.,"1. Tạm ngưng paid-demo
2. Kiểm tra Subscription, scheduler thu phí kỳ tiếp theo",paid-demo,KỲ VỌNG SAU KHI CHỐT: dừng thu phí/hủy gói/hoàn tiền theo quy định. HIỆN TẠI: gói vẫn active.,"Đã làm: TC-MONEY-019/021/022 phủ (admin-communities.service.ts:413,440; communities.service.ts:145,159)"
TC-ADM-278,Admin Console (đợt 1),Điểm chưa làm / chưa chốt,Phân quyền admin chi tiết: vai trò Moderator / Finance / Support,Bảo mật,Cao,"Hiện mọi Platform Admin (email trong PLATFORM_ADMIN_EMAILS) có quyền như nhau; 'Tài khoản quản trị', 'Vai trò & Quyền' đang là trang 'Sắp có'.","1. Tạo tài khoản Moderator chỉ được xử lý vụ việc
2. Thử truy cập hoàn tiền/chi trả",-,KỲ VỌNG SAU KHI LÀM: Moderator không vào được Thanh toán; Finance không ban người dùng; mỗi thao tác ghi audit theo vai trò.,Đã làm: vai trò Moderator/Support/Finance + quyền theo route (admin-staff.permissions.ts); phủ bởi ADM3 ma trận quyền
TC-ADM-279,Admin Console (đợt 1),Điểm chưa làm / chưa chốt,Platform Admin bắt buộc xác thực email/2FA,Bảo mật,Cao,"Rủi ro đã ghi nhận: chỉ so email trong PLATFORM_ADMIN_EMAILS, chưa bắt emailVerified; chưa có 2FA.","1. Đăng ký tài khoản mới bằng email nằm trong PLATFORM_ADMIN_EMAILS nhưng chưa xác thực email
2. Gọi GET /api/admin/me",-,KỲ VỌNG SAU KHI LÀM: 403 cho tới khi xác thực email (và 2FA). HIỆN TẠI: được vào.,Trùng TC-ADM3-395/396 (2FA/require2fa chưa thật)
TC-ADM-287,Admin Console (đợt 1),Điểm chưa làm / chưa chốt,Nhật ký: lọc theo quản trị viên/lý do trên giao diện,Chức năng,Thấp,Thiếu ở FE (API đã có actor).,"1. Mở /admin/system/audit, tìm bộ lọc quản trị viên/lý do",-,KỲ VỌNG SAU KHI LÀM: lọc theo actor và reason trên UI. HIỆN TẠI: chỉ lọc theo loại hành động + tìm kiếm.,Đã làm: AuditView có bộ lọc Quản trị viên/Hành động/ngày (TC-ADM3-351)
TC-ADM-290,Admin Console (đợt 1),Điểm chưa làm / chưa chốt,"Các nhóm Nội dung / Thanh toán (Giao dịch, Gói, Tranh chấp, Doanh thu creator) / Khám phá / Phân tích / Hỗ trợ / Hệ thống đầy đủ",Chức năng,Thấp,Đợt sau; hiện là trang 'Sắp có'.,1. Mở từng mục chưa làm trong sidebar,-,KỲ VỌNG SAU KHI LÀM: màn thật theo từng mục. HIỆN TẠI: trang 'Sắp có' (đã có case kiểm tra ở nhóm Khung admin).,"Đã làm: nhóm Nội dung/Thanh toán/Khám phá/Phân tích/Hỗ trợ/Hệ thống đã có (admin-batch2/3.md, nav.ts)"
TC-ADM2-003,"Admin Console (đợt 2: Nội dung, Thanh toán, Khám phá)",Phân quyền & điều hướng đợt 2,"Mở trực tiếp /admin/content/comments hiển thị trang 'Bình luận' (tải lazy, không lỗi)",Chức năng,Cao,"DB sạch sau npm run db:reset (có seed/admin-batch2.ts; mã POST-/CMT-/TXN-/SUB-/RF-/PO- cố định, xem sheet 'Tài khoản & dữ liệu test' mục A3). Đăng nhập admin@sofinhub.test / Passw0rd!x (Platform Admin, cần PLATFORM_ADMIN_EMAILS=admin@sofinhub.test). Frontend :5173, backend :4000.","1. Gõ thẳng http://localhost:5173/admin/content/comments vào thanh địa chỉ
2. Chờ trang tải (route admin tải lazy)",/admin/content/comments,"Hiện khung admin với tiêu đề trang 'Bình luận', mục sidebar tương ứng được tô sáng, breadcrumb đúng; không có màn trắng hay lỗi console.","Trùng: smoke 'mở trực tiếp trang' lặp 16 lần cùng cơ chế lazy route (AdminRoutes.tsx); giữ TC-ADM2-002 đại diện, từng trang đã có case riêng"
TC-ADM2-004,"Admin Console (đợt 2: Nội dung, Thanh toán, Khám phá)",Phân quyền & điều hướng đợt 2,"Mở trực tiếp /admin/content/courses hiển thị trang 'Khóa học' (tải lazy, không lỗi)",Chức năng,Cao,"DB sạch sau npm run db:reset (có seed/admin-batch2.ts; mã POST-/CMT-/TXN-/SUB-/RF-/PO- cố định, xem sheet 'Tài khoản & dữ liệu test' mục A3). Đăng nhập admin@sofinhub.test / Passw0rd!x (Platform Admin, cần PLATFORM_ADMIN_EMAILS=admin@sofinhub.test). Frontend :5173, backend :4000.","1. Gõ thẳng http://localhost:5173/admin/content/courses vào thanh địa chỉ
2. Chờ trang tải (route admin tải lazy)",/admin/content/courses,"Hiện khung admin với tiêu đề trang 'Khóa học', mục sidebar tương ứng được tô sáng, breadcrumb đúng; không có màn trắng hay lỗi console.","Trùng: smoke 'mở trực tiếp trang' lặp 16 lần cùng cơ chế lazy route (AdminRoutes.tsx); giữ TC-ADM2-002 đại diện, từng trang đã có case riêng"
TC-ADM2-005,"Admin Console (đợt 2: Nội dung, Thanh toán, Khám phá)",Phân quyền & điều hướng đợt 2,"Mở trực tiếp /admin/content/lessons hiển thị trang 'Bài học' (tải lazy, không lỗi)",Chức năng,Cao,"DB sạch sau npm run db:reset (có seed/admin-batch2.ts; mã POST-/CMT-/TXN-/SUB-/RF-/PO- cố định, xem sheet 'Tài khoản & dữ liệu test' mục A3). Đăng nhập admin@sofinhub.test / Passw0rd!x (Platform Admin, cần PLATFORM_ADMIN_EMAILS=admin@sofinhub.test). Frontend :5173, backend :4000.","1. Gõ thẳng http://localhost:5173/admin/content/lessons vào thanh địa chỉ
2. Chờ trang tải (route admin tải lazy)",/admin/content/lessons,"Hiện khung admin với tiêu đề trang 'Bài học', mục sidebar tương ứng được tô sáng, breadcrumb đúng; không có màn trắng hay lỗi console.","Trùng: smoke 'mở trực tiếp trang' lặp 16 lần cùng cơ chế lazy route (AdminRoutes.tsx); giữ TC-ADM2-002 đại diện, từng trang đã có case riêng"
TC-ADM2-006,"Admin Console (đợt 2: Nội dung, Thanh toán, Khám phá)",Phân quyền & điều hướng đợt 2,"Mở trực tiếp /admin/content/events hiển thị trang 'Sự kiện' (tải lazy, không lỗi)",Chức năng,Cao,"DB sạch sau npm run db:reset (có seed/admin-batch2.ts; mã POST-/CMT-/TXN-/SUB-/RF-/PO- cố định, xem sheet 'Tài khoản & dữ liệu test' mục A3). Đăng nhập admin@sofinhub.test / Passw0rd!x (Platform Admin, cần PLATFORM_ADMIN_EMAILS=admin@sofinhub.test). Frontend :5173, backend :4000.","1. Gõ thẳng http://localhost:5173/admin/content/events vào thanh địa chỉ
2. Chờ trang tải (route admin tải lazy)",/admin/content/events,"Hiện khung admin với tiêu đề trang 'Sự kiện', mục sidebar tương ứng được tô sáng, breadcrumb đúng; không có màn trắng hay lỗi console.","Trùng: smoke 'mở trực tiếp trang' lặp 16 lần cùng cơ chế lazy route (AdminRoutes.tsx); giữ TC-ADM2-002 đại diện, từng trang đã có case riêng"
TC-ADM2-007,"Admin Console (đợt 2: Nội dung, Thanh toán, Khám phá)",Phân quyền & điều hướng đợt 2,"Mở trực tiếp /admin/content/media hiển thị trang 'Media' (tải lazy, không lỗi)",Chức năng,Cao,"DB sạch sau npm run db:reset (có seed/admin-batch2.ts; mã POST-/CMT-/TXN-/SUB-/RF-/PO- cố định, xem sheet 'Tài khoản & dữ liệu test' mục A3). Đăng nhập admin@sofinhub.test / Passw0rd!x (Platform Admin, cần PLATFORM_ADMIN_EMAILS=admin@sofinhub.test). Frontend :5173, backend :4000.","1. Gõ thẳng http://localhost:5173/admin/content/media vào thanh địa chỉ
2. Chờ trang tải (route admin tải lazy)",/admin/content/media,"Hiện khung admin với tiêu đề trang 'Media', mục sidebar tương ứng được tô sáng, breadcrumb đúng; không có màn trắng hay lỗi console.","Trùng: smoke 'mở trực tiếp trang' lặp 16 lần cùng cơ chế lazy route (AdminRoutes.tsx); giữ TC-ADM2-002 đại diện, từng trang đã có case riêng"
TC-ADM2-008,"Admin Console (đợt 2: Nội dung, Thanh toán, Khám phá)",Phân quyền & điều hướng đợt 2,"Mở trực tiếp /admin/payments/tx hiển thị trang 'Giao dịch' (tải lazy, không lỗi)",Chức năng,Cao,"DB sạch sau npm run db:reset (có seed/admin-batch2.ts; mã POST-/CMT-/TXN-/SUB-/RF-/PO- cố định, xem sheet 'Tài khoản & dữ liệu test' mục A3). Đăng nhập admin@sofinhub.test / Passw0rd!x (Platform Admin, cần PLATFORM_ADMIN_EMAILS=admin@sofinhub.test). Frontend :5173, backend :4000.","1. Gõ thẳng http://localhost:5173/admin/payments/tx vào thanh địa chỉ
2. Chờ trang tải (route admin tải lazy)",/admin/payments/tx,"Hiện khung admin với tiêu đề trang 'Giao dịch', mục sidebar tương ứng được tô sáng, breadcrumb đúng; không có màn trắng hay lỗi console.","Trùng: smoke 'mở trực tiếp trang' lặp 16 lần cùng cơ chế lazy route (AdminRoutes.tsx); giữ TC-ADM2-002 đại diện, từng trang đã có case riêng"
TC-ADM2-009,"Admin Console (đợt 2: Nội dung, Thanh toán, Khám phá)",Phân quyền & điều hướng đợt 2,"Mở trực tiếp /admin/payments/subs hiển thị trang 'Gói đăng ký' (tải lazy, không lỗi)",Chức năng,Cao,"DB sạch sau npm run db:reset (có seed/admin-batch2.ts; mã POST-/CMT-/TXN-/SUB-/RF-/PO- cố định, xem sheet 'Tài khoản & dữ liệu test' mục A3). Đăng nhập admin@sofinhub.test / Passw0rd!x (Platform Admin, cần PLATFORM_ADMIN_EMAILS=admin@sofinhub.test). Frontend :5173, backend :4000.","1. Gõ thẳng http://localhost:5173/admin/payments/subs vào thanh địa chỉ
2. Chờ trang tải (route admin tải lazy)",/admin/payments/subs,"Hiện khung admin với tiêu đề trang 'Gói đăng ký', mục sidebar tương ứng được tô sáng, breadcrumb đúng; không có màn trắng hay lỗi console.","Trùng: smoke 'mở trực tiếp trang' lặp 16 lần cùng cơ chế lazy route (AdminRoutes.tsx); giữ TC-ADM2-002 đại diện, từng trang đã có case riêng"
TC-ADM2-010,"Admin Console (đợt 2: Nội dung, Thanh toán, Khám phá)",Phân quyền & điều hướng đợt 2,"Mở trực tiếp /admin/payments/refunds hiển thị trang 'Hoàn tiền' (tải lazy, không lỗi)",Chức năng,Cao,"DB sạch sau npm run db:reset (có seed/admin-batch2.ts; mã POST-/CMT-/TXN-/SUB-/RF-/PO- cố định, xem sheet 'Tài khoản & dữ liệu test' mục A3). Đăng nhập admin@sofinhub.test / Passw0rd!x (Platform Admin, cần PLATFORM_ADMIN_EMAILS=admin@sofinhub.test). Frontend :5173, backend :4000.","1. Gõ thẳng http://localhost:5173/admin/payments/refunds vào thanh địa chỉ
2. Chờ trang tải (route admin tải lazy)",/admin/payments/refunds,"Hiện khung admin với tiêu đề trang 'Hoàn tiền', mục sidebar tương ứng được tô sáng, breadcrumb đúng; không có màn trắng hay lỗi console.","Trùng: smoke 'mở trực tiếp trang' lặp 16 lần cùng cơ chế lazy route (AdminRoutes.tsx); giữ TC-ADM2-002 đại diện, từng trang đã có case riêng"
TC-ADM2-011,"Admin Console (đợt 2: Nội dung, Thanh toán, Khám phá)",Phân quyền & điều hướng đợt 2,"Mở trực tiếp /admin/payments/chargebacks hiển thị trang 'Tranh chấp thanh toán' (tải lazy, không lỗi)",Chức năng,Cao,"DB sạch sau npm run db:reset (có seed/admin-batch2.ts; mã POST-/CMT-/TXN-/SUB-/RF-/PO- cố định, xem sheet 'Tài khoản & dữ liệu test' mục A3). Đăng nhập admin@sofinhub.test / Passw0rd!x (Platform Admin, cần PLATFORM_ADMIN_EMAILS=admin@sofinhub.test). Frontend :5173, backend :4000.","1. Gõ thẳng http://localhost:5173/admin/payments/chargebacks vào thanh địa chỉ
2. Chờ trang tải (route admin tải lazy)",/admin/payments/chargebacks,"Hiện khung admin với tiêu đề trang 'Tranh chấp thanh toán', mục sidebar tương ứng được tô sáng, breadcrumb đúng; không có màn trắng hay lỗi console.","Trùng: smoke 'mở trực tiếp trang' lặp 16 lần cùng cơ chế lazy route (AdminRoutes.tsx); giữ TC-ADM2-002 đại diện, từng trang đã có case riêng"
TC-ADM2-012,"Admin Console (đợt 2: Nội dung, Thanh toán, Khám phá)",Phân quyền & điều hướng đợt 2,"Mở trực tiếp /admin/payments/creator hiển thị trang 'Doanh thu creator' (tải lazy, không lỗi)",Chức năng,Cao,"DB sạch sau npm run db:reset (có seed/admin-batch2.ts; mã POST-/CMT-/TXN-/SUB-/RF-/PO- cố định, xem sheet 'Tài khoản & dữ liệu test' mục A3). Đăng nhập admin@sofinhub.test / Passw0rd!x (Platform Admin, cần PLATFORM_ADMIN_EMAILS=admin@sofinhub.test). Frontend :5173, backend :4000.","1. Gõ thẳng http://localhost:5173/admin/payments/creator vào thanh địa chỉ
2. Chờ trang tải (route admin tải lazy)",/admin/payments/creator,"Hiện khung admin với tiêu đề trang 'Doanh thu creator', mục sidebar tương ứng được tô sáng, breadcrumb đúng; không có màn trắng hay lỗi console.","Trùng: smoke 'mở trực tiếp trang' lặp 16 lần cùng cơ chế lazy route (AdminRoutes.tsx); giữ TC-ADM2-002 đại diện, từng trang đã có case riêng"
TC-ADM2-013,"Admin Console (đợt 2: Nội dung, Thanh toán, Khám phá)",Phân quyền & điều hướng đợt 2,"Mở trực tiếp /admin/payments/payouts hiển thị trang 'Chi trả' (tải lazy, không lỗi)",Chức năng,Cao,"DB sạch sau npm run db:reset (có seed/admin-batch2.ts; mã POST-/CMT-/TXN-/SUB-/RF-/PO- cố định, xem sheet 'Tài khoản & dữ liệu test' mục A3). Đăng nhập admin@sofinhub.test / Passw0rd!x (Platform Admin, cần PLATFORM_ADMIN_EMAILS=admin@sofinhub.test). Frontend :5173, backend :4000.","1. Gõ thẳng http://localhost:5173/admin/payments/payouts vào thanh địa chỉ
2. Chờ trang tải (route admin tải lazy)",/admin/payments/payouts,"Hiện khung admin với tiêu đề trang 'Chi trả', mục sidebar tương ứng được tô sáng, breadcrumb đúng; không có màn trắng hay lỗi console.","Trùng: smoke 'mở trực tiếp trang' lặp 16 lần cùng cơ chế lazy route (AdminRoutes.tsx); giữ TC-ADM2-002 đại diện, từng trang đã có case riêng"
TC-ADM2-014,"Admin Console (đợt 2: Nội dung, Thanh toán, Khám phá)",Phân quyền & điều hướng đợt 2,"Mở trực tiếp /admin/discovery/listed hiển thị trang 'Cộng đồng hiển thị' (tải lazy, không lỗi)",Chức năng,Cao,"DB sạch sau npm run db:reset (có seed/admin-batch2.ts; mã POST-/CMT-/TXN-/SUB-/RF-/PO- cố định, xem sheet 'Tài khoản & dữ liệu test' mục A3). Đăng nhập admin@sofinhub.test / Passw0rd!x (Platform Admin, cần PLATFORM_ADMIN_EMAILS=admin@sofinhub.test). Frontend :5173, backend :4000.","1. Gõ thẳng http://localhost:5173/admin/discovery/listed vào thanh địa chỉ
2. Chờ trang tải (route admin tải lazy)",/admin/discovery/listed,"Hiện khung admin với tiêu đề trang 'Cộng đồng hiển thị', mục sidebar tương ứng được tô sáng, breadcrumb đúng; không có màn trắng hay lỗi console.","Trùng: smoke 'mở trực tiếp trang' lặp 16 lần cùng cơ chế lazy route (AdminRoutes.tsx); giữ TC-ADM2-002 đại diện, từng trang đã có case riêng"
TC-ADM2-015,"Admin Console (đợt 2: Nội dung, Thanh toán, Khám phá)",Phân quyền & điều hướng đợt 2,"Mở trực tiếp /admin/discovery/categories hiển thị trang 'Danh mục' (tải lazy, không lỗi)",Chức năng,Cao,"DB sạch sau npm run db:reset (có seed/admin-batch2.ts; mã POST-/CMT-/TXN-/SUB-/RF-/PO- cố định, xem sheet 'Tài khoản & dữ liệu test' mục A3). Đăng nhập admin@sofinhub.test / Passw0rd!x (Platform Admin, cần PLATFORM_ADMIN_EMAILS=admin@sofinhub.test). Frontend :5173, backend :4000.","1. Gõ thẳng http://localhost:5173/admin/discovery/categories vào thanh địa chỉ
2. Chờ trang tải (route admin tải lazy)",/admin/discovery/categories,"Hiện khung admin với tiêu đề trang 'Danh mục', mục sidebar tương ứng được tô sáng, breadcrumb đúng; không có màn trắng hay lỗi console.","Trùng: smoke 'mở trực tiếp trang' lặp 16 lần cùng cơ chế lazy route (AdminRoutes.tsx); giữ TC-ADM2-002 đại diện, từng trang đã có case riêng"
TC-ADM2-016,"Admin Console (đợt 2: Nội dung, Thanh toán, Khám phá)",Phân quyền & điều hướng đợt 2,"Mở trực tiếp /admin/discovery/featured hiển thị trang 'Nổi bật' (tải lazy, không lỗi)",Chức năng,Cao,"DB sạch sau npm run db:reset (có seed/admin-batch2.ts; mã POST-/CMT-/TXN-/SUB-/RF-/PO- cố định, xem sheet 'Tài khoản & dữ liệu test' mục A3). Đăng nhập admin@sofinhub.test / Passw0rd!x (Platform Admin, cần PLATFORM_ADMIN_EMAILS=admin@sofinhub.test). Frontend :5173, backend :4000.","1. Gõ thẳng http://localhost:5173/admin/discovery/featured vào thanh địa chỉ
2. Chờ trang tải (route admin tải lazy)",/admin/discovery/featured,"Hiện khung admin với tiêu đề trang 'Nổi bật', mục sidebar tương ứng được tô sáng, breadcrumb đúng; không có màn trắng hay lỗi console.","Trùng: smoke 'mở trực tiếp trang' lặp 16 lần cùng cơ chế lazy route (AdminRoutes.tsx); giữ TC-ADM2-002 đại diện, từng trang đã có case riêng"
TC-ADM2-017,"Admin Console (đợt 2: Nội dung, Thanh toán, Khám phá)",Phân quyền & điều hướng đợt 2,"Mở trực tiếp /admin/discovery/rankings hiển thị trang 'Xếp hạng' (tải lazy, không lỗi)",Chức năng,Cao,"DB sạch sau npm run db:reset (có seed/admin-batch2.ts; mã POST-/CMT-/TXN-/SUB-/RF-/PO- cố định, xem sheet 'Tài khoản & dữ liệu test' mục A3). Đăng nhập admin@sofinhub.test / Passw0rd!x (Platform Admin, cần PLATFORM_ADMIN_EMAILS=admin@sofinhub.test). Frontend :5173, backend :4000.","1. Gõ thẳng http://localhost:5173/admin/discovery/rankings vào thanh địa chỉ
2. Chờ trang tải (route admin tải lazy)",/admin/discovery/rankings,"Hiện khung admin với tiêu đề trang 'Xếp hạng', mục sidebar tương ứng được tô sáng, breadcrumb đúng; không có màn trắng hay lỗi console.","Trùng: smoke 'mở trực tiếp trang' lặp 16 lần cùng cơ chế lazy route (AdminRoutes.tsx); giữ TC-ADM2-002 đại diện, từng trang đã có case riêng"
TC-ADM2-018,"Admin Console (đợt 2: Nội dung, Thanh toán, Khám phá)",Phân quyền & điều hướng đợt 2,"Mở trực tiếp /admin/discovery/seo hiển thị trang 'Hiển thị tìm kiếm' (tải lazy, không lỗi)",Chức năng,Cao,"DB sạch sau npm run db:reset (có seed/admin-batch2.ts; mã POST-/CMT-/TXN-/SUB-/RF-/PO- cố định, xem sheet 'Tài khoản & dữ liệu test' mục A3). Đăng nhập admin@sofinhub.test / Passw0rd!x (Platform Admin, cần PLATFORM_ADMIN_EMAILS=admin@sofinhub.test). Frontend :5173, backend :4000.","1. Gõ thẳng http://localhost:5173/admin/discovery/seo vào thanh địa chỉ
2. Chờ trang tải (route admin tải lazy)",/admin/discovery/seo,"Hiện khung admin với tiêu đề trang 'Hiển thị tìm kiếm', mục sidebar tương ứng được tô sáng, breadcrumb đúng; không có màn trắng hay lỗi console.","Trùng: smoke 'mở trực tiếp trang' lặp 16 lần cùng cơ chế lazy route (AdminRoutes.tsx); giữ TC-ADM2-002 đại diện, từng trang đã có case riêng"
TC-ADM2-021,"Admin Console (đợt 2: Nội dung, Thanh toán, Khám phá)",Phân quyền & điều hướng đợt 2,owner@sofinhub.test (chủ cộng đồng (Olivia Owner)) vào /admin/content/posts bị chặn ở guard,Bảo mật,Cao,"DB sạch sau npm run db:reset (có seed/admin-batch2.ts; mã POST-/CMT-/TXN-/SUB-/RF-/PO- cố định, xem sheet 'Tài khoản & dữ liệu test' mục A3). Đăng nhập owner@sofinhub.test / Passw0rd!x.","1. Mở http://localhost:5173/admin/content/posts
2. Thử tiếp /admin/payments/payouts và /admin/discovery/rankings",owner@sofinhub.test,Guard Platform Admin (GET /admin/me -> 403) chặn: không thấy bảng dữ liệu/khung admin của 3 trang; không có yêu cầu API nào của /admin/content|payments|discovery trả dữ liệu. 'Admin cộng đồng'/'chủ cộng đồng' KHÁC Platform Admin.,Trùng UI guard: cùng đường chặn non-staff như TC-ADM2-020 / TC-ADM-011 (AdminLayout.tsx:387)
TC-ADM2-022,"Admin Console (đợt 2: Nội dung, Thanh toán, Khám phá)",Phân quyền & điều hướng đợt 2,cadmin@sofinhub.test (admin cộng đồng photo) vào /admin/content/posts bị chặn ở guard,Bảo mật,Cao,"DB sạch sau npm run db:reset (có seed/admin-batch2.ts; mã POST-/CMT-/TXN-/SUB-/RF-/PO- cố định, xem sheet 'Tài khoản & dữ liệu test' mục A3). Đăng nhập cadmin@sofinhub.test / Passw0rd!x.","1. Mở http://localhost:5173/admin/content/posts
2. Thử tiếp /admin/payments/payouts và /admin/discovery/rankings",cadmin@sofinhub.test,Guard Platform Admin (GET /admin/me -> 403) chặn: không thấy bảng dữ liệu/khung admin của 3 trang; không có yêu cầu API nào của /admin/content|payments|discovery trả dữ liệu. 'Admin cộng đồng'/'chủ cộng đồng' KHÁC Platform Admin.,Trùng UI guard: cùng đường chặn non-staff như TC-ADM2-020 / TC-ADM-011 (AdminLayout.tsx:387)
TC-ADM2-023,"Admin Console (đợt 2: Nội dung, Thanh toán, Khám phá)",Phân quyền & điều hướng đợt 2,mod@sofinhub.test (mod cộng đồng photo) vào /admin/content/posts bị chặn ở guard,Bảo mật,Cao,"DB sạch sau npm run db:reset (có seed/admin-batch2.ts; mã POST-/CMT-/TXN-/SUB-/RF-/PO- cố định, xem sheet 'Tài khoản & dữ liệu test' mục A3). Đăng nhập mod@sofinhub.test / Passw0rd!x.","1. Mở http://localhost:5173/admin/content/posts
2. Thử tiếp /admin/payments/payouts và /admin/discovery/rankings",mod@sofinhub.test,Guard Platform Admin (GET /admin/me -> 403) chặn: không thấy bảng dữ liệu/khung admin của 3 trang; không có yêu cầu API nào của /admin/content|payments|discovery trả dữ liệu. 'Admin cộng đồng'/'chủ cộng đồng' KHÁC Platform Admin.,Trùng UI guard: cùng đường chặn non-staff như TC-ADM2-020 / TC-ADM-011 (AdminLayout.tsx:387)
TC-ADM2-025,"Admin Console (đợt 2: Nội dung, Thanh toán, Khám phá)",Phân quyền & điều hướng đợt 2,owner/cadmin/mod (không phải Platform Admin) gọi GET /admin/payments/payouts và /admin/discovery/rankings bị 403,Bảo mật,Cao,"DB sạch sau npm run db:reset (có seed/admin-batch2.ts; mã POST-/CMT-/TXN-/SUB-/RF-/PO- cố định, xem sheet 'Tài khoản & dữ liệu test' mục A3). Đăng nhập owner@/cadmin@/mod@sofinhub.test / Passw0rd!x.","1. Lấy token của từng tài khoản
2. GET /api/admin/payments/payouts, GET /api/admin/payments/creators, GET /api/admin/discovery/rankings, GET /api/admin/content/media","owner, cadmin, mod","Cả 3 tài khoản nhận 403 FORBIDDEN ở mọi route; chủ cộng đồng chỉ xem được doanh thu/rút tiền của CHÍNH cộng đồng mình qua API công khai /courses/:id/revenue, không qua /admin.",Trùng TC-ADM2-024 (46 route 401/403) và ma trận TC-ADM3-054..094
TC-ADM2-083,"Admin Console (đợt 2: Nội dung, Thanh toán, Khám phá)",Nội dung · Khóa học,Mô-đun draft do admin hủy xuất bản cũng ẩn với mod cộng đồng,Bảo mật,Trung bình,"DB sạch sau npm run db:reset (có seed/admin-batch2.ts; mã POST-/CMT-/TXN-/SUB-/RF-/PO- cố định, xem sheet 'Tài khoản & dữ liệu test' mục A3). Admin hủy xuất bản một mô-đun của cộng đồng photo (mod photo: mod@sofinhub.test). Case làm thay đổi dữ liệu seed (MUTATE) - khôi phục bằng npm run db:reset (db:seed là idempotent chỉ-tạo nên KHÔNG hoàn tác thao tác admin đã làm); hoặc chạy trên bản ghi khác chưa bị đụng tới.","1. Admin: GET /content/courses?courseId=photo rồi POST .../unpublish {reason:'QA'} cho 1 mô-đun
2. mod@sofinhub.test: GET /api/courses/photo/modules",photo,Mod cộng đồng KHÔNG còn thấy mô-đun đó (khác hành vi cũ: mod thấy cả khóa draft do chính mình tạo) - đúng mục 10 'Khác biệt' của admin-batch2.md.,Lỗi thời: 'mô-đun' (ClassroomModule) nay là Khóa học (Course) - admin-content.service.ts:207; /courses/:id/modules chỉ là khóa mặc định (communities-courses.md mục 0.4); thay bởi TC-SPLIT-044/053/061/096
TC-ADM2-084,"Admin Console (đợt 2: Nội dung, Thanh toán, Khám phá)",Nội dung · Khóa học,Khóa học: reports luôn 0 và thumbnail luôn null (ClassroomModule không có cờ báo cáo),Chức năng,Thấp,"DB sạch sau npm run db:reset (có seed/admin-batch2.ts; mã POST-/CMT-/TXN-/SUB-/RF-/PO- cố định, xem sheet 'Tài khoản & dữ liệu test' mục A3). Lấy accessToken bằng POST /api/auth/login {""email"":""admin@sofinhub.test"",""password"":""Passw0rd!x""}, gửi header Authorization: Bearer <token>.","1. GET /api/admin/content/courses?limit=100
2. Đối chiếu trường reports, thumbnail của từng phần tử",-,"Mọi phần tử: reports=0, thumbnail=null (giao diện hiển thị avatar chữ cái thay ảnh bìa). Hành vi hiện tại, xem case Kế hoạch 'Khóa học/Bài học/Sự kiện chưa có báo cáo'.",Lỗi thời: Khóa học admin không còn là ClassroomModule; thumbnail = thumbnailUrl (admin-content.service.ts:248); thay bởi TC-SPLIT-094
TC-ADM2-119,"Admin Console (đợt 2: Nội dung, Thanh toán, Khám phá)",Nội dung · Media,"Media: trạng thái tải, lỗi và Thử lại",Giao diện,Trung bình,"DB sạch sau npm run db:reset (có seed/admin-batch2.ts; mã POST-/CMT-/TXN-/SUB-/RF-/PO- cố định, xem sheet 'Tài khoản & dữ liệu test' mục A3). Đăng nhập admin@sofinhub.test / Passw0rd!x (Platform Admin, cần PLATFORM_ADMIN_EMAILS=admin@sofinhub.test). Frontend :5173, backend :4000.","1. Chặn /api/admin/content/media trong DevTools
2. F5 trang Media
3. Bỏ chặn, bấm 'Thử lại'",-,Hiện 'Đang tải…' rồi khối lỗi có nút 'Thử lại'; sau Thử lại hiện lưới bình thường.,"Trùng: trạng thái tải/lỗi dùng chung DataTable, đã có TC-ADM2-038"
TC-ADM2-124,"Admin Console (đợt 2: Nội dung, Thanh toán, Khám phá)",Nội dung · Media,Nút 'Xem trước' mở tệp ở tab mới; tệp seed (chỉ metadata) trả 404,Chức năng,Thấp,"DB sạch sau npm run db:reset (có seed/admin-batch2.ts; mã POST-/CMT-/TXN-/SUB-/RF-/PO- cố định, xem sheet 'Tài khoản & dữ liệu test' mục A3). Đăng nhập admin@sofinhub.test / Passw0rd!x (Platform Admin, cần PLATFORM_ADMIN_EMAILS=admin@sofinhub.test). Frontend :5173, backend :4000. Media seed (12 tệp, CHỈ metadata - KHÔNG có tệp thật trong storage nên /api/files/<key> và nút Tải xuống đều 404): budget-preview.png (Liam, mindful-money, 1,2 MB), cover-growth-lab.webp (Sarah), lesson-01-welcome.mp4 (Alex, 248 MB), notion-template.pdf (Sarah, growth-lab, ĐÃ GẮN CỜ 'Possible copyrighted material'), workshop-recording.mp4 (Noah, 1,1 GB), checklist.docx (Emma), leaked-meal-plan.pdf (Olivia, fit-forever, ĐÃ GẮN CỜ 'Reported as leaked paid content'), avatar-sophia.jpg (Sophia, không có cộng đồng), banner-q4.jpg (Emma), signals-pack.zip (Lucas, spam-hub, ĐÃ GỠ 'Malware risk'), notes.txt (Daniel, 4 KB), typography-sheet.png (Emma, 3,3 MB). Tổng: 12 tệp, 1,4 GB, 2 gắn cờ, 1 đã gỡ; theo loại: 5 hình ảnh, 2 video, 5 tài liệu, 0 âm thanh.",1. Thẻ 'budget-preview.png' > 'Xem trước',budget-preview.png,Tab mới mở /api/files/50871a26495c5339209f99291851d627.png; vì seed chỉ có metadata nên trả 404 (với tệp thật upload qua /uploads thì xem được). Tệp 'Đã gỡ' không có nút Xem trước.,Thay bởi TC-SECX-094: nút Xem trước Media nay mở qua URL ký (POST /files/:key/url)
TC-ADM2-140,"Admin Console (đợt 2: Nội dung, Thanh toán, Khám phá)",Thanh toán · Giao dịch (UI),Trạng thái rỗng / tải / lỗi của bảng Giao dịch,Giao diện,Trung bình,"DB sạch sau npm run db:reset (có seed/admin-batch2.ts; mã POST-/CMT-/TXN-/SUB-/RF-/PO- cố định, xem sheet 'Tài khoản & dữ liệu test' mục A3). Đăng nhập admin@sofinhub.test / Passw0rd!x (Platform Admin, cần PLATFORM_ADMIN_EMAILS=admin@sofinhub.test). Frontend :5173, backend :4000.","1. Gõ 'zzzkhongco' vào ô tìm
2. Chặn /api/admin/payments/transactions rồi F5, bỏ chặn, bấm 'Thử lại'",-,Rỗng: 'Không có kết quả phù hợp.'; đang tải: 'Đang tải…'; lỗi: khối lỗi + nút 'Thử lại' tải lại được.,"Trùng: trạng thái rỗng/tải/lỗi dùng chung DataTable, đã có TC-ADM2-038"
TC-ADM2-151,"Admin Console (đợt 2: Nội dung, Thanh toán, Khám phá)",Thanh toán · Giao dịch (UI),Thử lại thanh toán thất bại lần đầu: thành công kích hoạt gói + cấp hóa đơn,Chức năng,Cao,"DB sạch sau npm run db:reset (có seed/admin-batch2.ts; mã POST-/CMT-/TXN-/SUB-/RF-/PO- cố định, xem sheet 'Tài khoản & dữ liệu test' mục A3). Đăng nhập admin@sofinhub.test / Passw0rd!x (Platform Admin, cần PLATFORM_ADMIN_EMAILS=admin@sofinhub.test). Frontend :5173, backend :4000. Case làm thay đổi dữ liệu seed (MUTATE) - khôi phục bằng npm run db:reset (db:seed là idempotent chỉ-tạo nên KHÔNG hoàn tác thao tác admin đã làm); hoặc chạy trên bản ghi khác chưa bị đụng tới. Giao dịch seed (mã TXN-8 ký tự cố định): đang chờ TXN-70F1FA03 (Ava, growth-lab, $49, MoMo) và TXN-E2DB5581 (Lucas, mindful-money, $19, VNPay); THẤT BẠI lần đầu TXN-5ECCCEFC (Maya, code-camp, $29, Stripe, processing_error), TXN-6134AE3A (Sophia, pixel-pro, $99, MoMo, card_declined), TXN-EDCA0F1F (Ethan, fit-forever, $79, VNPay, expired_card); ĐÃ HOÀN TXN-BE8C2E88 (Olivia, pixel-pro, $99 hoàn đủ), TXN-E9A88057 (Daniel, fit-forever, $79, hoàn một phần $39,50), TXN-EFAAEA9E (Noah, growth-lab, $49 hoàn đủ); THÀNH CÔNG lẻ có yêu cầu hoàn tiền chờ: TXN-763C9F36 (Ava, pixel-pro, $99), TXN-F49368D6 (Emma, code-camp, $29), TXN-A6B4BFE4 (Sarah, fit-forever, $79), TXN-F699FA13 (Liam, pixel-pro, $99); THÀNH CÔNG lẻ KHÔNG dính hoàn tiền (dùng thử hoàn trực tiếp/chargeback): TXN-E8AF54EA (Ethan, pixel-pro, $99), TXN-84E9A3BA (Ava, code-camp, $29). Còn lại là giao dịch của các gói đăng ký (lần đầu + gia hạn). Tổng seed sạch: 112 giao dịch.","1. Mở chi tiết TXN-EDCA0F1F (Ethan, fit-forever, $79, expired_card)
2. Bấm 'Thử lại' > ghi chú 'Khách đổi thẻ' > 'Thử lại'
3. Quan sát toast và trạng thái
4. Mở /admin/payments/subs tìm 'Ethan'",TXN-EDCA0F1F,"Modal 'Thử lại thanh toán?' ('Cổng thanh toán sẽ được gọi lại.'); toast 'Đã gửi yêu cầu thử lại'; mock gateway luôn thành công -> trạng thái 'Thành công', có hóa đơn INV-..., Ethan được cấp quyền fit-forever và có gói 'Hoạt động' mới; audit payment.retry (metadata.result=succeeded); nút 'Thử lại' biến mất, xuất hiện 'Hoàn tiền'. [GATEWAY MOCK - chưa tích hợp cổng thật]","Thử lại thanh toán bằng ""Cổng thanh toán sẽ được gọi lại / mock gateway luôn thành công"" không còn; nay ""Thử lại"" = admin MỞ LẠI phiên chuyển khoản đã hết hạn (cùng mã, hạn 15 phút mới), giao dịch về pending chứ không succeeded ngay - thay bằng TC-BANK-030, TC-BANK-031"
TC-ADM2-158,"Admin Console (đợt 2: Nội dung, Thanh toán, Khám phá)",Thanh toán · Giao dịch (API),Hoàn tiền toàn phần giao dịch kỳ hiện tại của gói thật: hủy gói và thu hồi quyền,Chức năng,Cao,"DB sạch sau npm run db:reset (có seed/admin-batch2.ts; mã POST-/CMT-/TXN-/SUB-/RF-/PO- cố định, xem sheet 'Tài khoản & dữ liệu test' mục A3). Đăng nhập admin@sofinhub.test / Passw0rd!x (Platform Admin, cần PLATFORM_ADMIN_EMAILS=admin@sofinhub.test). Tạo giao dịch thật: newbie@sofinhub.test POST /api/courses/growth-lab/checkout {""method"":""stripe""} -> 201 {id}; POST /api/payments/<id>/confirm -> 200. Case làm thay đổi dữ liệu seed (MUTATE) - khôi phục bằng npm run db:reset (db:seed là idempotent chỉ-tạo nên KHÔNG hoàn tác thao tác admin đã làm); hoặc chạy trên bản ghi khác chưa bị đụng tới.","1. Admin POST /payments/transactions/<id>/refund {reason:'Duplicate charge'} (hoàn đủ)
2. newbie@: GET /api/courses/growth-lab/posts
3. Admin: GET /payments/subscriptions?q=Nam",giao dịch newbie growth-lab $49,"Giao dịch 'refunded' refundedCents=4900; gói của newbie chuyển 'canceled' và enrollment bị xóa (GET posts -> 403); newbie nhận thông báo 'Hoàn tiền thành công'. LƯU Ý: với giao dịch SEED việc hoàn toàn bộ chỉ đánh dấu Payment=refunded, KHÔNG hủy gói (mốc kỳ lệch mili-giây hoặc giao dịch không gắn gói) - dùng giao dịch checkout thật để kiểm tra thu hồi quyền.",Trùng TC-MONEY-059 (hoàn tiền giao dịch kỳ hiện tại hủy gói + thu hồi quyền)
TC-ADM2-159,"Admin Console (đợt 2: Nội dung, Thanh toán, Khám phá)",Thanh toán · Giao dịch (API),POST /payments/transactions/:id/retry: thành công kích hoạt gói; 409 khi không phải failed,Chức năng,Cao,"DB sạch sau npm run db:reset (có seed/admin-batch2.ts; mã POST-/CMT-/TXN-/SUB-/RF-/PO- cố định, xem sheet 'Tài khoản & dữ liệu test' mục A3). Lấy accessToken bằng POST /api/auth/login {""email"":""admin@sofinhub.test"",""password"":""Passw0rd!x""}, gửi header Authorization: Bearer <token>. Case làm thay đổi dữ liệu seed (MUTATE) - khôi phục bằng npm run db:reset (db:seed là idempotent chỉ-tạo nên KHÔNG hoàn tác thao tác admin đã làm); hoặc chạy trên bản ghi khác chưa bị đụng tới. Giao dịch seed (mã TXN-8 ký tự cố định): đang chờ TXN-70F1FA03 (Ava, growth-lab, $49, MoMo) và TXN-E2DB5581 (Lucas, mindful-money, $19, VNPay); THẤT BẠI lần đầu TXN-5ECCCEFC (Maya, code-camp, $29, Stripe, processing_error), TXN-6134AE3A (Sophia, pixel-pro, $99, MoMo, card_declined), TXN-EDCA0F1F (Ethan, fit-forever, $79, VNPay, expired_card); ĐÃ HOÀN TXN-BE8C2E88 (Olivia, pixel-pro, $99 hoàn đủ), TXN-E9A88057 (Daniel, fit-forever, $79, hoàn một phần $39,50), TXN-EFAAEA9E (Noah, growth-lab, $49 hoàn đủ); THÀNH CÔNG lẻ có yêu cầu hoàn tiền chờ: TXN-763C9F36 (Ava, pixel-pro, $99), TXN-F49368D6 (Emma, code-camp, $29), TXN-A6B4BFE4 (Sarah, fit-forever, $79), TXN-F699FA13 (Liam, pixel-pro, $99); THÀNH CÔNG lẻ KHÔNG dính hoàn tiền (dùng thử hoàn trực tiếp/chargeback): TXN-E8AF54EA (Ethan, pixel-pro, $99), TXN-84E9A3BA (Ava, code-camp, $29). Còn lại là giao dịch của các gói đăng ký (lần đầu + gia hạn). Tổng seed sạch: 112 giao dịch.","1. POST .../TXN-6134AE3A(id)/retry {note:'QA'} -> 200
2. lần 2 -> 409
3. retry giao dịch 'Thành công' -> 409
4. retry id 'nope' -> 404",TXN-6134AE3A,"Lần 1: 200 status 'succeeded' (mock gateway luôn thành công), invoiceNumber được cấp; lần 2 và giao dịch succeeded: 409 'Chỉ giao dịch thất bại mới thử lại được'; nope 404; audit payment.retry metadata.result='succeeded'. Mô phỏng cổng từ chối lần 2 chưa test được từ giao diện/seed (cần failFor trong test tự động).","POST .../retry không còn gọi MockGateway để ra succeeded + hóa đơn; nay chỉ mở lại phiên failed vì hết hạn/hủy (về pending, 409 nếu void do trùng) - thay bằng TC-BANK-030"
TC-ADM2-190,"Admin Console (đợt 2: Nội dung, Thanh toán, Khám phá)",Thanh toán · Hoàn tiền (API),"Yêu cầu hoàn tiền của khách trong cửa sổ 7 ngày tự duyệt, ngoài cửa sổ chờ admin",Chức năng,Cao,"DB sạch sau npm run db:reset (có seed/admin-batch2.ts; mã POST-/CMT-/TXN-/SUB-/RF-/PO- cố định, xem sheet 'Tài khoản & dữ liệu test' mục A3). Đăng nhập newbie@sofinhub.test; có giao dịch thành công của newbie (checkout + confirm growth-lab). Case làm thay đổi dữ liệu seed (MUTATE) - khôi phục bằng npm run db:reset (db:seed là idempotent chỉ-tạo nên KHÔNG hoàn tác thao tác admin đã làm); hoặc chạy trên bản ghi khác chưa bị đụng tới.","1. newbie@: POST /api/payments/<id>/refund-request {reason:'Đổi ý'} (trong 7 ngày)
2. Admin xem /admin/payments/refunds",newbie growth-lab,"Trong cửa sổ REFUND_WINDOW_DAYS=7: yêu cầu tự duyệt (auto=true, 'Hoàn tất'); ngoài cửa sổ (đặt createdAt/confirmedAt cũ 10 ngày) thì ở 'Yêu cầu mới' chờ admin. [PHỤ THUỘC QUYẾT ĐỊNH CHƯA CHỐT] chính sách hoàn tiền 7 ngày chưa chốt.","Trùng TC-MONEY-050/056/151 (cửa sổ hoàn tiền 7 ngày tự duyệt/chờ admin, biên)"
TC-ADM2-249,"Admin Console (đợt 2: Nội dung, Thanh toán, Khám phá)",Khám phá · Cộng đồng hiển thị (UI),Lỗi/tải/rỗng của trang Cộng đồng hiển thị,Giao diện,Thấp,"DB sạch sau npm run db:reset (có seed/admin-batch2.ts; mã POST-/CMT-/TXN-/SUB-/RF-/PO- cố định, xem sheet 'Tài khoản & dữ liệu test' mục A3). Đăng nhập admin@sofinhub.test / Passw0rd!x (Platform Admin, cần PLATFORM_ADMIN_EMAILS=admin@sofinhub.test). Frontend :5173, backend :4000.","1. Tìm 'zzzkhongco'
2. Chặn /api/admin/discovery/communities rồi F5, bỏ chặn, bấm 'Thử lại'",-,Rỗng: 'Không có kết quả phù hợp.'; lỗi: khối lỗi + 'Thử lại'; đang tải: 'Đang tải…'.,"Trùng: trạng thái tải/lỗi/rỗng DataTable, đã có TC-ADM2-038"
TC-ADM2-305,"Admin Console (đợt 2: Nội dung, Thanh toán, Khám phá)",Nhật ký audit & thông báo đợt 2,Nhật ký hoạt động hiển thị nhãn thô cho hành động/đối tượng đợt 2 (chưa Việt hóa),Giao diện,Thấp,"DB sạch sau npm run db:reset (có seed/admin-batch2.ts; mã POST-/CMT-/TXN-/SUB-/RF-/PO- cố định, xem sheet 'Tài khoản & dữ liệu test' mục A3). Đăng nhập admin@sofinhub.test / Passw0rd!x (Platform Admin, cần PLATFORM_ADMIN_EMAILS=admin@sofinhub.test). Frontend :5173, backend :4000. Nhật ký audit seed đợt 2 (13 dòng, id seed-admin2-audit-*): post.hide (MAKE $10,000...), post.remove (Free crypto giveaway), course.remove (Get Rich Quick Secrets), media.remove (signals-pack.zip), event.remove (Secret wealth webinar), event.cancel (Hack night), refund.approve, payout.hold (Noah), payout.mark_failed (Emma), discovery.status (Spam Hub unlisted), discovery.search_visibility (Spam Hub hidden), discovery.feature (Growth Lab), chargeback.create.","1. Mở /admin/system/audit, đọc cột 'Hành động' và 'Đối tượng' của dòng post.hide, payout.hold, discovery.status",post.hide,"KỲ VỌNG SAU KHI LÀM: nhãn tiếng Việt (vd 'Ẩn bài viết', 'Tạm giữ chi trả'), nhóm lọc cho Nội dung/Khám phá/Chi trả. HIỆN TẠI: cột Hành động hiện đúng chuỗi mã (post.hide, payout.hold, discovery.status...), cột Đối tượng hiện '<nhãn> (<targetType thô>)' vì bảng AUDIT_ACTION/TARGET của FE chỉ có nhãn cho nhóm đợt 1.","Lỗi thời: nhãn audit đã Việt hóa bằng auditLabel (frontend/src/features/admin/types.batch3.ts:449, Batch2Parts.tsx:365); phần còn mã thô: TC-ADM3-354"
TC-ADM2-311,"Admin Console (đợt 2: Nội dung, Thanh toán, Khám phá)",API đợt 2 · Validate & tính ổn định,Phân trang /payments/transactions: limit/page hợp lệ và không hợp lệ,Chức năng,Trung bình,"DB sạch sau npm run db:reset (có seed/admin-batch2.ts; mã POST-/CMT-/TXN-/SUB-/RF-/PO- cố định, xem sheet 'Tài khoản & dữ liệu test' mục A3). Lấy accessToken bằng POST /api/auth/login {""email"":""admin@sofinhub.test"",""password"":""Passw0rd!x""}, gửi header Authorization: Bearer <token>.","1. GET /admin/payments/transactions?limit=0
2. GET /admin/payments/transactions?limit=101
3. GET /admin/payments/transactions?page=0
4. GET /admin/payments/transactions?page=abc
5. GET /admin/payments/transactions?limit=100&page=1
6. GET /admin/payments/transactions?page=9999",-,"limit=0, 101, page=0, page=abc -> 400 VALIDATION_ERROR; limit=100 -> 200 với meta.limit=100; page quá lớn -> 200 data=[] (meta.totalPages giữ nguyên, không lỗi 500).",Trùng TC-ADM2-310: cùng pageQuery dùng chung (admin-b2.common.ts)
TC-ADM2-312,"Admin Console (đợt 2: Nội dung, Thanh toán, Khám phá)",API đợt 2 · Validate & tính ổn định,Phân trang /discovery/communities: limit/page hợp lệ và không hợp lệ,Chức năng,Trung bình,"DB sạch sau npm run db:reset (có seed/admin-batch2.ts; mã POST-/CMT-/TXN-/SUB-/RF-/PO- cố định, xem sheet 'Tài khoản & dữ liệu test' mục A3). Lấy accessToken bằng POST /api/auth/login {""email"":""admin@sofinhub.test"",""password"":""Passw0rd!x""}, gửi header Authorization: Bearer <token>.","1. GET /admin/discovery/communities?limit=0
2. GET /admin/discovery/communities?limit=101
3. GET /admin/discovery/communities?page=0
4. GET /admin/discovery/communities?page=abc
5. GET /admin/discovery/communities?limit=100&page=1
6. GET /admin/discovery/communities?page=9999",-,"limit=0, 101, page=0, page=abc -> 400 VALIDATION_ERROR; limit=100 -> 200 với meta.limit=100; page quá lớn -> 200 data=[] (meta.totalPages giữ nguyên, không lỗi 500).",Trùng TC-ADM2-310: cùng pageQuery dùng chung (admin-b2.common.ts)
TC-ADM2-322,"Admin Console (đợt 2: Nội dung, Thanh toán, Khám phá)",Điểm chưa làm / mô phỏng đợt 2,"Cổng thanh toán thật (Stripe/MoMo/VNPay): hoàn tiền, retry, chargeback hiện chạy trên MockGateway",Tích hợp,Cao,"Gateway mô phỏng (payments.gateway.ts): luôn thành công trừ user trong failFor; chargeback là bản ghi phía admin (bảng Chargeback), không nhận webhook từ cổng. [PHỤ THUỘC QUYẾT ĐỊNH CHƯA CHỐT] cổng thanh toán chưa chọn (PLAN câu hỏi #2).","1. Hoàn tiền một giao dịch và kiểm tra bên cổng
2. Mở chargeback và đối chiếu với dashboard cổng",-,"KỲ VỌNG SAU KHI TÍCH HỢP: hoàn tiền/retry gọi cổng thật, lỗi cổng (502 GATEWAY_ERROR, thẻ hết hạn, không đủ số dư) hiển thị rõ, chargeback đồng bộ từ webhook, đối soát. HIỆN TẠI: mã tham chiếu 'mock_ch_*', 'mock_dp_*'; giao diện ghi 'Stripe (mock)'.","Điểm chưa làm ""cổng thật Stripe/MoMo/VNPay thay MockGateway"" lỗi thời: đã chọn chuyển khoản VietQR + SePay (BankTransferGateway chỉ ghi nhận hoàn); phần chưa làm nay ở TC-BANK-046/047/048"
TC-ADM2-326,"Admin Console (đợt 2: Nội dung, Thanh toán, Khám phá)",Điểm chưa làm / mô phỏng đợt 2,Trạng thái hoàn tiền 'Đang xử lý' (processing),Chức năng,Thấp,Duyệt hoàn tiền thực hiện ngay nên chỉ có pending/approved/rejected.,1. Duyệt một yêu cầu hoàn tiền và quan sát trạng thái trung gian,-,KỲ VỌNG SAU KHI TÍCH HỢP CỔNG THẬT: có 'Đang xử lý' khi chờ cổng. HIỆN TẠI: chuyển thẳng 'Hoàn tất'.,Lỗi thời: trạng thái 'Đang hoàn tiền' (refunding) đã có (PaymentsViews.tsx:464); xem TC-MONEY-064/065
TC-ADM2-336,"Admin Console (đợt 2: Nội dung, Thanh toán, Khám phá)",Điểm chưa làm / mô phỏng đợt 2,"Hoa hồng, phí cổng, cửa sổ hoàn tiền, ngưỡng rút tối thiểu và trọng số xếp hạng mặc định đang là giá trị tạm",Chức năng,Cao,"Giá trị tạm trong env: PLATFORM_COMMISSION_PCT=10, GATEWAY_FEE_PCT=2.9, GATEWAY_FEE_FIXED_CENTS=30, REFUND_WINDOW_DAYS=7, PAYOUT_MIN_USD=50; trọng số mặc định 25/25/20/15/10/5; MRR 100 điểm = $450; qualityScore theo công thức tạm; quy tắc hidden/unlisted. [PHỤ THUỘC QUYẾT ĐỊNH CHƯA CHỐT]","1. Đổi từng giá trị env, restart BE, kiểm tra Giao dịch/Doanh thu creator/Chi trả/Hoàn tiền/Xếp hạng",-,"KỲ VỌNG SAU KHI CHỐT: cập nhật các case có tag [PHỤ THUỘC QUYẾT ĐỊNH CHƯA CHỐT] theo giá trị cuối. HIỆN TẠI: số liệu đổi theo env, case ghi theo giá trị tạm.",Trùng TC-ADM3-418; các giá trị tạm nay chỉnh được ở Cài đặt chung
TC-ADM2-337,"Admin Console (đợt 2: Nội dung, Thanh toán, Khám phá)",Điểm chưa làm / mô phỏng đợt 2,Kick/ban thành viên trả phí không tự hủy gói; admin phải tự Tạm dừng/Hủy gói (đợt 1 điểm đã biết),Chức năng,Trung bình,Đã ghi ở mục F #1 của 'Nhật ký thay đổi': chưa chốt hoàn tiền/hủy gói khi kick/ban.,"1. Ban một thành viên trả phí khỏi cộng đồng
2. Mở /admin/payments/subs tìm gói của người đó",-,KỲ VỌNG SAU KHI CHỐT: gói tự dừng/hoàn tiền theo chính sách. HIỆN TẠI: gói vẫn 'Hoạt động'; admin có thể dùng 'Tạm dừng'/'Hủy' ở trang Gói đăng ký; 'Tiếp tục' bị 409 nếu người dùng đang bị cấm khỏi cộng đồng.,Đã làm: kick/ban/xóa/khóa kết thúc gói (TC-MONEY-017/018/019/021/022)
TC-ADM3-007,"Admin Console (đợt 3: Phân tích, Hỗ trợ, Hệ thống)",Khung admin theo quyền (UI),Support gõ thẳng URL trang không có quyền hiển thị 'Không đủ quyền' trong khung admin,Bảo mật,Cao,"DB sạch sau npm run db:reset (có seed/admin-batch3.ts, chạy sau seed admin đợt 1-2; mật khẩu mọi tài khoản seed Passw0rd!x; xem sheet 'Tài khoản & dữ liệu test' mục A5-A6). Đăng nhập support@sofinhub.test / Passw0rd!x.","1. Gõ thẳng http://localhost:5173/admin/communities (nhóm 'Cộng đồng', cần quyền community.manage)
2. Đọc nội dung trang
3. Bấm 'Về tổng quan'
4. Gõ thẳng http://localhost:5173/admin/system/admins",/admin/communities,"Khung admin (sidebar + topbar) vẫn hiện; vùng nội dung có biểu tượng khóa, tiêu đề 'Không đủ quyền', mô tả 'Vai trò Hỗ trợ của bạn chưa được cấp quyền truy cập mục này. Liên hệ Super Admin nếu bạn cần thêm quyền.'; KHÔNG có yêu cầu API dữ liệu nào của trang đó được gửi (hoặc nếu gửi thì 403, không lộ dữ liệu); 'Về tổng quan' quay /admin; /admin/system/admins cũng 'Không đủ quyền' vì cần admin.manage.",Trùng TC-ADM3-006 (cùng GuardedOutlet AdminLayout.tsx:313 + requiredPerm); từng vai trò đã có case sidebar 002..005
TC-ADM3-008,"Admin Console (đợt 3: Phân tích, Hỗ trợ, Hệ thống)",Khung admin theo quyền (UI),Finance gõ thẳng URL trang không có quyền hiển thị 'Không đủ quyền' trong khung admin,Bảo mật,Cao,"DB sạch sau npm run db:reset (có seed/admin-batch3.ts, chạy sau seed admin đợt 1-2; mật khẩu mọi tài khoản seed Passw0rd!x; xem sheet 'Tài khoản & dữ liệu test' mục A5-A6). Đăng nhập finance@sofinhub.test / Passw0rd!x.","1. Gõ thẳng http://localhost:5173/admin/communities (nhóm 'Cộng đồng', cần quyền community.manage)
2. Đọc nội dung trang
3. Bấm 'Về tổng quan'
4. Gõ thẳng http://localhost:5173/admin/system/admins",/admin/communities,"Khung admin (sidebar + topbar) vẫn hiện; vùng nội dung có biểu tượng khóa, tiêu đề 'Không đủ quyền', mô tả 'Vai trò Tài chính của bạn chưa được cấp quyền truy cập mục này. Liên hệ Super Admin nếu bạn cần thêm quyền.'; KHÔNG có yêu cầu API dữ liệu nào của trang đó được gửi (hoặc nếu gửi thì 403, không lộ dữ liệu); 'Về tổng quan' quay /admin; /admin/system/admins cũng 'Không đủ quyền' vì cần admin.manage.",Trùng TC-ADM3-006 (cùng GuardedOutlet AdminLayout.tsx:313 + requiredPerm); từng vai trò đã có case sidebar 002..005
TC-ADM3-009,"Admin Console (đợt 3: Phân tích, Hỗ trợ, Hệ thống)",Khung admin theo quyền (UI),Content Reviewer gõ thẳng URL trang không có quyền hiển thị 'Không đủ quyền' trong khung admin,Bảo mật,Cao,"DB sạch sau npm run db:reset (có seed/admin-batch3.ts, chạy sau seed admin đợt 1-2; mật khẩu mọi tài khoản seed Passw0rd!x; xem sheet 'Tài khoản & dữ liệu test' mục A5-A6). Đăng nhập tài khoản đã gán vai trò Content Reviewer (xem case Sidebar Content Reviewer). Case làm thay đổi dữ liệu seed (MUTATE) - khôi phục bằng npm run db:reset (db:seed là idempotent chỉ-tạo nên KHÔNG hoàn tác thao tác admin); hoặc chạy trên bản ghi do chính case tạo ra.","1. Gõ thẳng http://localhost:5173/admin/communities (nhóm 'Cộng đồng', cần quyền community.manage)
2. Đọc nội dung trang
3. Bấm 'Về tổng quan'
4. Gõ thẳng http://localhost:5173/admin/system/admins",/admin/communities,"Khung admin (sidebar + topbar) vẫn hiện; vùng nội dung có biểu tượng khóa, tiêu đề 'Không đủ quyền', mô tả 'Vai trò Content Reviewer của bạn chưa được cấp quyền truy cập mục này. Liên hệ Super Admin nếu bạn cần thêm quyền.'; KHÔNG có yêu cầu API dữ liệu nào của trang đó được gửi (hoặc nếu gửi thì 403, không lộ dữ liệu); 'Về tổng quan' quay /admin; /admin/system/admins cũng 'Không đủ quyền' vì cần admin.manage.",Trùng TC-ADM3-006 (cùng GuardedOutlet AdminLayout.tsx:313 + requiredPerm); từng vai trò đã có case sidebar 002..005
TC-ADM3-021,"Admin Console (đợt 3: Phân tích, Hỗ trợ, Hệ thống)",Khung admin theo quyền (UI),"Mở trực tiếp /admin/analytics/communities hiển thị trang 'Phân tích · Cộng đồng' (tải lazy, mục sidebar được tô sáng)",Chức năng,Cao,"DB sạch sau npm run db:reset (có seed/admin-batch3.ts, chạy sau seed admin đợt 1-2; mật khẩu mọi tài khoản seed Passw0rd!x; xem sheet 'Tài khoản & dữ liệu test' mục A5-A6). Đăng nhập admin@sofinhub.test / Passw0rd!x (Super Admin, cần PLATFORM_ADMIN_EMAILS=admin@sofinhub.test). Frontend :5173, backend :4000.","1. Gõ thẳng http://localhost:5173/admin/analytics/communities
2. Chờ trang tải (route admin tải lazy)
3. Mở DevTools > Console",/admin/analytics/communities,"Hiện khung admin với tiêu đề chứa 'Phân tích · Cộng đồng', mục sidebar tương ứng được tô sáng, breadcrumb đúng; không màn trắng, không lỗi console; có trạng thái 'Đang tải…' rồi dữ liệu (hoặc 'Không có ... ' nếu rỗng).","Trùng: smoke 'mở trực tiếp trang' lặp 18 lần cùng cơ chế lazy route; giữ TC-ADM3-020 đại diện, mỗi trang có case riêng"
TC-ADM3-022,"Admin Console (đợt 3: Phân tích, Hỗ trợ, Hệ thống)",Khung admin theo quyền (UI),"Mở trực tiếp /admin/analytics/engagement hiển thị trang 'Phân tích · Tương tác' (tải lazy, mục sidebar được tô sáng)",Chức năng,Cao,"DB sạch sau npm run db:reset (có seed/admin-batch3.ts, chạy sau seed admin đợt 1-2; mật khẩu mọi tài khoản seed Passw0rd!x; xem sheet 'Tài khoản & dữ liệu test' mục A5-A6). Đăng nhập admin@sofinhub.test / Passw0rd!x (Super Admin, cần PLATFORM_ADMIN_EMAILS=admin@sofinhub.test). Frontend :5173, backend :4000.","1. Gõ thẳng http://localhost:5173/admin/analytics/engagement
2. Chờ trang tải (route admin tải lazy)
3. Mở DevTools > Console",/admin/analytics/engagement,"Hiện khung admin với tiêu đề chứa 'Phân tích · Tương tác', mục sidebar tương ứng được tô sáng, breadcrumb đúng; không màn trắng, không lỗi console; có trạng thái 'Đang tải…' rồi dữ liệu (hoặc 'Không có ... ' nếu rỗng).","Trùng: smoke 'mở trực tiếp trang' lặp 18 lần cùng cơ chế lazy route; giữ TC-ADM3-020 đại diện, mỗi trang có case riêng"
TC-ADM3-023,"Admin Console (đợt 3: Phân tích, Hỗ trợ, Hệ thống)",Khung admin theo quyền (UI),"Mở trực tiếp /admin/analytics/retention hiển thị trang 'Phân tích · Giữ chân' (tải lazy, mục sidebar được tô sáng)",Chức năng,Cao,"DB sạch sau npm run db:reset (có seed/admin-batch3.ts, chạy sau seed admin đợt 1-2; mật khẩu mọi tài khoản seed Passw0rd!x; xem sheet 'Tài khoản & dữ liệu test' mục A5-A6). Đăng nhập admin@sofinhub.test / Passw0rd!x (Super Admin, cần PLATFORM_ADMIN_EMAILS=admin@sofinhub.test). Frontend :5173, backend :4000.","1. Gõ thẳng http://localhost:5173/admin/analytics/retention
2. Chờ trang tải (route admin tải lazy)
3. Mở DevTools > Console",/admin/analytics/retention,"Hiện khung admin với tiêu đề chứa 'Phân tích · Giữ chân', mục sidebar tương ứng được tô sáng, breadcrumb đúng; không màn trắng, không lỗi console; có trạng thái 'Đang tải…' rồi dữ liệu (hoặc 'Không có ... ' nếu rỗng).","Trùng: smoke 'mở trực tiếp trang' lặp 18 lần cùng cơ chế lazy route; giữ TC-ADM3-020 đại diện, mỗi trang có case riêng"
TC-ADM3-024,"Admin Console (đợt 3: Phân tích, Hỗ trợ, Hệ thống)",Khung admin theo quyền (UI),"Mở trực tiếp /admin/analytics/revenue hiển thị trang 'Phân tích · Doanh thu' (tải lazy, mục sidebar được tô sáng)",Chức năng,Cao,"DB sạch sau npm run db:reset (có seed/admin-batch3.ts, chạy sau seed admin đợt 1-2; mật khẩu mọi tài khoản seed Passw0rd!x; xem sheet 'Tài khoản & dữ liệu test' mục A5-A6). Đăng nhập admin@sofinhub.test / Passw0rd!x (Super Admin, cần PLATFORM_ADMIN_EMAILS=admin@sofinhub.test). Frontend :5173, backend :4000.","1. Gõ thẳng http://localhost:5173/admin/analytics/revenue
2. Chờ trang tải (route admin tải lazy)
3. Mở DevTools > Console",/admin/analytics/revenue,"Hiện khung admin với tiêu đề chứa 'Phân tích · Doanh thu', mục sidebar tương ứng được tô sáng, breadcrumb đúng; không màn trắng, không lỗi console; có trạng thái 'Đang tải…' rồi dữ liệu (hoặc 'Không có ... ' nếu rỗng).","Trùng: smoke 'mở trực tiếp trang' lặp 18 lần cùng cơ chế lazy route; giữ TC-ADM3-020 đại diện, mỗi trang có case riêng"
TC-ADM3-025,"Admin Console (đợt 3: Phân tích, Hỗ trợ, Hệ thống)",Khung admin theo quyền (UI),"Mở trực tiếp /admin/analytics/conversion hiển thị trang 'Phân tích · Chuyển đổi' (tải lazy, mục sidebar được tô sáng)",Chức năng,Cao,"DB sạch sau npm run db:reset (có seed/admin-batch3.ts, chạy sau seed admin đợt 1-2; mật khẩu mọi tài khoản seed Passw0rd!x; xem sheet 'Tài khoản & dữ liệu test' mục A5-A6). Đăng nhập admin@sofinhub.test / Passw0rd!x (Super Admin, cần PLATFORM_ADMIN_EMAILS=admin@sofinhub.test). Frontend :5173, backend :4000.","1. Gõ thẳng http://localhost:5173/admin/analytics/conversion
2. Chờ trang tải (route admin tải lazy)
3. Mở DevTools > Console",/admin/analytics/conversion,"Hiện khung admin với tiêu đề chứa 'Phân tích · Chuyển đổi', mục sidebar tương ứng được tô sáng, breadcrumb đúng; không màn trắng, không lỗi console; có trạng thái 'Đang tải…' rồi dữ liệu (hoặc 'Không có ... ' nếu rỗng).","Trùng: smoke 'mở trực tiếp trang' lặp 18 lần cùng cơ chế lazy route; giữ TC-ADM3-020 đại diện, mỗi trang có case riêng"
TC-ADM3-026,"Admin Console (đợt 3: Phân tích, Hỗ trợ, Hệ thống)",Khung admin theo quyền (UI),"Mở trực tiếp /admin/support/tickets hiển thị trang 'Ticket hỗ trợ' (tải lazy, mục sidebar được tô sáng)",Chức năng,Cao,"DB sạch sau npm run db:reset (có seed/admin-batch3.ts, chạy sau seed admin đợt 1-2; mật khẩu mọi tài khoản seed Passw0rd!x; xem sheet 'Tài khoản & dữ liệu test' mục A5-A6). Đăng nhập admin@sofinhub.test / Passw0rd!x (Super Admin, cần PLATFORM_ADMIN_EMAILS=admin@sofinhub.test). Frontend :5173, backend :4000.","1. Gõ thẳng http://localhost:5173/admin/support/tickets
2. Chờ trang tải (route admin tải lazy)
3. Mở DevTools > Console",/admin/support/tickets,"Hiện khung admin với tiêu đề chứa 'Ticket hỗ trợ', mục sidebar tương ứng được tô sáng, breadcrumb đúng; không màn trắng, không lỗi console; có trạng thái 'Đang tải…' rồi dữ liệu (hoặc 'Không có ... ' nếu rỗng).","Trùng: smoke 'mở trực tiếp trang' lặp 18 lần cùng cơ chế lazy route; giữ TC-ADM3-020 đại diện, mỗi trang có case riêng"
TC-ADM3-027,"Admin Console (đợt 3: Phân tích, Hỗ trợ, Hệ thống)",Khung admin theo quyền (UI),"Mở trực tiếp /admin/support/user hiển thị trang 'Vấn đề người dùng' (tải lazy, mục sidebar được tô sáng)",Chức năng,Cao,"DB sạch sau npm run db:reset (có seed/admin-batch3.ts, chạy sau seed admin đợt 1-2; mật khẩu mọi tài khoản seed Passw0rd!x; xem sheet 'Tài khoản & dữ liệu test' mục A5-A6). Đăng nhập admin@sofinhub.test / Passw0rd!x (Super Admin, cần PLATFORM_ADMIN_EMAILS=admin@sofinhub.test). Frontend :5173, backend :4000.","1. Gõ thẳng http://localhost:5173/admin/support/user
2. Chờ trang tải (route admin tải lazy)
3. Mở DevTools > Console",/admin/support/user,"Hiện khung admin với tiêu đề chứa 'Vấn đề người dùng', mục sidebar tương ứng được tô sáng, breadcrumb đúng; không màn trắng, không lỗi console; có trạng thái 'Đang tải…' rồi dữ liệu (hoặc 'Không có ... ' nếu rỗng).","Trùng: smoke 'mở trực tiếp trang' lặp 18 lần cùng cơ chế lazy route; giữ TC-ADM3-020 đại diện, mỗi trang có case riêng"
TC-ADM3-028,"Admin Console (đợt 3: Phân tích, Hỗ trợ, Hệ thống)",Khung admin theo quyền (UI),"Mở trực tiếp /admin/support/creator hiển thị trang 'Vấn đề creator' (tải lazy, mục sidebar được tô sáng)",Chức năng,Cao,"DB sạch sau npm run db:reset (có seed/admin-batch3.ts, chạy sau seed admin đợt 1-2; mật khẩu mọi tài khoản seed Passw0rd!x; xem sheet 'Tài khoản & dữ liệu test' mục A5-A6). Đăng nhập admin@sofinhub.test / Passw0rd!x (Super Admin, cần PLATFORM_ADMIN_EMAILS=admin@sofinhub.test). Frontend :5173, backend :4000.","1. Gõ thẳng http://localhost:5173/admin/support/creator
2. Chờ trang tải (route admin tải lazy)
3. Mở DevTools > Console",/admin/support/creator,"Hiện khung admin với tiêu đề chứa 'Vấn đề creator', mục sidebar tương ứng được tô sáng, breadcrumb đúng; không màn trắng, không lỗi console; có trạng thái 'Đang tải…' rồi dữ liệu (hoặc 'Không có ... ' nếu rỗng).","Trùng: smoke 'mở trực tiếp trang' lặp 18 lần cùng cơ chế lazy route; giữ TC-ADM3-020 đại diện, mỗi trang có case riêng"
TC-ADM3-029,"Admin Console (đợt 3: Phân tích, Hỗ trợ, Hệ thống)",Khung admin theo quyền (UI),"Mở trực tiếp /admin/support/payment hiển thị trang 'Vấn đề thanh toán' (tải lazy, mục sidebar được tô sáng)",Chức năng,Cao,"DB sạch sau npm run db:reset (có seed/admin-batch3.ts, chạy sau seed admin đợt 1-2; mật khẩu mọi tài khoản seed Passw0rd!x; xem sheet 'Tài khoản & dữ liệu test' mục A5-A6). Đăng nhập admin@sofinhub.test / Passw0rd!x (Super Admin, cần PLATFORM_ADMIN_EMAILS=admin@sofinhub.test). Frontend :5173, backend :4000.","1. Gõ thẳng http://localhost:5173/admin/support/payment
2. Chờ trang tải (route admin tải lazy)
3. Mở DevTools > Console",/admin/support/payment,"Hiện khung admin với tiêu đề chứa 'Vấn đề thanh toán', mục sidebar tương ứng được tô sáng, breadcrumb đúng; không màn trắng, không lỗi console; có trạng thái 'Đang tải…' rồi dữ liệu (hoặc 'Không có ... ' nếu rỗng).","Trùng: smoke 'mở trực tiếp trang' lặp 18 lần cùng cơ chế lazy route; giữ TC-ADM3-020 đại diện, mỗi trang có case riêng"
TC-ADM3-030,"Admin Console (đợt 3: Phân tích, Hỗ trợ, Hệ thống)",Khung admin theo quyền (UI),"Mở trực tiếp /admin/system/admins hiển thị trang 'Tài khoản quản trị' (tải lazy, mục sidebar được tô sáng)",Chức năng,Cao,"DB sạch sau npm run db:reset (có seed/admin-batch3.ts, chạy sau seed admin đợt 1-2; mật khẩu mọi tài khoản seed Passw0rd!x; xem sheet 'Tài khoản & dữ liệu test' mục A5-A6). Đăng nhập admin@sofinhub.test / Passw0rd!x (Super Admin, cần PLATFORM_ADMIN_EMAILS=admin@sofinhub.test). Frontend :5173, backend :4000.","1. Gõ thẳng http://localhost:5173/admin/system/admins
2. Chờ trang tải (route admin tải lazy)
3. Mở DevTools > Console",/admin/system/admins,"Hiện khung admin với tiêu đề chứa 'Tài khoản quản trị', mục sidebar tương ứng được tô sáng, breadcrumb đúng; không màn trắng, không lỗi console; có trạng thái 'Đang tải…' rồi dữ liệu (hoặc 'Không có ... ' nếu rỗng).","Trùng: smoke 'mở trực tiếp trang' lặp 18 lần cùng cơ chế lazy route; giữ TC-ADM3-020 đại diện, mỗi trang có case riêng"
TC-ADM3-031,"Admin Console (đợt 3: Phân tích, Hỗ trợ, Hệ thống)",Khung admin theo quyền (UI),"Mở trực tiếp /admin/system/roles hiển thị trang 'Vai trò & Quyền' (tải lazy, mục sidebar được tô sáng)",Chức năng,Cao,"DB sạch sau npm run db:reset (có seed/admin-batch3.ts, chạy sau seed admin đợt 1-2; mật khẩu mọi tài khoản seed Passw0rd!x; xem sheet 'Tài khoản & dữ liệu test' mục A5-A6). Đăng nhập admin@sofinhub.test / Passw0rd!x (Super Admin, cần PLATFORM_ADMIN_EMAILS=admin@sofinhub.test). Frontend :5173, backend :4000.","1. Gõ thẳng http://localhost:5173/admin/system/roles
2. Chờ trang tải (route admin tải lazy)
3. Mở DevTools > Console",/admin/system/roles,"Hiện khung admin với tiêu đề chứa 'Vai trò & Quyền', mục sidebar tương ứng được tô sáng, breadcrumb đúng; không màn trắng, không lỗi console; có trạng thái 'Đang tải…' rồi dữ liệu (hoặc 'Không có ... ' nếu rỗng).","Trùng: smoke 'mở trực tiếp trang' lặp 18 lần cùng cơ chế lazy route; giữ TC-ADM3-020 đại diện, mỗi trang có case riêng"
TC-ADM3-032,"Admin Console (đợt 3: Phân tích, Hỗ trợ, Hệ thống)",Khung admin theo quyền (UI),"Mở trực tiếp /admin/system/categories hiển thị trang 'Danh mục' (tải lazy, mục sidebar được tô sáng)",Chức năng,Cao,"DB sạch sau npm run db:reset (có seed/admin-batch3.ts, chạy sau seed admin đợt 1-2; mật khẩu mọi tài khoản seed Passw0rd!x; xem sheet 'Tài khoản & dữ liệu test' mục A5-A6). Đăng nhập admin@sofinhub.test / Passw0rd!x (Super Admin, cần PLATFORM_ADMIN_EMAILS=admin@sofinhub.test). Frontend :5173, backend :4000.","1. Gõ thẳng http://localhost:5173/admin/system/categories
2. Chờ trang tải (route admin tải lazy)
3. Mở DevTools > Console",/admin/system/categories,"Hiện khung admin với tiêu đề chứa 'Danh mục', mục sidebar tương ứng được tô sáng, breadcrumb đúng; không màn trắng, không lỗi console; có trạng thái 'Đang tải…' rồi dữ liệu (hoặc 'Không có ... ' nếu rỗng).","Trùng: smoke 'mở trực tiếp trang' lặp 18 lần cùng cơ chế lazy route; giữ TC-ADM3-020 đại diện, mỗi trang có case riêng"
TC-ADM3-033,"Admin Console (đợt 3: Phân tích, Hỗ trợ, Hệ thống)",Khung admin theo quyền (UI),"Mở trực tiếp /admin/system/flags hiển thị trang 'Tính năng thử nghiệm' (tải lazy, mục sidebar được tô sáng)",Chức năng,Cao,"DB sạch sau npm run db:reset (có seed/admin-batch3.ts, chạy sau seed admin đợt 1-2; mật khẩu mọi tài khoản seed Passw0rd!x; xem sheet 'Tài khoản & dữ liệu test' mục A5-A6). Đăng nhập admin@sofinhub.test / Passw0rd!x (Super Admin, cần PLATFORM_ADMIN_EMAILS=admin@sofinhub.test). Frontend :5173, backend :4000.","1. Gõ thẳng http://localhost:5173/admin/system/flags
2. Chờ trang tải (route admin tải lazy)
3. Mở DevTools > Console",/admin/system/flags,"Hiện khung admin với tiêu đề chứa 'Tính năng thử nghiệm', mục sidebar tương ứng được tô sáng, breadcrumb đúng; không màn trắng, không lỗi console; có trạng thái 'Đang tải…' rồi dữ liệu (hoặc 'Không có ... ' nếu rỗng).","Trùng: smoke 'mở trực tiếp trang' lặp 18 lần cùng cơ chế lazy route; giữ TC-ADM3-020 đại diện, mỗi trang có case riêng"
TC-ADM3-034,"Admin Console (đợt 3: Phân tích, Hỗ trợ, Hệ thống)",Khung admin theo quyền (UI),"Mở trực tiếp /admin/system/integrations hiển thị trang 'Tích hợp' (tải lazy, mục sidebar được tô sáng)",Chức năng,Cao,"DB sạch sau npm run db:reset (có seed/admin-batch3.ts, chạy sau seed admin đợt 1-2; mật khẩu mọi tài khoản seed Passw0rd!x; xem sheet 'Tài khoản & dữ liệu test' mục A5-A6). Đăng nhập admin@sofinhub.test / Passw0rd!x (Super Admin, cần PLATFORM_ADMIN_EMAILS=admin@sofinhub.test). Frontend :5173, backend :4000.","1. Gõ thẳng http://localhost:5173/admin/system/integrations
2. Chờ trang tải (route admin tải lazy)
3. Mở DevTools > Console",/admin/system/integrations,"Hiện khung admin với tiêu đề chứa 'Tích hợp', mục sidebar tương ứng được tô sáng, breadcrumb đúng; không màn trắng, không lỗi console; có trạng thái 'Đang tải…' rồi dữ liệu (hoặc 'Không có ... ' nếu rỗng).","Trùng: smoke 'mở trực tiếp trang' lặp 18 lần cùng cơ chế lazy route; giữ TC-ADM3-020 đại diện, mỗi trang có case riêng"
TC-ADM3-035,"Admin Console (đợt 3: Phân tích, Hỗ trợ, Hệ thống)",Khung admin theo quyền (UI),"Mở trực tiếp /admin/system/notifications hiển thị trang 'Thông báo' (tải lazy, mục sidebar được tô sáng)",Chức năng,Cao,"DB sạch sau npm run db:reset (có seed/admin-batch3.ts, chạy sau seed admin đợt 1-2; mật khẩu mọi tài khoản seed Passw0rd!x; xem sheet 'Tài khoản & dữ liệu test' mục A5-A6). Đăng nhập admin@sofinhub.test / Passw0rd!x (Super Admin, cần PLATFORM_ADMIN_EMAILS=admin@sofinhub.test). Frontend :5173, backend :4000.","1. Gõ thẳng http://localhost:5173/admin/system/notifications
2. Chờ trang tải (route admin tải lazy)
3. Mở DevTools > Console",/admin/system/notifications,"Hiện khung admin với tiêu đề chứa 'Thông báo', mục sidebar tương ứng được tô sáng, breadcrumb đúng; không màn trắng, không lỗi console; có trạng thái 'Đang tải…' rồi dữ liệu (hoặc 'Không có ... ' nếu rỗng).","Trùng: smoke 'mở trực tiếp trang' lặp 18 lần cùng cơ chế lazy route; giữ TC-ADM3-020 đại diện, mỗi trang có case riêng"
TC-ADM3-036,"Admin Console (đợt 3: Phân tích, Hỗ trợ, Hệ thống)",Khung admin theo quyền (UI),"Mở trực tiếp /admin/system/email hiển thị trang 'Mẫu email' (tải lazy, mục sidebar được tô sáng)",Chức năng,Cao,"DB sạch sau npm run db:reset (có seed/admin-batch3.ts, chạy sau seed admin đợt 1-2; mật khẩu mọi tài khoản seed Passw0rd!x; xem sheet 'Tài khoản & dữ liệu test' mục A5-A6). Đăng nhập admin@sofinhub.test / Passw0rd!x (Super Admin, cần PLATFORM_ADMIN_EMAILS=admin@sofinhub.test). Frontend :5173, backend :4000.","1. Gõ thẳng http://localhost:5173/admin/system/email
2. Chờ trang tải (route admin tải lazy)
3. Mở DevTools > Console",/admin/system/email,"Hiện khung admin với tiêu đề chứa 'Mẫu email', mục sidebar tương ứng được tô sáng, breadcrumb đúng; không màn trắng, không lỗi console; có trạng thái 'Đang tải…' rồi dữ liệu (hoặc 'Không có ... ' nếu rỗng).","Trùng: smoke 'mở trực tiếp trang' lặp 18 lần cùng cơ chế lazy route; giữ TC-ADM3-020 đại diện, mỗi trang có case riêng"
TC-ADM3-037,"Admin Console (đợt 3: Phân tích, Hỗ trợ, Hệ thống)",Khung admin theo quyền (UI),"Mở trực tiếp /admin/system/audit hiển thị trang 'Nhật ký hoạt động' (tải lazy, mục sidebar được tô sáng)",Chức năng,Cao,"DB sạch sau npm run db:reset (có seed/admin-batch3.ts, chạy sau seed admin đợt 1-2; mật khẩu mọi tài khoản seed Passw0rd!x; xem sheet 'Tài khoản & dữ liệu test' mục A5-A6). Đăng nhập admin@sofinhub.test / Passw0rd!x (Super Admin, cần PLATFORM_ADMIN_EMAILS=admin@sofinhub.test). Frontend :5173, backend :4000.","1. Gõ thẳng http://localhost:5173/admin/system/audit
2. Chờ trang tải (route admin tải lazy)
3. Mở DevTools > Console",/admin/system/audit,"Hiện khung admin với tiêu đề chứa 'Nhật ký hoạt động', mục sidebar tương ứng được tô sáng, breadcrumb đúng; không màn trắng, không lỗi console; có trạng thái 'Đang tải…' rồi dữ liệu (hoặc 'Không có ... ' nếu rỗng).","Trùng: smoke 'mở trực tiếp trang' lặp 18 lần cùng cơ chế lazy route; giữ TC-ADM3-020 đại diện, mỗi trang có case riêng"
TC-ADM3-038,"Admin Console (đợt 3: Phân tích, Hỗ trợ, Hệ thống)",Khung admin theo quyền (UI),"Mở trực tiếp /admin/system/settings hiển thị trang 'Cài đặt chung' (tải lazy, mục sidebar được tô sáng)",Chức năng,Cao,"DB sạch sau npm run db:reset (có seed/admin-batch3.ts, chạy sau seed admin đợt 1-2; mật khẩu mọi tài khoản seed Passw0rd!x; xem sheet 'Tài khoản & dữ liệu test' mục A5-A6). Đăng nhập admin@sofinhub.test / Passw0rd!x (Super Admin, cần PLATFORM_ADMIN_EMAILS=admin@sofinhub.test). Frontend :5173, backend :4000.","1. Gõ thẳng http://localhost:5173/admin/system/settings
2. Chờ trang tải (route admin tải lazy)
3. Mở DevTools > Console",/admin/system/settings,"Hiện khung admin với tiêu đề chứa 'Cài đặt chung', mục sidebar tương ứng được tô sáng, breadcrumb đúng; không màn trắng, không lỗi console; có trạng thái 'Đang tải…' rồi dữ liệu (hoặc 'Không có ... ' nếu rỗng).","Trùng: smoke 'mở trực tiếp trang' lặp 18 lần cùng cơ chế lazy route; giữ TC-ADM3-020 đại diện, mỗi trang có case riêng"
TC-ADM3-039,"Admin Console (đợt 3: Phân tích, Hỗ trợ, Hệ thống)",Ma trận phân quyền nhân viên (API),"Vai trò Super Admin gọi các route đợt 1 (tổng quan, cộng đồng, người dùng, kiểm duyệt, nhật ký): đúng route được phép (200) và 403 ngoài ra",Bảo mật,Cao,"DB sạch sau npm run db:reset (có seed/admin-batch3.ts, chạy sau seed admin đợt 1-2; mật khẩu mọi tài khoản seed Passw0rd!x; xem sheet 'Tài khoản & dữ liệu test' mục A5-A6). Lấy token bằng POST /api/auth/login của admin@sofinhub.test / Passw0rd!x.","1. GET /api/admin/me  (cần quyền: chỉ cần là nhân viên)
2. GET /api/admin/dashboard  (cần quyền: dashboard.view)
3. GET /api/admin/communities  (cần quyền: community.manage)
4. POST /api/admin/communities/khong-ton-tai/approve  (cần quyền: community.manage)
5. GET /api/admin/users  (cần quyền: users.view)
6. POST /api/admin/users/khong-ton-tai/warn  (cần quyền: user.ban)
7. GET /api/admin/moderation/cases  (cần quyền: report.resolve)
8. POST /api/admin/moderation/cases/khong-ton-tai/dismiss  (cần quyền: report.resolve)
9. GET /api/admin/audit-logs  (cần quyền: audit.view)
10. Ghi mã trạng thái từng yêu cầu (POST gửi body {} và id giả 'khong-ton-tai')",admin@sofinhub.test,"9/9 route qua guard; còn lại 403. Chi tiết: GET /admin/me -> 200 | GET /admin/dashboard -> 200 | GET /admin/communities -> 200 | POST /admin/communities/khong-ton-tai/approve -> qua guard (id/body giả -> 404/400, KHÔNG 403) | GET /admin/users -> 200 | POST /admin/users/khong-ton-tai/warn -> qua guard (id/body giả -> 404/400, KHÔNG 403) | GET /admin/moderation/cases -> 200 | POST /admin/moderation/cases/khong-ton-tai/dismiss -> qua guard (id/body giả -> 404/400, KHÔNG 403) | GET /admin/audit-logs -> 200. Quyền kiểm tra TRƯỚC khi validate body/tìm bản ghi nên id giả vẫn ra 403 với route không được phép; không route nào trả 401 (token hợp lệ).",Trùng ma trận: chiều role x đợt lặp lại thông tin của 41 case theo route TC-ADM3-054..094 (cùng bảng PERMS/admin-staff.permissions.ts)
TC-ADM3-040,"Admin Console (đợt 3: Phân tích, Hỗ trợ, Hệ thống)",Ma trận phân quyền nhân viên (API),"Vai trò Super Admin gọi các route đợt 2 (nội dung, thanh toán, khám phá, route cũ refunds/payouts): đúng route được phép (200) và 403 ngoài ra",Bảo mật,Cao,"DB sạch sau npm run db:reset (có seed/admin-batch3.ts, chạy sau seed admin đợt 1-2; mật khẩu mọi tài khoản seed Passw0rd!x; xem sheet 'Tài khoản & dữ liệu test' mục A5-A6). Lấy token bằng POST /api/auth/login của admin@sofinhub.test / Passw0rd!x.","1. GET /api/admin/content/posts  (cần quyền: content.manage)
2. POST /api/admin/content/posts/khong-ton-tai/hide  (cần quyền: content.manage)
3. GET /api/admin/payments/transactions  (cần quyền: payment.view)
4. GET /api/admin/payments/subscriptions  (cần quyền: payment.view)
5. GET /api/admin/payments/creators  (cần quyền: payment.view)
6. GET /api/admin/payments/payouts  (cần quyền: payment.view)
7. POST /api/admin/payments/refunds/khong-ton-tai/approve  (cần quyền: payment.refund)
8. POST /api/admin/payments/transactions/khong-ton-tai/refund  (cần quyền: payment.refund)
9. POST /api/admin/payments/transactions/khong-ton-tai/retry  (cần quyền: payment.manage)
10. POST /api/admin/payments/subscriptions/khong-ton-tai/pause  (cần quyền: payment.manage)
11. POST /api/admin/payments/chargebacks  (cần quyền: payment.manage)
12. POST /api/admin/payments/payouts/khong-ton-tai/hold  (cần quyền: payout.approve)
13. GET /api/admin/discovery/communities  (cần quyền: community.manage)
14. GET /api/admin/discovery/rankings  (cần quyền: community.manage)
15. GET /api/admin/refunds  (cần quyền: payment.view)
16. PATCH /api/admin/refunds/khong-ton-tai  (cần quyền: payment.refund)
17. GET /api/admin/payouts  (cần quyền: payment.view)
18. PATCH /api/admin/payouts/khong-ton-tai  (cần quyền: payout.approve)
19. Ghi mã trạng thái từng yêu cầu (POST gửi body {} và id giả 'khong-ton-tai')",admin@sofinhub.test,"18/18 route qua guard; còn lại 403. Chi tiết: GET /admin/content/posts -> 200 | POST /admin/content/posts/khong-ton-tai/hide -> qua guard (id/body giả -> 404/400, KHÔNG 403) | GET /admin/payments/transactions -> 200 | GET /admin/payments/subscriptions -> 200 | GET /admin/payments/creators -> 200 | GET /admin/payments/payouts -> 200 | POST /admin/payments/refunds/khong-ton-tai/approve -> qua guard (id/body giả -> 404/400, KHÔNG 403) | POST /admin/payments/transactions/khong-ton-tai/refund -> qua guard (id/body giả -> 404/400, KHÔNG 403) | POST /admin/payments/transactions/khong-ton-tai/retry -> qua guard (id/body giả -> 404/400, KHÔNG 403) | POST /admin/payments/subscriptions/khong-ton-tai/pause -> qua guard (id/body giả -> 404/400, KHÔNG 403) | POST /admin/payments/chargebacks -> qua guard (id/body giả -> 404/400, KHÔNG 403) | POST /admin/payments/payouts/khong-ton-tai/hold -> qua guard (id/body giả -> 404/400, KHÔNG 403) | GET /admin/discovery/communities -> 200 | GET /admin/discovery/rankings -> 200 | GET /admin/refunds -> 200 | PATCH /admin/refunds/khong-ton-tai -> qua guard (id/body giả -> 404/400, KHÔNG 403) | GET /admin/payouts -> 200 | PATCH /admin/payouts/khong-ton-tai -> qua guard (id/body giả -> 404/400, KHÔNG 403). Quyền kiểm tra TRƯỚC khi validate body/tìm bản ghi nên id giả vẫn ra 403 với route không được phép; không route nào trả 401 (token hợp lệ).",Trùng ma trận: chiều role x đợt lặp lại thông tin của 41 case theo route TC-ADM3-054..094 (cùng bảng PERMS/admin-staff.permissions.ts)
TC-ADM3-041,"Admin Console (đợt 3: Phân tích, Hỗ trợ, Hệ thống)",Ma trận phân quyền nhân viên (API),"Vai trò Super Admin gọi các route đợt 3 (phân tích, hỗ trợ, hệ thống): đúng route được phép (200) và 403 ngoài ra",Bảo mật,Cao,"DB sạch sau npm run db:reset (có seed/admin-batch3.ts, chạy sau seed admin đợt 1-2; mật khẩu mọi tài khoản seed Passw0rd!x; xem sheet 'Tài khoản & dữ liệu test' mục A5-A6). Lấy token bằng POST /api/auth/login của admin@sofinhub.test / Passw0rd!x.","1. GET /api/admin/analytics/users  (cần quyền: analytics.view)
2. GET /api/admin/analytics/revenue  (cần quyền: analytics.view)
3. GET /api/admin/support/tickets  (cần quyền: support.manage)
4. POST /api/admin/support/tickets/khong-ton-tai/reply  (cần quyền: support.manage)
5. GET /api/admin/system/categories  (cần quyền: community.manage)
6. GET /api/admin/system/flags  (cần quyền: system.flags)
7. GET /api/admin/system/admins  (cần quyền: admin.manage)
8. GET /api/admin/system/roles  (cần quyền: admin.manage)
9. GET /api/admin/system/integrations  (cần quyền: system.settings)
10. GET /api/admin/system/notifications/settings  (cần quyền: system.settings)
11. GET /api/admin/system/email-templates  (cần quyền: system.settings)
12. GET /api/admin/system/settings  (cần quyền: system.settings)
13. GET /api/admin/audit-logs/export  (cần quyền: audit.view)
14. GET /api/admin/system/khong-co-route  (cần quyền: super)
15. Ghi mã trạng thái từng yêu cầu (POST gửi body {} và id giả 'khong-ton-tai')",admin@sofinhub.test,"14/14 route qua guard; còn lại 403. Chi tiết: GET /admin/analytics/users -> 200 | GET /admin/analytics/revenue -> 200 | GET /admin/support/tickets -> 200 | POST /admin/support/tickets/khong-ton-tai/reply -> qua guard (id/body giả -> 404/400, KHÔNG 403) | GET /admin/system/categories -> 200 | GET /admin/system/flags -> 200 | GET /admin/system/admins -> 200 | GET /admin/system/roles -> 200 | GET /admin/system/integrations -> 200 | GET /admin/system/notifications/settings -> 200 | GET /admin/system/email-templates -> 200 | GET /admin/system/settings -> 200 | GET /admin/audit-logs/export -> 200 | GET /admin/system/khong-co-route -> qua guard (route không tồn tại -> 404 NOT_FOUND, KHÔNG 403). Quyền kiểm tra TRƯỚC khi validate body/tìm bản ghi nên id giả vẫn ra 403 với route không được phép; không route nào trả 401 (token hợp lệ).",Trùng ma trận: chiều role x đợt lặp lại thông tin của 41 case theo route TC-ADM3-054..094 (cùng bảng PERMS/admin-staff.permissions.ts)
TC-ADM3-042,"Admin Console (đợt 3: Phân tích, Hỗ trợ, Hệ thống)",Ma trận phân quyền nhân viên (API),"Vai trò Moderator gọi các route đợt 1 (tổng quan, cộng đồng, người dùng, kiểm duyệt, nhật ký): đúng route được phép (200) và 403 ngoài ra",Bảo mật,Cao,"DB sạch sau npm run db:reset (có seed/admin-batch3.ts, chạy sau seed admin đợt 1-2; mật khẩu mọi tài khoản seed Passw0rd!x; xem sheet 'Tài khoản & dữ liệu test' mục A5-A6). Lấy token bằng POST /api/auth/login của moderator@sofinhub.test / Passw0rd!x.","1. GET /api/admin/me  (cần quyền: chỉ cần là nhân viên)
2. GET /api/admin/dashboard  (cần quyền: dashboard.view)
3. GET /api/admin/communities  (cần quyền: community.manage)
4. POST /api/admin/communities/khong-ton-tai/approve  (cần quyền: community.manage)
5. GET /api/admin/users  (cần quyền: users.view)
6. POST /api/admin/users/khong-ton-tai/warn  (cần quyền: user.ban)
7. GET /api/admin/moderation/cases  (cần quyền: report.resolve)
8. POST /api/admin/moderation/cases/khong-ton-tai/dismiss  (cần quyền: report.resolve)
9. GET /api/admin/audit-logs  (cần quyền: audit.view)
10. Ghi mã trạng thái từng yêu cầu (POST gửi body {} và id giả 'khong-ton-tai')",moderator@sofinhub.test,"8/9 route qua guard; còn lại 403. Chi tiết: GET /admin/me -> 200 | GET /admin/dashboard -> 200 | GET /admin/communities -> 200 | POST /admin/communities/khong-ton-tai/approve -> qua guard (id/body giả -> 404/400, KHÔNG 403) | GET /admin/users -> 200 | POST /admin/users/khong-ton-tai/warn -> qua guard (id/body giả -> 404/400, KHÔNG 403) | GET /admin/moderation/cases -> 200 | POST /admin/moderation/cases/khong-ton-tai/dismiss -> qua guard (id/body giả -> 404/400, KHÔNG 403) | GET /admin/audit-logs -> 403 FORBIDDEN 'Vai trò Moderator không có quyền ""audit.view""'. Quyền kiểm tra TRƯỚC khi validate body/tìm bản ghi nên id giả vẫn ra 403 với route không được phép; không route nào trả 401 (token hợp lệ).",Trùng ma trận: chiều role x đợt lặp lại thông tin của 41 case theo route TC-ADM3-054..094 (cùng bảng PERMS/admin-staff.permissions.ts)
TC-ADM3-043,"Admin Console (đợt 3: Phân tích, Hỗ trợ, Hệ thống)",Ma trận phân quyền nhân viên (API),"Vai trò Moderator gọi các route đợt 2 (nội dung, thanh toán, khám phá, route cũ refunds/payouts): đúng route được phép (200) và 403 ngoài ra",Bảo mật,Cao,"DB sạch sau npm run db:reset (có seed/admin-batch3.ts, chạy sau seed admin đợt 1-2; mật khẩu mọi tài khoản seed Passw0rd!x; xem sheet 'Tài khoản & dữ liệu test' mục A5-A6). Lấy token bằng POST /api/auth/login của moderator@sofinhub.test / Passw0rd!x.","1. GET /api/admin/content/posts  (cần quyền: content.manage)
2. POST /api/admin/content/posts/khong-ton-tai/hide  (cần quyền: content.manage)
3. GET /api/admin/payments/transactions  (cần quyền: payment.view)
4. GET /api/admin/payments/subscriptions  (cần quyền: payment.view)
5. GET /api/admin/payments/creators  (cần quyền: payment.view)
6. GET /api/admin/payments/payouts  (cần quyền: payment.view)
7. POST /api/admin/payments/refunds/khong-ton-tai/approve  (cần quyền: payment.refund)
8. POST /api/admin/payments/transactions/khong-ton-tai/refund  (cần quyền: payment.refund)
9. POST /api/admin/payments/transactions/khong-ton-tai/retry  (cần quyền: payment.manage)
10. POST /api/admin/payments/subscriptions/khong-ton-tai/pause  (cần quyền: payment.manage)
11. POST /api/admin/payments/chargebacks  (cần quyền: payment.manage)
12. POST /api/admin/payments/payouts/khong-ton-tai/hold  (cần quyền: payout.approve)
13. GET /api/admin/discovery/communities  (cần quyền: community.manage)
14. GET /api/admin/discovery/rankings  (cần quyền: community.manage)
15. GET /api/admin/refunds  (cần quyền: payment.view)
16. PATCH /api/admin/refunds/khong-ton-tai  (cần quyền: payment.refund)
17. GET /api/admin/payouts  (cần quyền: payment.view)
18. PATCH /api/admin/payouts/khong-ton-tai  (cần quyền: payout.approve)
19. Ghi mã trạng thái từng yêu cầu (POST gửi body {} và id giả 'khong-ton-tai')",moderator@sofinhub.test,"4/18 route qua guard; còn lại 403. Chi tiết: GET /admin/content/posts -> 200 | POST /admin/content/posts/khong-ton-tai/hide -> qua guard (id/body giả -> 404/400, KHÔNG 403) | GET /admin/payments/transactions -> 403 FORBIDDEN 'Vai trò Moderator không có quyền ""payment.view""' | GET /admin/payments/subscriptions -> 403 FORBIDDEN 'Vai trò Moderator không có quyền ""payment.view""' | GET /admin/payments/creators -> 403 FORBIDDEN 'Vai trò Moderator không có quyền ""payment.view""' | GET /admin/payments/payouts -> 403 FORBIDDEN 'Vai trò Moderator không có quyền ""payment.view""' | POST /admin/payments/refunds/khong-ton-tai/approve -> 403 FORBIDDEN 'Vai trò Moderator không có quyền ""payment.refund""' | POST /admin/payments/transactions/khong-ton-tai/refund -> 403 FORBIDDEN 'Vai trò Moderator không có quyền ""payment.refund""' | POST /admin/payments/transactions/khong-ton-tai/retry -> 403 FORBIDDEN 'Vai trò Moderator không có quyền ""payment.manage""' | POST /admin/payments/subscriptions/khong-ton-tai/pause -> 403 FORBIDDEN 'Vai trò Moderator không có quyền ""payment.manage""' | POST /admin/payments/chargebacks -> 403 FORBIDDEN 'Vai trò Moderator không có quyền ""payment.manage""' | POST /admin/payments/payouts/khong-ton-tai/hold -> 403 FORBIDDEN 'Vai trò Moderator không có quyền ""payout.approve""' | GET /admin/discovery/communities -> 200 | GET /admin/discovery/rankings -> 200 | GET /admin/refunds -> 403 FORBIDDEN 'Vai trò Moderator không có quyền ""payment.view""' | PATCH /admin/refunds/khong-ton-tai -> 403 FORBIDDEN 'Vai trò Moderator không có quyền ""payment.refund""' | GET /admin/payouts -> 403 FORBIDDEN 'Vai trò Moderator không có quyền ""payment.view""' | PATCH /admin/payouts/khong-ton-tai -> 403 FORBIDDEN 'Vai trò Moderator không có quyền ""payout.approve""'. Quyền kiểm tra TRƯỚC khi validate body/tìm bản ghi nên id giả vẫn ra 403 với route không được phép; không route nào trả 401 (token hợp lệ).",Trùng ma trận: chiều role x đợt lặp lại thông tin của 41 case theo route TC-ADM3-054..094 (cùng bảng PERMS/admin-staff.permissions.ts)
TC-ADM3-044,"Admin Console (đợt 3: Phân tích, Hỗ trợ, Hệ thống)",Ma trận phân quyền nhân viên (API),"Vai trò Moderator gọi các route đợt 3 (phân tích, hỗ trợ, hệ thống): đúng route được phép (200) và 403 ngoài ra",Bảo mật,Cao,"DB sạch sau npm run db:reset (có seed/admin-batch3.ts, chạy sau seed admin đợt 1-2; mật khẩu mọi tài khoản seed Passw0rd!x; xem sheet 'Tài khoản & dữ liệu test' mục A5-A6). Lấy token bằng POST /api/auth/login của moderator@sofinhub.test / Passw0rd!x.","1. GET /api/admin/analytics/users  (cần quyền: analytics.view)
2. GET /api/admin/analytics/revenue  (cần quyền: analytics.view)
3. GET /api/admin/support/tickets  (cần quyền: support.manage)
4. POST /api/admin/support/tickets/khong-ton-tai/reply  (cần quyền: support.manage)
5. GET /api/admin/system/categories  (cần quyền: community.manage)
6. GET /api/admin/system/flags  (cần quyền: system.flags)
7. GET /api/admin/system/admins  (cần quyền: admin.manage)
8. GET /api/admin/system/roles  (cần quyền: admin.manage)
9. GET /api/admin/system/integrations  (cần quyền: system.settings)
10. GET /api/admin/system/notifications/settings  (cần quyền: system.settings)
11. GET /api/admin/system/email-templates  (cần quyền: system.settings)
12. GET /api/admin/system/settings  (cần quyền: system.settings)
13. GET /api/admin/audit-logs/export  (cần quyền: audit.view)
14. GET /api/admin/system/khong-co-route  (cần quyền: super)
15. Ghi mã trạng thái từng yêu cầu (POST gửi body {} và id giả 'khong-ton-tai')",moderator@sofinhub.test,"3/14 route qua guard; còn lại 403. Chi tiết: GET /admin/analytics/users -> 200 | GET /admin/analytics/revenue -> 200 | GET /admin/support/tickets -> 403 FORBIDDEN 'Vai trò Moderator không có quyền ""support.manage""' | POST /admin/support/tickets/khong-ton-tai/reply -> 403 FORBIDDEN 'Vai trò Moderator không có quyền ""support.manage""' | GET /admin/system/categories -> 200 | GET /admin/system/flags -> 403 FORBIDDEN 'Vai trò Moderator không có quyền ""system.flags""' | GET /admin/system/admins -> 403 FORBIDDEN 'Vai trò Moderator không có quyền ""admin.manage""' | GET /admin/system/roles -> 403 FORBIDDEN 'Vai trò Moderator không có quyền ""admin.manage""' | GET /admin/system/integrations -> 403 FORBIDDEN 'Vai trò Moderator không có quyền ""system.settings""' | GET /admin/system/notifications/settings -> 403 FORBIDDEN 'Vai trò Moderator không có quyền ""system.settings""' | GET /admin/system/email-templates -> 403 FORBIDDEN 'Vai trò Moderator không có quyền ""system.settings""' | GET /admin/system/settings -> 403 FORBIDDEN 'Vai trò Moderator không có quyền ""system.settings""' | GET /admin/audit-logs/export -> 403 FORBIDDEN 'Vai trò Moderator không có quyền ""audit.view""' | GET /admin/system/khong-co-route -> 403 FORBIDDEN 'Chỉ Super Admin mới có quyền này'. Quyền kiểm tra TRƯỚC khi validate body/tìm bản ghi nên id giả vẫn ra 403 với route không được phép; không route nào trả 401 (token hợp lệ).",Trùng ma trận: chiều role x đợt lặp lại thông tin của 41 case theo route TC-ADM3-054..094 (cùng bảng PERMS/admin-staff.permissions.ts)
TC-ADM3-045,"Admin Console (đợt 3: Phân tích, Hỗ trợ, Hệ thống)",Ma trận phân quyền nhân viên (API),"Vai trò Support gọi các route đợt 1 (tổng quan, cộng đồng, người dùng, kiểm duyệt, nhật ký): đúng route được phép (200) và 403 ngoài ra",Bảo mật,Cao,"DB sạch sau npm run db:reset (có seed/admin-batch3.ts, chạy sau seed admin đợt 1-2; mật khẩu mọi tài khoản seed Passw0rd!x; xem sheet 'Tài khoản & dữ liệu test' mục A5-A6). Lấy token bằng POST /api/auth/login của support@sofinhub.test / Passw0rd!x.","1. GET /api/admin/me  (cần quyền: chỉ cần là nhân viên)
2. GET /api/admin/dashboard  (cần quyền: dashboard.view)
3. GET /api/admin/communities  (cần quyền: community.manage)
4. POST /api/admin/communities/khong-ton-tai/approve  (cần quyền: community.manage)
5. GET /api/admin/users  (cần quyền: users.view)
6. POST /api/admin/users/khong-ton-tai/warn  (cần quyền: user.ban)
7. GET /api/admin/moderation/cases  (cần quyền: report.resolve)
8. POST /api/admin/moderation/cases/khong-ton-tai/dismiss  (cần quyền: report.resolve)
9. GET /api/admin/audit-logs  (cần quyền: audit.view)
10. Ghi mã trạng thái từng yêu cầu (POST gửi body {} và id giả 'khong-ton-tai')",support@sofinhub.test,"5/9 route qua guard; còn lại 403. Chi tiết: GET /admin/me -> 200 | GET /admin/dashboard -> 200 | GET /admin/communities -> 403 FORBIDDEN 'Vai trò Support không có quyền ""community.manage""' | POST /admin/communities/khong-ton-tai/approve -> 403 FORBIDDEN 'Vai trò Support không có quyền ""community.manage""' | GET /admin/users -> 200 | POST /admin/users/khong-ton-tai/warn -> 403 FORBIDDEN 'Vai trò Support không có quyền ""user.ban""' | GET /admin/moderation/cases -> 200 | POST /admin/moderation/cases/khong-ton-tai/dismiss -> qua guard (id/body giả -> 404/400, KHÔNG 403) | GET /admin/audit-logs -> 403 FORBIDDEN 'Vai trò Support không có quyền ""audit.view""'. Quyền kiểm tra TRƯỚC khi validate body/tìm bản ghi nên id giả vẫn ra 403 với route không được phép; không route nào trả 401 (token hợp lệ).",Trùng ma trận: chiều role x đợt lặp lại thông tin của 41 case theo route TC-ADM3-054..094 (cùng bảng PERMS/admin-staff.permissions.ts)
TC-ADM3-046,"Admin Console (đợt 3: Phân tích, Hỗ trợ, Hệ thống)",Ma trận phân quyền nhân viên (API),"Vai trò Support gọi các route đợt 2 (nội dung, thanh toán, khám phá, route cũ refunds/payouts): đúng route được phép (200) và 403 ngoài ra",Bảo mật,Cao,"DB sạch sau npm run db:reset (có seed/admin-batch3.ts, chạy sau seed admin đợt 1-2; mật khẩu mọi tài khoản seed Passw0rd!x; xem sheet 'Tài khoản & dữ liệu test' mục A5-A6). Lấy token bằng POST /api/auth/login của support@sofinhub.test / Passw0rd!x.","1. GET /api/admin/content/posts  (cần quyền: content.manage)
2. POST /api/admin/content/posts/khong-ton-tai/hide  (cần quyền: content.manage)
3. GET /api/admin/payments/transactions  (cần quyền: payment.view)
4. GET /api/admin/payments/subscriptions  (cần quyền: payment.view)
5. GET /api/admin/payments/creators  (cần quyền: payment.view)
6. GET /api/admin/payments/payouts  (cần quyền: payment.view)
7. POST /api/admin/payments/refunds/khong-ton-tai/approve  (cần quyền: payment.refund)
8. POST /api/admin/payments/transactions/khong-ton-tai/refund  (cần quyền: payment.refund)
9. POST /api/admin/payments/transactions/khong-ton-tai/retry  (cần quyền: payment.manage)
10. POST /api/admin/payments/subscriptions/khong-ton-tai/pause  (cần quyền: payment.manage)
11. POST /api/admin/payments/chargebacks  (cần quyền: payment.manage)
12. POST /api/admin/payments/payouts/khong-ton-tai/hold  (cần quyền: payout.approve)
13. GET /api/admin/discovery/communities  (cần quyền: community.manage)
14. GET /api/admin/discovery/rankings  (cần quyền: community.manage)
15. GET /api/admin/refunds  (cần quyền: payment.view)
16. PATCH /api/admin/refunds/khong-ton-tai  (cần quyền: payment.refund)
17. GET /api/admin/payouts  (cần quyền: payment.view)
18. PATCH /api/admin/payouts/khong-ton-tai  (cần quyền: payout.approve)
19. Ghi mã trạng thái từng yêu cầu (POST gửi body {} và id giả 'khong-ton-tai')",support@sofinhub.test,"9/18 route qua guard; còn lại 403. Chi tiết: GET /admin/content/posts -> 403 FORBIDDEN 'Vai trò Support không có quyền ""content.manage""' | POST /admin/content/posts/khong-ton-tai/hide -> 403 FORBIDDEN 'Vai trò Support không có quyền ""content.manage""' | GET /admin/payments/transactions -> 200 | GET /admin/payments/subscriptions -> 200 | GET /admin/payments/creators -> 200 | GET /admin/payments/payouts -> 200 | POST /admin/payments/refunds/khong-ton-tai/approve -> qua guard (id/body giả -> 404/400, KHÔNG 403) | POST /admin/payments/transactions/khong-ton-tai/refund -> qua guard (id/body giả -> 404/400, KHÔNG 403) | POST /admin/payments/transactions/khong-ton-tai/retry -> 403 FORBIDDEN 'Vai trò Support không có quyền ""payment.manage""' | POST /admin/payments/subscriptions/khong-ton-tai/pause -> 403 FORBIDDEN 'Vai trò Support không có quyền ""payment.manage""' | POST /admin/payments/chargebacks -> 403 FORBIDDEN 'Vai trò Support không có quyền ""payment.manage""' | POST /admin/payments/payouts/khong-ton-tai/hold -> 403 FORBIDDEN 'Vai trò Support không có quyền ""payout.approve""' | GET /admin/discovery/communities -> 403 FORBIDDEN 'Vai trò Support không có quyền ""community.manage""' | GET /admin/discovery/rankings -> 403 FORBIDDEN 'Vai trò Support không có quyền ""community.manage""' | GET /admin/refunds -> 200 | PATCH /admin/refunds/khong-ton-tai -> qua guard (id/body giả -> 404/400, KHÔNG 403) | GET /admin/payouts -> 200 | PATCH /admin/payouts/khong-ton-tai -> 403 FORBIDDEN 'Vai trò Support không có quyền ""payout.approve""'. Quyền kiểm tra TRƯỚC khi validate body/tìm bản ghi nên id giả vẫn ra 403 với route không được phép; không route nào trả 401 (token hợp lệ).",Trùng ma trận: chiều role x đợt lặp lại thông tin của 41 case theo route TC-ADM3-054..094 (cùng bảng PERMS/admin-staff.permissions.ts)
TC-ADM3-047,"Admin Console (đợt 3: Phân tích, Hỗ trợ, Hệ thống)",Ma trận phân quyền nhân viên (API),"Vai trò Support gọi các route đợt 3 (phân tích, hỗ trợ, hệ thống): đúng route được phép (200) và 403 ngoài ra",Bảo mật,Cao,"DB sạch sau npm run db:reset (có seed/admin-batch3.ts, chạy sau seed admin đợt 1-2; mật khẩu mọi tài khoản seed Passw0rd!x; xem sheet 'Tài khoản & dữ liệu test' mục A5-A6). Lấy token bằng POST /api/auth/login của support@sofinhub.test / Passw0rd!x.","1. GET /api/admin/analytics/users  (cần quyền: analytics.view)
2. GET /api/admin/analytics/revenue  (cần quyền: analytics.view)
3. GET /api/admin/support/tickets  (cần quyền: support.manage)
4. POST /api/admin/support/tickets/khong-ton-tai/reply  (cần quyền: support.manage)
5. GET /api/admin/system/categories  (cần quyền: community.manage)
6. GET /api/admin/system/flags  (cần quyền: system.flags)
7. GET /api/admin/system/admins  (cần quyền: admin.manage)
8. GET /api/admin/system/roles  (cần quyền: admin.manage)
9. GET /api/admin/system/integrations  (cần quyền: system.settings)
10. GET /api/admin/system/notifications/settings  (cần quyền: system.settings)
11. GET /api/admin/system/email-templates  (cần quyền: system.settings)
12. GET /api/admin/system/settings  (cần quyền: system.settings)
13. GET /api/admin/audit-logs/export  (cần quyền: audit.view)
14. GET /api/admin/system/khong-co-route  (cần quyền: super)
15. Ghi mã trạng thái từng yêu cầu (POST gửi body {} và id giả 'khong-ton-tai')",support@sofinhub.test,"2/14 route qua guard; còn lại 403. Chi tiết: GET /admin/analytics/users -> 403 FORBIDDEN 'Vai trò Support không có quyền ""analytics.view""' | GET /admin/analytics/revenue -> 403 FORBIDDEN 'Vai trò Support không có quyền ""analytics.view""' | GET /admin/support/tickets -> 200 | POST /admin/support/tickets/khong-ton-tai/reply -> qua guard (id/body giả -> 404/400, KHÔNG 403) | GET /admin/system/categories -> 403 FORBIDDEN 'Vai trò Support không có quyền ""community.manage""' | GET /admin/system/flags -> 403 FORBIDDEN 'Vai trò Support không có quyền ""system.flags""' | GET /admin/system/admins -> 403 FORBIDDEN 'Vai trò Support không có quyền ""admin.manage""' | GET /admin/system/roles -> 403 FORBIDDEN 'Vai trò Support không có quyền ""admin.manage""' | GET /admin/system/integrations -> 403 FORBIDDEN 'Vai trò Support không có quyền ""system.settings""' | GET /admin/system/notifications/settings -> 403 FORBIDDEN 'Vai trò Support không có quyền ""system.settings""' | GET /admin/system/email-templates -> 403 FORBIDDEN 'Vai trò Support không có quyền ""system.settings""' | GET /admin/system/settings -> 403 FORBIDDEN 'Vai trò Support không có quyền ""system.settings""' | GET /admin/audit-logs/export -> 403 FORBIDDEN 'Vai trò Support không có quyền ""audit.view""' | GET /admin/system/khong-co-route -> 403 FORBIDDEN 'Chỉ Super Admin mới có quyền này'. Quyền kiểm tra TRƯỚC khi validate body/tìm bản ghi nên id giả vẫn ra 403 với route không được phép; không route nào trả 401 (token hợp lệ).",Trùng ma trận: chiều role x đợt lặp lại thông tin của 41 case theo route TC-ADM3-054..094 (cùng bảng PERMS/admin-staff.permissions.ts)
TC-ADM3-048,"Admin Console (đợt 3: Phân tích, Hỗ trợ, Hệ thống)",Ma trận phân quyền nhân viên (API),"Vai trò Finance gọi các route đợt 1 (tổng quan, cộng đồng, người dùng, kiểm duyệt, nhật ký): đúng route được phép (200) và 403 ngoài ra",Bảo mật,Cao,"DB sạch sau npm run db:reset (có seed/admin-batch3.ts, chạy sau seed admin đợt 1-2; mật khẩu mọi tài khoản seed Passw0rd!x; xem sheet 'Tài khoản & dữ liệu test' mục A5-A6). Lấy token bằng POST /api/auth/login của finance@sofinhub.test / Passw0rd!x.","1. GET /api/admin/me  (cần quyền: chỉ cần là nhân viên)
2. GET /api/admin/dashboard  (cần quyền: dashboard.view)
3. GET /api/admin/communities  (cần quyền: community.manage)
4. POST /api/admin/communities/khong-ton-tai/approve  (cần quyền: community.manage)
5. GET /api/admin/users  (cần quyền: users.view)
6. POST /api/admin/users/khong-ton-tai/warn  (cần quyền: user.ban)
7. GET /api/admin/moderation/cases  (cần quyền: report.resolve)
8. POST /api/admin/moderation/cases/khong-ton-tai/dismiss  (cần quyền: report.resolve)
9. GET /api/admin/audit-logs  (cần quyền: audit.view)
10. Ghi mã trạng thái từng yêu cầu (POST gửi body {} và id giả 'khong-ton-tai')",finance@sofinhub.test,"2/9 route qua guard; còn lại 403. Chi tiết: GET /admin/me -> 200 | GET /admin/dashboard -> 200 | GET /admin/communities -> 403 FORBIDDEN 'Vai trò Finance không có quyền ""community.manage""' | POST /admin/communities/khong-ton-tai/approve -> 403 FORBIDDEN 'Vai trò Finance không có quyền ""community.manage""' | GET /admin/users -> 403 FORBIDDEN 'Vai trò Finance không có quyền ""users.view""' | POST /admin/users/khong-ton-tai/warn -> 403 FORBIDDEN 'Vai trò Finance không có quyền ""user.ban""' | GET /admin/moderation/cases -> 403 FORBIDDEN 'Vai trò Finance không có quyền ""report.resolve""' | POST /admin/moderation/cases/khong-ton-tai/dismiss -> 403 FORBIDDEN 'Vai trò Finance không có quyền ""report.resolve""' | GET /admin/audit-logs -> 403 FORBIDDEN 'Vai trò Finance không có quyền ""audit.view""'. Quyền kiểm tra TRƯỚC khi validate body/tìm bản ghi nên id giả vẫn ra 403 với route không được phép; không route nào trả 401 (token hợp lệ).",Trùng ma trận: chiều role x đợt lặp lại thông tin của 41 case theo route TC-ADM3-054..094 (cùng bảng PERMS/admin-staff.permissions.ts)
TC-ADM3-049,"Admin Console (đợt 3: Phân tích, Hỗ trợ, Hệ thống)",Ma trận phân quyền nhân viên (API),"Vai trò Finance gọi các route đợt 2 (nội dung, thanh toán, khám phá, route cũ refunds/payouts): đúng route được phép (200) và 403 ngoài ra",Bảo mật,Cao,"DB sạch sau npm run db:reset (có seed/admin-batch3.ts, chạy sau seed admin đợt 1-2; mật khẩu mọi tài khoản seed Passw0rd!x; xem sheet 'Tài khoản & dữ liệu test' mục A5-A6). Lấy token bằng POST /api/auth/login của finance@sofinhub.test / Passw0rd!x.","1. GET /api/admin/content/posts  (cần quyền: content.manage)
2. POST /api/admin/content/posts/khong-ton-tai/hide  (cần quyền: content.manage)
3. GET /api/admin/payments/transactions  (cần quyền: payment.view)
4. GET /api/admin/payments/subscriptions  (cần quyền: payment.view)
5. GET /api/admin/payments/creators  (cần quyền: payment.view)
6. GET /api/admin/payments/payouts  (cần quyền: payment.view)
7. POST /api/admin/payments/refunds/khong-ton-tai/approve  (cần quyền: payment.refund)
8. POST /api/admin/payments/transactions/khong-ton-tai/refund  (cần quyền: payment.refund)
9. POST /api/admin/payments/transactions/khong-ton-tai/retry  (cần quyền: payment.manage)
10. POST /api/admin/payments/subscriptions/khong-ton-tai/pause  (cần quyền: payment.manage)
11. POST /api/admin/payments/chargebacks  (cần quyền: payment.manage)
12. POST /api/admin/payments/payouts/khong-ton-tai/hold  (cần quyền: payout.approve)
13. GET /api/admin/discovery/communities  (cần quyền: community.manage)
14. GET /api/admin/discovery/rankings  (cần quyền: community.manage)
15. GET /api/admin/refunds  (cần quyền: payment.view)
16. PATCH /api/admin/refunds/khong-ton-tai  (cần quyền: payment.refund)
17. GET /api/admin/payouts  (cần quyền: payment.view)
18. PATCH /api/admin/payouts/khong-ton-tai  (cần quyền: payout.approve)
19. Ghi mã trạng thái từng yêu cầu (POST gửi body {} và id giả 'khong-ton-tai')",finance@sofinhub.test,"14/18 route qua guard; còn lại 403. Chi tiết: GET /admin/content/posts -> 403 FORBIDDEN 'Vai trò Finance không có quyền ""content.manage""' | POST /admin/content/posts/khong-ton-tai/hide -> 403 FORBIDDEN 'Vai trò Finance không có quyền ""content.manage""' | GET /admin/payments/transactions -> 200 | GET /admin/payments/subscriptions -> 200 | GET /admin/payments/creators -> 200 | GET /admin/payments/payouts -> 200 | POST /admin/payments/refunds/khong-ton-tai/approve -> qua guard (id/body giả -> 404/400, KHÔNG 403) | POST /admin/payments/transactions/khong-ton-tai/refund -> qua guard (id/body giả -> 404/400, KHÔNG 403) | POST /admin/payments/transactions/khong-ton-tai/retry -> qua guard (id/body giả -> 404/400, KHÔNG 403) | POST /admin/payments/subscriptions/khong-ton-tai/pause -> qua guard (id/body giả -> 404/400, KHÔNG 403) | POST /admin/payments/chargebacks -> qua guard (id/body giả -> 404/400, KHÔNG 403) | POST /admin/payments/payouts/khong-ton-tai/hold -> qua guard (id/body giả -> 404/400, KHÔNG 403) | GET /admin/discovery/communities -> 403 FORBIDDEN 'Vai trò Finance không có quyền ""community.manage""' | GET /admin/discovery/rankings -> 403 FORBIDDEN 'Vai trò Finance không có quyền ""community.manage""' | GET /admin/refunds -> 200 | PATCH /admin/refunds/khong-ton-tai -> qua guard (id/body giả -> 404/400, KHÔNG 403) | GET /admin/payouts -> 200 | PATCH /admin/payouts/khong-ton-tai -> qua guard (id/body giả -> 404/400, KHÔNG 403). Quyền kiểm tra TRƯỚC khi validate body/tìm bản ghi nên id giả vẫn ra 403 với route không được phép; không route nào trả 401 (token hợp lệ).",Trùng ma trận: chiều role x đợt lặp lại thông tin của 41 case theo route TC-ADM3-054..094 (cùng bảng PERMS/admin-staff.permissions.ts)
TC-ADM3-050,"Admin Console (đợt 3: Phân tích, Hỗ trợ, Hệ thống)",Ma trận phân quyền nhân viên (API),"Vai trò Finance gọi các route đợt 3 (phân tích, hỗ trợ, hệ thống): đúng route được phép (200) và 403 ngoài ra",Bảo mật,Cao,"DB sạch sau npm run db:reset (có seed/admin-batch3.ts, chạy sau seed admin đợt 1-2; mật khẩu mọi tài khoản seed Passw0rd!x; xem sheet 'Tài khoản & dữ liệu test' mục A5-A6). Lấy token bằng POST /api/auth/login của finance@sofinhub.test / Passw0rd!x.","1. GET /api/admin/analytics/users  (cần quyền: analytics.view)
2. GET /api/admin/analytics/revenue  (cần quyền: analytics.view)
3. GET /api/admin/support/tickets  (cần quyền: support.manage)
4. POST /api/admin/support/tickets/khong-ton-tai/reply  (cần quyền: support.manage)
5. GET /api/admin/system/categories  (cần quyền: community.manage)
6. GET /api/admin/system/flags  (cần quyền: system.flags)
7. GET /api/admin/system/admins  (cần quyền: admin.manage)
8. GET /api/admin/system/roles  (cần quyền: admin.manage)
9. GET /api/admin/system/integrations  (cần quyền: system.settings)
10. GET /api/admin/system/notifications/settings  (cần quyền: system.settings)
11. GET /api/admin/system/email-templates  (cần quyền: system.settings)
12. GET /api/admin/system/settings  (cần quyền: system.settings)
13. GET /api/admin/audit-logs/export  (cần quyền: audit.view)
14. GET /api/admin/system/khong-co-route  (cần quyền: super)
15. Ghi mã trạng thái từng yêu cầu (POST gửi body {} và id giả 'khong-ton-tai')",finance@sofinhub.test,"2/14 route qua guard; còn lại 403. Chi tiết: GET /admin/analytics/users -> 200 | GET /admin/analytics/revenue -> 200 | GET /admin/support/tickets -> 403 FORBIDDEN 'Vai trò Finance không có quyền ""support.manage""' | POST /admin/support/tickets/khong-ton-tai/reply -> 403 FORBIDDEN 'Vai trò Finance không có quyền ""support.manage""' | GET /admin/system/categories -> 403 FORBIDDEN 'Vai trò Finance không có quyền ""community.manage""' | GET /admin/system/flags -> 403 FORBIDDEN 'Vai trò Finance không có quyền ""system.flags""' | GET /admin/system/admins -> 403 FORBIDDEN 'Vai trò Finance không có quyền ""admin.manage""' | GET /admin/system/roles -> 403 FORBIDDEN 'Vai trò Finance không có quyền ""admin.manage""' | GET /admin/system/integrations -> 403 FORBIDDEN 'Vai trò Finance không có quyền ""system.settings""' | GET /admin/system/notifications/settings -> 403 FORBIDDEN 'Vai trò Finance không có quyền ""system.settings""' | GET /admin/system/email-templates -> 403 FORBIDDEN 'Vai trò Finance không có quyền ""system.settings""' | GET /admin/system/settings -> 403 FORBIDDEN 'Vai trò Finance không có quyền ""system.settings""' | GET /admin/audit-logs/export -> 403 FORBIDDEN 'Vai trò Finance không có quyền ""audit.view""' | GET /admin/system/khong-co-route -> 403 FORBIDDEN 'Chỉ Super Admin mới có quyền này'. Quyền kiểm tra TRƯỚC khi validate body/tìm bản ghi nên id giả vẫn ra 403 với route không được phép; không route nào trả 401 (token hợp lệ).",Trùng ma trận: chiều role x đợt lặp lại thông tin của 41 case theo route TC-ADM3-054..094 (cùng bảng PERMS/admin-staff.permissions.ts)
TC-ADM3-051,"Admin Console (đợt 3: Phân tích, Hỗ trợ, Hệ thống)",Ma trận phân quyền nhân viên (API),"Vai trò Content Reviewer gọi các route đợt 1 (tổng quan, cộng đồng, người dùng, kiểm duyệt, nhật ký): đúng route được phép (200) và 403 ngoài ra",Bảo mật,Cao,"DB sạch sau npm run db:reset (có seed/admin-batch3.ts, chạy sau seed admin đợt 1-2; mật khẩu mọi tài khoản seed Passw0rd!x; xem sheet 'Tài khoản & dữ liệu test' mục A5-A6). Super Admin tạo nhân viên Content Reviewer (POST /admin/system/admins {email:'member1@sofinhub.test', roleKey:'content_reviewer'}) rồi lấy token member1@ / Passw0rd!x. Case làm thay đổi dữ liệu seed (MUTATE) - khôi phục bằng npm run db:reset (db:seed là idempotent chỉ-tạo nên KHÔNG hoàn tác thao tác admin); hoặc chạy trên bản ghi do chính case tạo ra.","1. GET /api/admin/me  (cần quyền: chỉ cần là nhân viên)
2. GET /api/admin/dashboard  (cần quyền: dashboard.view)
3. GET /api/admin/communities  (cần quyền: community.manage)
4. POST /api/admin/communities/khong-ton-tai/approve  (cần quyền: community.manage)
5. GET /api/admin/users  (cần quyền: users.view)
6. POST /api/admin/users/khong-ton-tai/warn  (cần quyền: user.ban)
7. GET /api/admin/moderation/cases  (cần quyền: report.resolve)
8. POST /api/admin/moderation/cases/khong-ton-tai/dismiss  (cần quyền: report.resolve)
9. GET /api/admin/audit-logs  (cần quyền: audit.view)
10. Ghi mã trạng thái từng yêu cầu (POST gửi body {} và id giả 'khong-ton-tai')",tài khoản được gán vai trò Content Reviewer (xem tiền điều kiện),"3/9 route qua guard; còn lại 403. Chi tiết: GET /admin/me -> 200 | GET /admin/dashboard -> 200 | GET /admin/communities -> 403 FORBIDDEN 'Vai trò Content Reviewer không có quyền ""community.manage""' | POST /admin/communities/khong-ton-tai/approve -> 403 FORBIDDEN 'Vai trò Content Reviewer không có quyền ""community.manage""' | GET /admin/users -> 200 | POST /admin/users/khong-ton-tai/warn -> 403 FORBIDDEN 'Vai trò Content Reviewer không có quyền ""user.ban""' | GET /admin/moderation/cases -> 403 FORBIDDEN 'Vai trò Content Reviewer không có quyền ""report.resolve""' | POST /admin/moderation/cases/khong-ton-tai/dismiss -> 403 FORBIDDEN 'Vai trò Content Reviewer không có quyền ""report.resolve""' | GET /admin/audit-logs -> 403 FORBIDDEN 'Vai trò Content Reviewer không có quyền ""audit.view""'. Quyền kiểm tra TRƯỚC khi validate body/tìm bản ghi nên id giả vẫn ra 403 với route không được phép; không route nào trả 401 (token hợp lệ).",Trùng ma trận: chiều role x đợt lặp lại thông tin của 41 case theo route TC-ADM3-054..094 (cùng bảng PERMS/admin-staff.permissions.ts)
TC-ADM3-052,"Admin Console (đợt 3: Phân tích, Hỗ trợ, Hệ thống)",Ma trận phân quyền nhân viên (API),"Vai trò Content Reviewer gọi các route đợt 2 (nội dung, thanh toán, khám phá, route cũ refunds/payouts): đúng route được phép (200) và 403 ngoài ra",Bảo mật,Cao,"DB sạch sau npm run db:reset (có seed/admin-batch3.ts, chạy sau seed admin đợt 1-2; mật khẩu mọi tài khoản seed Passw0rd!x; xem sheet 'Tài khoản & dữ liệu test' mục A5-A6). Super Admin tạo nhân viên Content Reviewer (POST /admin/system/admins {email:'member1@sofinhub.test', roleKey:'content_reviewer'}) rồi lấy token member1@ / Passw0rd!x. Case làm thay đổi dữ liệu seed (MUTATE) - khôi phục bằng npm run db:reset (db:seed là idempotent chỉ-tạo nên KHÔNG hoàn tác thao tác admin); hoặc chạy trên bản ghi do chính case tạo ra.","1. GET /api/admin/content/posts  (cần quyền: content.manage)
2. POST /api/admin/content/posts/khong-ton-tai/hide  (cần quyền: content.manage)
3. GET /api/admin/payments/transactions  (cần quyền: payment.view)
4. GET /api/admin/payments/subscriptions  (cần quyền: payment.view)
5. GET /api/admin/payments/creators  (cần quyền: payment.view)
6. GET /api/admin/payments/payouts  (cần quyền: payment.view)
7. POST /api/admin/payments/refunds/khong-ton-tai/approve  (cần quyền: payment.refund)
8. POST /api/admin/payments/transactions/khong-ton-tai/refund  (cần quyền: payment.refund)
9. POST /api/admin/payments/transactions/khong-ton-tai/retry  (cần quyền: payment.manage)
10. POST /api/admin/payments/subscriptions/khong-ton-tai/pause  (cần quyền: payment.manage)
11. POST /api/admin/payments/chargebacks  (cần quyền: payment.manage)
12. POST /api/admin/payments/payouts/khong-ton-tai/hold  (cần quyền: payout.approve)
13. GET /api/admin/discovery/communities  (cần quyền: community.manage)
14. GET /api/admin/discovery/rankings  (cần quyền: community.manage)
15. GET /api/admin/refunds  (cần quyền: payment.view)
16. PATCH /api/admin/refunds/khong-ton-tai  (cần quyền: payment.refund)
17. GET /api/admin/payouts  (cần quyền: payment.view)
18. PATCH /api/admin/payouts/khong-ton-tai  (cần quyền: payout.approve)
19. Ghi mã trạng thái từng yêu cầu (POST gửi body {} và id giả 'khong-ton-tai')",tài khoản được gán vai trò Content Reviewer (xem tiền điều kiện),"2/18 route qua guard; còn lại 403. Chi tiết: GET /admin/content/posts -> 200 | POST /admin/content/posts/khong-ton-tai/hide -> qua guard (id/body giả -> 404/400, KHÔNG 403) | GET /admin/payments/transactions -> 403 FORBIDDEN 'Vai trò Content Reviewer không có quyền ""payment.view""' | GET /admin/payments/subscriptions -> 403 FORBIDDEN 'Vai trò Content Reviewer không có quyền ""payment.view""' | GET /admin/payments/creators -> 403 FORBIDDEN 'Vai trò Content Reviewer không có quyền ""payment.view""' | GET /admin/payments/payouts -> 403 FORBIDDEN 'Vai trò Content Reviewer không có quyền ""payment.view""' | POST /admin/payments/refunds/khong-ton-tai/approve -> 403 FORBIDDEN 'Vai trò Content Reviewer không có quyền ""payment.refund""' | POST /admin/payments/transactions/khong-ton-tai/refund -> 403 FORBIDDEN 'Vai trò Content Reviewer không có quyền ""payment.refund""' | POST /admin/payments/transactions/khong-ton-tai/retry -> 403 FORBIDDEN 'Vai trò Content Reviewer không có quyền ""payment.manage""' | POST /admin/payments/subscriptions/khong-ton-tai/pause -> 403 FORBIDDEN 'Vai trò Content Reviewer không có quyền ""payment.manage""' | POST /admin/payments/chargebacks -> 403 FORBIDDEN 'Vai trò Content Reviewer không có quyền ""payment.manage""' | POST /admin/payments/payouts/khong-ton-tai/hold -> 403 FORBIDDEN 'Vai trò Content Reviewer không có quyền ""payout.approve""' | GET /admin/discovery/communities -> 403 FORBIDDEN 'Vai trò Content Reviewer không có quyền ""community.manage""' | GET /admin/discovery/rankings -> 403 FORBIDDEN 'Vai trò Content Reviewer không có quyền ""community.manage""' | GET /admin/refunds -> 403 FORBIDDEN 'Vai trò Content Reviewer không có quyền ""payment.view""' | PATCH /admin/refunds/khong-ton-tai -> 403 FORBIDDEN 'Vai trò Content Reviewer không có quyền ""payment.refund""' | GET /admin/payouts -> 403 FORBIDDEN 'Vai trò Content Reviewer không có quyền ""payment.view""' | PATCH /admin/payouts/khong-ton-tai -> 403 FORBIDDEN 'Vai trò Content Reviewer không có quyền ""payout.approve""'. Quyền kiểm tra TRƯỚC khi validate body/tìm bản ghi nên id giả vẫn ra 403 với route không được phép; không route nào trả 401 (token hợp lệ).",Trùng ma trận: chiều role x đợt lặp lại thông tin của 41 case theo route TC-ADM3-054..094 (cùng bảng PERMS/admin-staff.permissions.ts)
TC-ADM3-053,"Admin Console (đợt 3: Phân tích, Hỗ trợ, Hệ thống)",Ma trận phân quyền nhân viên (API),"Vai trò Content Reviewer gọi các route đợt 3 (phân tích, hỗ trợ, hệ thống): đúng route được phép (200) và 403 ngoài ra",Bảo mật,Cao,"DB sạch sau npm run db:reset (có seed/admin-batch3.ts, chạy sau seed admin đợt 1-2; mật khẩu mọi tài khoản seed Passw0rd!x; xem sheet 'Tài khoản & dữ liệu test' mục A5-A6). Super Admin tạo nhân viên Content Reviewer (POST /admin/system/admins {email:'member1@sofinhub.test', roleKey:'content_reviewer'}) rồi lấy token member1@ / Passw0rd!x. Case làm thay đổi dữ liệu seed (MUTATE) - khôi phục bằng npm run db:reset (db:seed là idempotent chỉ-tạo nên KHÔNG hoàn tác thao tác admin); hoặc chạy trên bản ghi do chính case tạo ra.","1. GET /api/admin/analytics/users  (cần quyền: analytics.view)
2. GET /api/admin/analytics/revenue  (cần quyền: analytics.view)
3. GET /api/admin/support/tickets  (cần quyền: support.manage)
4. POST /api/admin/support/tickets/khong-ton-tai/reply  (cần quyền: support.manage)
5. GET /api/admin/system/categories  (cần quyền: community.manage)
6. GET /api/admin/system/flags  (cần quyền: system.flags)
7. GET /api/admin/system/admins  (cần quyền: admin.manage)
8. GET /api/admin/system/roles  (cần quyền: admin.manage)
9. GET /api/admin/system/integrations  (cần quyền: system.settings)
10. GET /api/admin/system/notifications/settings  (cần quyền: system.settings)
11. GET /api/admin/system/email-templates  (cần quyền: system.settings)
12. GET /api/admin/system/settings  (cần quyền: system.settings)
13. GET /api/admin/audit-logs/export  (cần quyền: audit.view)
14. GET /api/admin/system/khong-co-route  (cần quyền: super)
15. Ghi mã trạng thái từng yêu cầu (POST gửi body {} và id giả 'khong-ton-tai')",tài khoản được gán vai trò Content Reviewer (xem tiền điều kiện),"0/14 route qua guard; còn lại 403. Chi tiết: GET /admin/analytics/users -> 403 FORBIDDEN 'Vai trò Content Reviewer không có quyền ""analytics.view""' | GET /admin/analytics/revenue -> 403 FORBIDDEN 'Vai trò Content Reviewer không có quyền ""analytics.view""' | GET /admin/support/tickets -> 403 FORBIDDEN 'Vai trò Content Reviewer không có quyền ""support.manage""' | POST /admin/support/tickets/khong-ton-tai/reply -> 403 FORBIDDEN 'Vai trò Content Reviewer không có quyền ""support.manage""' | GET /admin/system/categories -> 403 FORBIDDEN 'Vai trò Content Reviewer không có quyền ""community.manage""' | GET /admin/system/flags -> 403 FORBIDDEN 'Vai trò Content Reviewer không có quyền ""system.flags""' | GET /admin/system/admins -> 403 FORBIDDEN 'Vai trò Content Reviewer không có quyền ""admin.manage""' | GET /admin/system/roles -> 403 FORBIDDEN 'Vai trò Content Reviewer không có quyền ""admin.manage""' | GET /admin/system/integrations -> 403 FORBIDDEN 'Vai trò Content Reviewer không có quyền ""system.settings""' | GET /admin/system/notifications/settings -> 403 FORBIDDEN 'Vai trò Content Reviewer không có quyền ""system.settings""' | GET /admin/system/email-templates -> 403 FORBIDDEN 'Vai trò Content Reviewer không có quyền ""system.settings""' | GET /admin/system/settings -> 403 FORBIDDEN 'Vai trò Content Reviewer không có quyền ""system.settings""' | GET /admin/audit-logs/export -> 403 FORBIDDEN 'Vai trò Content Reviewer không có quyền ""audit.view""' | GET /admin/system/khong-co-route -> 403 FORBIDDEN 'Chỉ Super Admin mới có quyền này'. Quyền kiểm tra TRƯỚC khi validate body/tìm bản ghi nên id giả vẫn ra 403 với route không được phép; không route nào trả 401 (token hợp lệ).",Trùng ma trận: chiều role x đợt lặp lại thông tin của 41 case theo route TC-ADM3-054..094 (cùng bảng PERMS/admin-staff.permissions.ts)
TC-ADM3-096,"Admin Console (đợt 3: Phân tích, Hỗ trợ, Hệ thống)",Ma trận phân quyền nhân viên (API),"Người dùng thường và không token: 401 khi thiếu token, 403 khi không phải nhân viên ở 7 nhóm route",Bảo mật,Cao,"DB sạch sau npm run db:reset (có seed/admin-batch3.ts, chạy sau seed admin đợt 1-2; mật khẩu mọi tài khoản seed Passw0rd!x; xem sheet 'Tài khoản & dữ liệu test' mục A5-A6). Token member1@sofinhub.test.","1. Với từng path /admin/me, /admin/dashboard, /admin/analytics/users, /admin/support/tickets, /admin/system/flags, /admin/system/admins, /admin/users: gọi KHÔNG token
2. Gọi lại với token member1@",member1@sofinhub.test,Không token: 401 UNAUTHORIZED ở cả 7. Token member1@: 403 FORBIDDEN ở cả 7 (không 404/400/200).,Trùng TC-ADM3-097 và 054..094 (401/403 non-staff)
TC-ADM3-103,"Admin Console (đợt 3: Phân tích, Hỗ trợ, Hệ thống)",Ma trận phân quyền nhân viên (API),"Support xem được Người dùng nhưng không có nút/route ghi (user.ban): API trả 403, UI vẫn hiện nút",Chức năng,Cao,"DB sạch sau npm run db:reset (có seed/admin-batch3.ts, chạy sau seed admin đợt 1-2; mật khẩu mọi tài khoản seed Passw0rd!x; xem sheet 'Tài khoản & dữ liệu test' mục A5-A6). Đăng nhập admin@sofinhub.test / Passw0rd!x (Super Admin, cần PLATFORM_ADMIN_EMAILS=admin@sofinhub.test). Frontend :5173, backend :4000. Case làm thay đổi dữ liệu seed (MUTATE) - khôi phục bằng npm run db:reset (db:seed là idempotent chỉ-tạo nên KHÔNG hoàn tác thao tác admin); hoặc chạy trên bản ghi do chính case tạo ra. Đăng nhập support@sofinhub.test / Passw0rd!x.","1. Mở /admin/users, mở menu thao tác một người dùng thường (vd sarah)
2. Thử 'Cảnh cáo' hoặc 'Tạm ngưng'
3. Đối chiếu Network",support@sofinhub.test,"HIỆN TẠI: FE chỉ ẩn nhóm/mục menu và chặn trang, KHÔNG ẩn nút theo quyền -> nút 'Cảnh cáo/Tạm ngưng' vẫn hiện; bấm -> POST trả 403 'Vai trò Support không có quyền ""user.ban""' và toast lỗi; dữ liệu không đổi. (Quyền mức nút là khoảng trống đã biết - xem case Kế hoạch.)",Trùng ma trận route (TC-ADM3-058/059/068/074); khoảng trống nút theo quyền đã nằm ở TC-ADM3-408
TC-ADM3-104,"Admin Console (đợt 3: Phân tích, Hỗ trợ, Hệ thống)",Ma trận phân quyền nhân viên (API),"Finance xem Thanh toán nhưng không duyệt chi trả/không có payout.approve ở Support: nút vẫn hiện, API chặn",Chức năng,Trung bình,"DB sạch sau npm run db:reset (có seed/admin-batch3.ts, chạy sau seed admin đợt 1-2; mật khẩu mọi tài khoản seed Passw0rd!x; xem sheet 'Tài khoản & dữ liệu test' mục A5-A6). Đăng nhập admin@sofinhub.test / Passw0rd!x (Super Admin, cần PLATFORM_ADMIN_EMAILS=admin@sofinhub.test). Frontend :5173, backend :4000. Case làm thay đổi dữ liệu seed (MUTATE) - khôi phục bằng npm run db:reset (db:seed là idempotent chỉ-tạo nên KHÔNG hoàn tác thao tác admin); hoặc chạy trên bản ghi do chính case tạo ra. Đăng nhập support@sofinhub.test / Passw0rd!x.","1. Mở /admin/payments/payouts
2. Mở menu một chi trả (vd PO-60986918) và chọn 'Giữ'/'Duyệt'
3. Đối chiếu Network",PO-60986918,"Support có payment.view nên xem được danh sách; thao tác POST /admin/payments/payouts/<id>/hold trả 403 'Vai trò Support không có quyền ""payout.approve""'; toast lỗi, trạng thái không đổi. Finance làm được thao tác này.",Trùng ma trận route (TC-ADM3-058/059/068/074); khoảng trống nút theo quyền đã nằm ở TC-ADM3-408
TC-ADM3-119,"Admin Console (đợt 3: Phân tích, Hỗ trợ, Hệ thống)",Phân tích · khung chung và chip khoảng thời gian,Phân tích · Cộng đồng: đổi chip 7 -> 90 ngày tải lại số liệu và trục thời gian,Chức năng,Cao,"DB sạch sau npm run db:reset (có seed/admin-batch3.ts, chạy sau seed admin đợt 1-2; mật khẩu mọi tài khoản seed Passw0rd!x; xem sheet 'Tài khoản & dữ liệu test' mục A5-A6). Đăng nhập admin@sofinhub.test / Passw0rd!x (Super Admin, cần PLATFORM_ADMIN_EMAILS=admin@sofinhub.test). Frontend :5173, backend :4000. Dữ liệu Phân tích: seed rải lại ngày đăng ký của thành viên demo (isDemo) trong ~150 ngày và thêm phiên 'quay lại' ở giữa tuần 1/2/4/8/12 sau đăng ký (tỉ lệ ~62/48/38/30/24%) để cohort có hình dạng. Mọi con số là của DB sạch tại thời điểm chạy và đổi theo ngày -> đối chiếu bằng SQL/API cùng range, KHÔNG so với số cố định.","1. Mở /admin/analytics/communities
2. Bấm chip '7 ngày', ghi các giá trị thẻ KPI và số điểm trên biểu đồ (nếu có)
3. Bấm '90 ngày', ghi lại
4. Bấm '30 ngày' trở về",range 7 / 90 / 30,Mỗi lần bấm gửi GET ...analytics/communities?range=<7|90|30>; chip được chọn đổi màu; thẻ KPI cập nhật (kỳ dài hơn thì số đếm tích lũy lớn hơn hoặc bằng); biểu đồ theo ngày có đúng 7 / 90 / 30 điểm; không nhấp nháy lỗi.,Trùng: chip 7/30/90 lặp cho 6 trang Phân tích cùng DateRangeChips; giữ TC-ADM3-115
TC-ADM3-121,"Admin Console (đợt 3: Phân tích, Hỗ trợ, Hệ thống)",Phân tích · khung chung và chip khoảng thời gian,Phân tích · Cộng đồng: API lỗi hiện khối lỗi có nút Thử lại; Network chậm hiện Đang tải,Giao diện,Thấp,"DB sạch sau npm run db:reset (có seed/admin-batch3.ts, chạy sau seed admin đợt 1-2; mật khẩu mọi tài khoản seed Passw0rd!x; xem sheet 'Tài khoản & dữ liệu test' mục A5-A6). Đăng nhập admin@sofinhub.test / Passw0rd!x (Super Admin, cần PLATFORM_ADMIN_EMAILS=admin@sofinhub.test). Frontend :5173, backend :4000.","1. DevTools chặn /api/admin/analytics/communities
2. F5 /admin/analytics/communities
3. Bỏ chặn, bấm 'Thử lại'",/admin/analytics/communities,Khi tải: 'Đang tải…'; khi lỗi: khối lỗi (role=alert) với thông điệp + nút 'Thử lại'; bấm Thử lại sau khi bỏ chặn tải dữ liệu bình thường; không màn trắng.,Trùng: trạng thái lỗi/tải lặp cho 6 trang Phân tích cùng khối; giữ TC-ADM3-117
TC-ADM3-123,"Admin Console (đợt 3: Phân tích, Hỗ trợ, Hệ thống)",Phân tích · khung chung và chip khoảng thời gian,Phân tích · Tương tác: đổi chip 7 -> 90 ngày tải lại số liệu và trục thời gian,Chức năng,Cao,"DB sạch sau npm run db:reset (có seed/admin-batch3.ts, chạy sau seed admin đợt 1-2; mật khẩu mọi tài khoản seed Passw0rd!x; xem sheet 'Tài khoản & dữ liệu test' mục A5-A6). Đăng nhập admin@sofinhub.test / Passw0rd!x (Super Admin, cần PLATFORM_ADMIN_EMAILS=admin@sofinhub.test). Frontend :5173, backend :4000. Dữ liệu Phân tích: seed rải lại ngày đăng ký của thành viên demo (isDemo) trong ~150 ngày và thêm phiên 'quay lại' ở giữa tuần 1/2/4/8/12 sau đăng ký (tỉ lệ ~62/48/38/30/24%) để cohort có hình dạng. Mọi con số là của DB sạch tại thời điểm chạy và đổi theo ngày -> đối chiếu bằng SQL/API cùng range, KHÔNG so với số cố định.","1. Mở /admin/analytics/engagement
2. Bấm chip '7 ngày', ghi các giá trị thẻ KPI và số điểm trên biểu đồ (nếu có)
3. Bấm '90 ngày', ghi lại
4. Bấm '30 ngày' trở về",range 7 / 90 / 30,Mỗi lần bấm gửi GET ...analytics/engagement?range=<7|90|30>; chip được chọn đổi màu; thẻ KPI cập nhật (kỳ dài hơn thì số đếm tích lũy lớn hơn hoặc bằng); biểu đồ theo ngày có đúng 7 / 90 / 30 điểm; không nhấp nháy lỗi.,Trùng: chip 7/30/90 lặp cho 6 trang Phân tích cùng DateRangeChips; giữ TC-ADM3-115
TC-ADM3-125,"Admin Console (đợt 3: Phân tích, Hỗ trợ, Hệ thống)",Phân tích · khung chung và chip khoảng thời gian,Phân tích · Tương tác: API lỗi hiện khối lỗi có nút Thử lại; Network chậm hiện Đang tải,Giao diện,Thấp,"DB sạch sau npm run db:reset (có seed/admin-batch3.ts, chạy sau seed admin đợt 1-2; mật khẩu mọi tài khoản seed Passw0rd!x; xem sheet 'Tài khoản & dữ liệu test' mục A5-A6). Đăng nhập admin@sofinhub.test / Passw0rd!x (Super Admin, cần PLATFORM_ADMIN_EMAILS=admin@sofinhub.test). Frontend :5173, backend :4000.","1. DevTools chặn /api/admin/analytics/engagement
2. F5 /admin/analytics/engagement
3. Bỏ chặn, bấm 'Thử lại'",/admin/analytics/engagement,Khi tải: 'Đang tải…'; khi lỗi: khối lỗi (role=alert) với thông điệp + nút 'Thử lại'; bấm Thử lại sau khi bỏ chặn tải dữ liệu bình thường; không màn trắng.,Trùng: trạng thái lỗi/tải lặp cho 6 trang Phân tích cùng khối; giữ TC-ADM3-117
TC-ADM3-127,"Admin Console (đợt 3: Phân tích, Hỗ trợ, Hệ thống)",Phân tích · khung chung và chip khoảng thời gian,Phân tích · Giữ chân: đổi chip 7 -> 90 ngày tải lại số liệu và trục thời gian,Chức năng,Cao,"DB sạch sau npm run db:reset (có seed/admin-batch3.ts, chạy sau seed admin đợt 1-2; mật khẩu mọi tài khoản seed Passw0rd!x; xem sheet 'Tài khoản & dữ liệu test' mục A5-A6). Đăng nhập admin@sofinhub.test / Passw0rd!x (Super Admin, cần PLATFORM_ADMIN_EMAILS=admin@sofinhub.test). Frontend :5173, backend :4000. Dữ liệu Phân tích: seed rải lại ngày đăng ký của thành viên demo (isDemo) trong ~150 ngày và thêm phiên 'quay lại' ở giữa tuần 1/2/4/8/12 sau đăng ký (tỉ lệ ~62/48/38/30/24%) để cohort có hình dạng. Mọi con số là của DB sạch tại thời điểm chạy và đổi theo ngày -> đối chiếu bằng SQL/API cùng range, KHÔNG so với số cố định.","1. Mở /admin/analytics/retention
2. Bấm chip '7 ngày', ghi các giá trị thẻ KPI và số điểm trên biểu đồ (nếu có)
3. Bấm '90 ngày', ghi lại
4. Bấm '30 ngày' trở về",range 7 / 90 / 30,Mỗi lần bấm gửi GET ...analytics/retention?range=<7|90|30>; chip được chọn đổi màu; thẻ KPI cập nhật (kỳ dài hơn thì số đếm tích lũy lớn hơn hoặc bằng); biểu đồ theo ngày có đúng 7 / 90 / 30 điểm; không nhấp nháy lỗi.,Trùng: chip 7/30/90 lặp cho 6 trang Phân tích cùng DateRangeChips; giữ TC-ADM3-115
TC-ADM3-129,"Admin Console (đợt 3: Phân tích, Hỗ trợ, Hệ thống)",Phân tích · khung chung và chip khoảng thời gian,Phân tích · Giữ chân: API lỗi hiện khối lỗi có nút Thử lại; Network chậm hiện Đang tải,Giao diện,Thấp,"DB sạch sau npm run db:reset (có seed/admin-batch3.ts, chạy sau seed admin đợt 1-2; mật khẩu mọi tài khoản seed Passw0rd!x; xem sheet 'Tài khoản & dữ liệu test' mục A5-A6). Đăng nhập admin@sofinhub.test / Passw0rd!x (Super Admin, cần PLATFORM_ADMIN_EMAILS=admin@sofinhub.test). Frontend :5173, backend :4000.","1. DevTools chặn /api/admin/analytics/retention
2. F5 /admin/analytics/retention
3. Bỏ chặn, bấm 'Thử lại'",/admin/analytics/retention,Khi tải: 'Đang tải…'; khi lỗi: khối lỗi (role=alert) với thông điệp + nút 'Thử lại'; bấm Thử lại sau khi bỏ chặn tải dữ liệu bình thường; không màn trắng.,Trùng: trạng thái lỗi/tải lặp cho 6 trang Phân tích cùng khối; giữ TC-ADM3-117
TC-ADM3-131,"Admin Console (đợt 3: Phân tích, Hỗ trợ, Hệ thống)",Phân tích · khung chung và chip khoảng thời gian,Phân tích · Doanh thu: đổi chip 7 -> 90 ngày tải lại số liệu và trục thời gian,Chức năng,Cao,"DB sạch sau npm run db:reset (có seed/admin-batch3.ts, chạy sau seed admin đợt 1-2; mật khẩu mọi tài khoản seed Passw0rd!x; xem sheet 'Tài khoản & dữ liệu test' mục A5-A6). Đăng nhập admin@sofinhub.test / Passw0rd!x (Super Admin, cần PLATFORM_ADMIN_EMAILS=admin@sofinhub.test). Frontend :5173, backend :4000. Dữ liệu Phân tích: seed rải lại ngày đăng ký của thành viên demo (isDemo) trong ~150 ngày và thêm phiên 'quay lại' ở giữa tuần 1/2/4/8/12 sau đăng ký (tỉ lệ ~62/48/38/30/24%) để cohort có hình dạng. Mọi con số là của DB sạch tại thời điểm chạy và đổi theo ngày -> đối chiếu bằng SQL/API cùng range, KHÔNG so với số cố định.","1. Mở /admin/analytics/revenue
2. Bấm chip '7 ngày', ghi các giá trị thẻ KPI và số điểm trên biểu đồ (nếu có)
3. Bấm '90 ngày', ghi lại
4. Bấm '30 ngày' trở về",range 7 / 90 / 30,Mỗi lần bấm gửi GET ...analytics/revenue?range=<7|90|30>; chip được chọn đổi màu; thẻ KPI cập nhật (kỳ dài hơn thì số đếm tích lũy lớn hơn hoặc bằng); biểu đồ theo ngày có đúng 7 / 90 / 30 điểm; không nhấp nháy lỗi.,Trùng: chip 7/30/90 lặp cho 6 trang Phân tích cùng DateRangeChips; giữ TC-ADM3-115
TC-ADM3-133,"Admin Console (đợt 3: Phân tích, Hỗ trợ, Hệ thống)",Phân tích · khung chung và chip khoảng thời gian,Phân tích · Doanh thu: API lỗi hiện khối lỗi có nút Thử lại; Network chậm hiện Đang tải,Giao diện,Thấp,"DB sạch sau npm run db:reset (có seed/admin-batch3.ts, chạy sau seed admin đợt 1-2; mật khẩu mọi tài khoản seed Passw0rd!x; xem sheet 'Tài khoản & dữ liệu test' mục A5-A6). Đăng nhập admin@sofinhub.test / Passw0rd!x (Super Admin, cần PLATFORM_ADMIN_EMAILS=admin@sofinhub.test). Frontend :5173, backend :4000.","1. DevTools chặn /api/admin/analytics/revenue
2. F5 /admin/analytics/revenue
3. Bỏ chặn, bấm 'Thử lại'",/admin/analytics/revenue,Khi tải: 'Đang tải…'; khi lỗi: khối lỗi (role=alert) với thông điệp + nút 'Thử lại'; bấm Thử lại sau khi bỏ chặn tải dữ liệu bình thường; không màn trắng.,Trùng: trạng thái lỗi/tải lặp cho 6 trang Phân tích cùng khối; giữ TC-ADM3-117
TC-ADM3-135,"Admin Console (đợt 3: Phân tích, Hỗ trợ, Hệ thống)",Phân tích · khung chung và chip khoảng thời gian,Phân tích · Chuyển đổi: đổi chip 7 -> 90 ngày tải lại số liệu và trục thời gian,Chức năng,Cao,"DB sạch sau npm run db:reset (có seed/admin-batch3.ts, chạy sau seed admin đợt 1-2; mật khẩu mọi tài khoản seed Passw0rd!x; xem sheet 'Tài khoản & dữ liệu test' mục A5-A6). Đăng nhập admin@sofinhub.test / Passw0rd!x (Super Admin, cần PLATFORM_ADMIN_EMAILS=admin@sofinhub.test). Frontend :5173, backend :4000. Dữ liệu Phân tích: seed rải lại ngày đăng ký của thành viên demo (isDemo) trong ~150 ngày và thêm phiên 'quay lại' ở giữa tuần 1/2/4/8/12 sau đăng ký (tỉ lệ ~62/48/38/30/24%) để cohort có hình dạng. Mọi con số là của DB sạch tại thời điểm chạy và đổi theo ngày -> đối chiếu bằng SQL/API cùng range, KHÔNG so với số cố định.","1. Mở /admin/analytics/conversion
2. Bấm chip '7 ngày', ghi các giá trị thẻ KPI và số điểm trên biểu đồ (nếu có)
3. Bấm '90 ngày', ghi lại
4. Bấm '30 ngày' trở về",range 7 / 90 / 30,Mỗi lần bấm gửi GET ...analytics/conversion?range=<7|90|30>; chip được chọn đổi màu; thẻ KPI cập nhật (kỳ dài hơn thì số đếm tích lũy lớn hơn hoặc bằng); biểu đồ theo ngày có đúng 7 / 90 / 30 điểm; không nhấp nháy lỗi.,Trùng: chip 7/30/90 lặp cho 6 trang Phân tích cùng DateRangeChips; giữ TC-ADM3-115
TC-ADM3-137,"Admin Console (đợt 3: Phân tích, Hỗ trợ, Hệ thống)",Phân tích · khung chung và chip khoảng thời gian,Phân tích · Chuyển đổi: API lỗi hiện khối lỗi có nút Thử lại; Network chậm hiện Đang tải,Giao diện,Thấp,"DB sạch sau npm run db:reset (có seed/admin-batch3.ts, chạy sau seed admin đợt 1-2; mật khẩu mọi tài khoản seed Passw0rd!x; xem sheet 'Tài khoản & dữ liệu test' mục A5-A6). Đăng nhập admin@sofinhub.test / Passw0rd!x (Super Admin, cần PLATFORM_ADMIN_EMAILS=admin@sofinhub.test). Frontend :5173, backend :4000.","1. DevTools chặn /api/admin/analytics/conversion
2. F5 /admin/analytics/conversion
3. Bỏ chặn, bấm 'Thử lại'",/admin/analytics/conversion,Khi tải: 'Đang tải…'; khi lỗi: khối lỗi (role=alert) với thông điệp + nút 'Thử lại'; bấm Thử lại sau khi bỏ chặn tải dữ liệu bình thường; không màn trắng.,Trùng: trạng thái lỗi/tải lặp cho 6 trang Phân tích cùng khối; giữ TC-ADM3-117
TC-ADM3-162,"Admin Console (đợt 3: Phân tích, Hỗ trợ, Hệ thống)",Phân tích · API và cách tính,"Quyền analytics.view: Moderator và Finance xem được, Support và Content Reviewer bị 403",Bảo mật,Cao,"DB sạch sau npm run db:reset (có seed/admin-batch3.ts, chạy sau seed admin đợt 1-2; mật khẩu mọi tài khoản seed Passw0rd!x; xem sheet 'Tài khoản & dữ liệu test' mục A5-A6). Token moderator@, finance@, support@.","1. GET /admin/analytics/users bằng token moderator@, finance@, support@",-,"moderator@ và finance@ 200; support@ 403 'Vai trò Support không có quyền ""analytics.view""'.",Trùng ma trận TC-ADM3-081/082 (analytics.view)
TC-ADM3-205,"Admin Console (đợt 3: Phân tích, Hỗ trợ, Hệ thống)",Hỗ trợ · danh sách ticket (UI),Support được vào trang Hỗ trợ; Finance và Content Reviewer thấy 'Không đủ quyền',Bảo mật,Cao,"DB sạch sau npm run db:reset (có seed/admin-batch3.ts, chạy sau seed admin đợt 1-2; mật khẩu mọi tài khoản seed Passw0rd!x; xem sheet 'Tài khoản & dữ liệu test' mục A5-A6). Đăng nhập lần lượt support@ và finance@.","1. support@: mở /admin/support/tickets
2. finance@: gõ thẳng /admin/support/tickets",-,support@ thấy danh sách; finance@ thấy trang 'Không đủ quyền' và sidebar không có nhóm 'Hỗ trợ'.,"Trùng TC-ADM3-003/004/005/007 + 083/084 (support.manage, UI guard)"
TC-ADM3-224,"Admin Console (đợt 3: Phân tích, Hỗ trợ, Hệ thống)",Hỗ trợ · API admin,"Quyền support.manage: Moderator/Finance 403 ở mọi route Hỗ trợ, Support và Super Admin qua",Bảo mật,Cao,"DB sạch sau npm run db:reset (có seed/admin-batch3.ts, chạy sau seed admin đợt 1-2; mật khẩu mọi tài khoản seed Passw0rd!x; xem sheet 'Tài khoản & dữ liệu test' mục A5-A6). Lấy accessToken bằng POST /api/auth/login {""email"":""admin@sofinhub.test"",""password"":""Passw0rd!x""}, gửi header Authorization: Bearer <token>. Token moderator@, finance@, support@.",1. GET /admin/support/summary và POST /admin/support/tickets bằng 3 token,-,"support@ qua; moderator@ và finance@ 403 'Vai trò ... không có quyền ""support.manage""'.",Trùng TC-ADM3-083/084 (support.manage)
TC-ADM3-238,"Admin Console (đợt 3: Phân tích, Hỗ trợ, Hệ thống)",Hỗ trợ · API phía người dùng và form liên hệ,Trang web người dùng hiện chưa có form liên hệ/ticket nối với /api/contact và /api/support/tickets,Chức năng,Trung bình,Frontend người dùng (không phải /admin).,"1. Mở trang chủ, footer, tìm liên kết 'Liên hệ'/'Hỗ trợ'/'Ticket của tôi'
2. Đăng nhập member1@ tìm mục 'Ticket của tôi' trong menu hồ sơ",-,"KỲ VỌNG SAU KHI LÀM: form liên hệ và màn 'Ticket của tôi' (danh sách, chi tiết, trả lời). HIỆN TẠI: chưa có màn 'Ticket của tôi' (ngoài phạm vi khu Admin); chỉ API đã sẵn - xem frontend/ADMIN_BACKEND_GAPS.md.","Lỗi thời: đã có trang /contact gửi POST /api/contact (App.tsx:78, frontend/src/features/support/api.ts:14); thay bằng case mới cuối module"
TC-ADM3-264,"Admin Console (đợt 3: Phân tích, Hỗ trợ, Hệ thống)",Hệ thống · Tài khoản quản trị (API),Quyền admin.manage: chỉ Super Admin gọi được mọi route /system/admins và /system/roles,Bảo mật,Cao,"DB sạch sau npm run db:reset (có seed/admin-batch3.ts, chạy sau seed admin đợt 1-2; mật khẩu mọi tài khoản seed Passw0rd!x; xem sheet 'Tài khoản & dữ liệu test' mục A5-A6). Lấy accessToken bằng POST /api/auth/login {""email"":""admin@sofinhub.test"",""password"":""Passw0rd!x""}, gửi header Authorization: Bearer <token>. Nhân viên seed (seed/admin-batch3.ts, mật khẩu Passw0rd!x): moderator@sofinhub.test (Moderator Test, vai trò Moderator, 2FA bật), support@ (Ryan Cho, Support, 2FA bật), finance@ (Grace Lee, Finance, 2FA bật), tom@ (Tom Baker, Support, KHÔNG 2FA, đăng nhập lần cuối ~30 giờ trước), nina@ (Nina Ross, Moderator, ĐANG TẠM KHÓA, lý do 'Nghỉ việc, chờ thu hồi'), john.carter@ và mia.lopez@ (vai trò Moderator, 2FA bật). admin@sofinhub.test = Super Admin do biến môi trường PLATFORM_ADMIN_EMAILS (nguồn 'env', luôn bị khóa sửa). Vai trò hệ thống: Super Admin, Moderator, Support, Finance + vai trò tùy chỉnh mẫu 'Content Reviewer' (key content_reviewer: dashboard.view, users.view, content.manage; chưa gán cho ai). Tổng ở Tài khoản quản trị: 8 dòng (1 env + 7 nhân viên).","1. Bằng token moderator@, support@, finance@: GET /system/admins, POST /system/admins, GET /system/roles, POST /system/roles",-,"Cả 3 vai trò: 403 'Vai trò ... không có quyền ""admin.manage""' ở 4 route.",Trùng TC-ADM3-087/088 (admin.manage)
TC-ADM3-283,"Admin Console (đợt 3: Phân tích, Hỗ trợ, Hệ thống)",Hệ thống · Danh mục (dùng chung với Khám phá),"Quyền community.manage cho Danh mục: Moderator được, Support/Finance 403",Bảo mật,Trung bình,"DB sạch sau npm run db:reset (có seed/admin-batch3.ts, chạy sau seed admin đợt 1-2; mật khẩu mọi tài khoản seed Passw0rd!x; xem sheet 'Tài khoản & dữ liệu test' mục A5-A6). Token moderator@, support@, finance@.",1. GET /admin/system/categories bằng 3 token,-,"moderator@ 200; support@ và finance@ 403 'không có quyền ""community.manage""'. Sidebar Moderator có nhóm 'Hệ thống' chỉ chứa mục 'Danh mục'.",Trùng TC-ADM3-085 (community.manage cho categories)
TC-ADM3-298,"Admin Console (đợt 3: Phân tích, Hỗ trợ, Hệ thống)",Hệ thống · Tính năng thử nghiệm (API và công khai),Quyền system.flags: chỉ Super Admin (mặc định) sửa cờ; Moderator/Support/Finance 403,Bảo mật,Cao,"DB sạch sau npm run db:reset (có seed/admin-batch3.ts, chạy sau seed admin đợt 1-2; mật khẩu mọi tài khoản seed Passw0rd!x; xem sheet 'Tài khoản & dữ liệu test' mục A5-A6). Lấy accessToken bằng POST /api/auth/login {""email"":""admin@sofinhub.test"",""password"":""Passw0rd!x""}, gửi header Authorization: Bearer <token>. Nhân viên seed (seed/admin-batch3.ts, mật khẩu Passw0rd!x): moderator@sofinhub.test (Moderator Test, vai trò Moderator, 2FA bật), support@ (Ryan Cho, Support, 2FA bật), finance@ (Grace Lee, Finance, 2FA bật), tom@ (Tom Baker, Support, KHÔNG 2FA, đăng nhập lần cuối ~30 giờ trước), nina@ (Nina Ross, Moderator, ĐANG TẠM KHÓA, lý do 'Nghỉ việc, chờ thu hồi'), john.carter@ và mia.lopez@ (vai trò Moderator, 2FA bật). admin@sofinhub.test = Super Admin do biến môi trường PLATFORM_ADMIN_EMAILS (nguồn 'env', luôn bị khóa sửa). Vai trò hệ thống: Super Admin, Moderator, Support, Finance + vai trò tùy chỉnh mẫu 'Content Reviewer' (key content_reviewer: dashboard.view, users.view, content.manage; chưa gán cho ai). Tổng ở Tài khoản quản trị: 8 dòng (1 env + 7 nhân viên).","1. GET /system/flags và POST /system/flags bằng token moderator@, support@, finance@
2. Bật system.flags cho Moderator ở ma trận rồi gọi lại",-,"3 vai trò 403 'không có quyền ""system.flags""'; sau khi bật ô, Moderator qua guard; GET /api/feature-flags công khai không cần quyền.",Trùng TC-ADM3-086 (system.flags)
TC-ADM3-309,"Admin Console (đợt 3: Phân tích, Hỗ trợ, Hệ thống)",Hệ thống · Tích hợp (API),Quyền system.settings cho Tích hợp: Moderator/Support/Finance 403,Bảo mật,Trung bình,"DB sạch sau npm run db:reset (có seed/admin-batch3.ts, chạy sau seed admin đợt 1-2; mật khẩu mọi tài khoản seed Passw0rd!x; xem sheet 'Tài khoản & dữ liệu test' mục A5-A6). Lấy accessToken bằng POST /api/auth/login {""email"":""admin@sofinhub.test"",""password"":""Passw0rd!x""}, gửi header Authorization: Bearer <token>. Nhân viên seed (seed/admin-batch3.ts, mật khẩu Passw0rd!x): moderator@sofinhub.test (Moderator Test, vai trò Moderator, 2FA bật), support@ (Ryan Cho, Support, 2FA bật), finance@ (Grace Lee, Finance, 2FA bật), tom@ (Tom Baker, Support, KHÔNG 2FA, đăng nhập lần cuối ~30 giờ trước), nina@ (Nina Ross, Moderator, ĐANG TẠM KHÓA, lý do 'Nghỉ việc, chờ thu hồi'), john.carter@ và mia.lopez@ (vai trò Moderator, 2FA bật). admin@sofinhub.test = Super Admin do biến môi trường PLATFORM_ADMIN_EMAILS (nguồn 'env', luôn bị khóa sửa). Vai trò hệ thống: Super Admin, Moderator, Support, Finance + vai trò tùy chỉnh mẫu 'Content Reviewer' (key content_reviewer: dashboard.view, users.view, content.manage; chưa gán cho ai). Tổng ở Tài khoản quản trị: 8 dòng (1 env + 7 nhân viên).","1. GET /system/integrations bằng moderator@, support@, finance@",-,"403 'không có quyền ""system.settings""' ở cả 3.",Trùng TC-ADM3-089 (system.settings tích hợp)
TC-ADM3-326,"Admin Console (đợt 3: Phân tích, Hỗ trợ, Hệ thống)",Hệ thống · Thông báo (API),Quyền system.settings cho Thông báo: Moderator/Support/Finance 403,Bảo mật,Trung bình,"DB sạch sau npm run db:reset (có seed/admin-batch3.ts, chạy sau seed admin đợt 1-2; mật khẩu mọi tài khoản seed Passw0rd!x; xem sheet 'Tài khoản & dữ liệu test' mục A5-A6). Lấy accessToken bằng POST /api/auth/login {""email"":""admin@sofinhub.test"",""password"":""Passw0rd!x""}, gửi header Authorization: Bearer <token>. Nhân viên seed (seed/admin-batch3.ts, mật khẩu Passw0rd!x): moderator@sofinhub.test (Moderator Test, vai trò Moderator, 2FA bật), support@ (Ryan Cho, Support, 2FA bật), finance@ (Grace Lee, Finance, 2FA bật), tom@ (Tom Baker, Support, KHÔNG 2FA, đăng nhập lần cuối ~30 giờ trước), nina@ (Nina Ross, Moderator, ĐANG TẠM KHÓA, lý do 'Nghỉ việc, chờ thu hồi'), john.carter@ và mia.lopez@ (vai trò Moderator, 2FA bật). admin@sofinhub.test = Super Admin do biến môi trường PLATFORM_ADMIN_EMAILS (nguồn 'env', luôn bị khóa sửa). Vai trò hệ thống: Super Admin, Moderator, Support, Finance + vai trò tùy chỉnh mẫu 'Content Reviewer' (key content_reviewer: dashboard.view, users.view, content.manage; chưa gán cho ai). Tổng ở Tài khoản quản trị: 8 dòng (1 env + 7 nhân viên).","1. GET /system/notifications/settings và POST /system/notifications/broadcast bằng moderator@, support@, finance@",-,"403 'không có quyền ""system.settings""'.",Trùng TC-ADM3-090 (system.settings thông báo)
TC-ADM3-349,"Admin Console (đợt 3: Phân tích, Hỗ trợ, Hệ thống)",Hệ thống · Mẫu email (API) và hiệu lực lên email thật,Quyền system.settings cho Mẫu email: Moderator/Support/Finance 403,Bảo mật,Trung bình,"DB sạch sau npm run db:reset (có seed/admin-batch3.ts, chạy sau seed admin đợt 1-2; mật khẩu mọi tài khoản seed Passw0rd!x; xem sheet 'Tài khoản & dữ liệu test' mục A5-A6). Lấy accessToken bằng POST /api/auth/login {""email"":""admin@sofinhub.test"",""password"":""Passw0rd!x""}, gửi header Authorization: Bearer <token>. Nhân viên seed (seed/admin-batch3.ts, mật khẩu Passw0rd!x): moderator@sofinhub.test (Moderator Test, vai trò Moderator, 2FA bật), support@ (Ryan Cho, Support, 2FA bật), finance@ (Grace Lee, Finance, 2FA bật), tom@ (Tom Baker, Support, KHÔNG 2FA, đăng nhập lần cuối ~30 giờ trước), nina@ (Nina Ross, Moderator, ĐANG TẠM KHÓA, lý do 'Nghỉ việc, chờ thu hồi'), john.carter@ và mia.lopez@ (vai trò Moderator, 2FA bật). admin@sofinhub.test = Super Admin do biến môi trường PLATFORM_ADMIN_EMAILS (nguồn 'env', luôn bị khóa sửa). Vai trò hệ thống: Super Admin, Moderator, Support, Finance + vai trò tùy chỉnh mẫu 'Content Reviewer' (key content_reviewer: dashboard.view, users.view, content.manage; chưa gán cho ai). Tổng ở Tài khoản quản trị: 8 dòng (1 env + 7 nhân viên).","1. GET /system/email-templates và POST .../welcome/test-send bằng moderator@, support@, finance@",-,"403 'không có quyền ""system.settings""'.",Trùng TC-ADM3-091 (system.settings mẫu email)
TC-ADM3-362,"Admin Console (đợt 3: Phân tích, Hỗ trợ, Hệ thống)",Hệ thống · Nhật ký hoạt động (API),Quyền audit.view: chỉ Super Admin mặc định xem Nhật ký; bật cho Moderator thì xem được,Bảo mật,Cao,"DB sạch sau npm run db:reset (có seed/admin-batch3.ts, chạy sau seed admin đợt 1-2; mật khẩu mọi tài khoản seed Passw0rd!x; xem sheet 'Tài khoản & dữ liệu test' mục A5-A6). Lấy accessToken bằng POST /api/auth/login {""email"":""admin@sofinhub.test"",""password"":""Passw0rd!x""}, gửi header Authorization: Bearer <token>. Nhân viên seed (seed/admin-batch3.ts, mật khẩu Passw0rd!x): moderator@sofinhub.test (Moderator Test, vai trò Moderator, 2FA bật), support@ (Ryan Cho, Support, 2FA bật), finance@ (Grace Lee, Finance, 2FA bật), tom@ (Tom Baker, Support, KHÔNG 2FA, đăng nhập lần cuối ~30 giờ trước), nina@ (Nina Ross, Moderator, ĐANG TẠM KHÓA, lý do 'Nghỉ việc, chờ thu hồi'), john.carter@ và mia.lopez@ (vai trò Moderator, 2FA bật). admin@sofinhub.test = Super Admin do biến môi trường PLATFORM_ADMIN_EMAILS (nguồn 'env', luôn bị khóa sửa). Vai trò hệ thống: Super Admin, Moderator, Support, Finance + vai trò tùy chỉnh mẫu 'Content Reviewer' (key content_reviewer: dashboard.view, users.view, content.manage; chưa gán cho ai). Tổng ở Tài khoản quản trị: 8 dòng (1 env + 7 nhân viên). Case làm thay đổi dữ liệu seed (MUTATE) - khôi phục bằng npm run db:reset (db:seed là idempotent chỉ-tạo nên KHÔNG hoàn tác thao tác admin); hoặc chạy trên bản ghi do chính case tạo ra.","1. GET /admin/audit-logs bằng moderator@ -> 403
2. Bật audit.view cho Moderator ở ma trận
3. GET lại; thấy sidebar mục 'Nhật ký hoạt động'
4. Tắt lại",audit.view,403 -> sau khi bật: 200 và mục 'Nhật ký hoạt động' xuất hiện trong nhóm Hệ thống của Moderator; tắt lại: 403.,Trùng TC-ADM3-062/093 (audit.view)
TC-ADM3-378,"Admin Console (đợt 3: Phân tích, Hỗ trợ, Hệ thống)",Hệ thống · Cài đặt chung (API),Quyền system.settings cho Cài đặt chung: Moderator/Support/Finance 403 (kể cả khi chỉ đọc),Bảo mật,Cao,"DB sạch sau npm run db:reset (có seed/admin-batch3.ts, chạy sau seed admin đợt 1-2; mật khẩu mọi tài khoản seed Passw0rd!x; xem sheet 'Tài khoản & dữ liệu test' mục A5-A6). Lấy accessToken bằng POST /api/auth/login {""email"":""admin@sofinhub.test"",""password"":""Passw0rd!x""}, gửi header Authorization: Bearer <token>. Nhân viên seed (seed/admin-batch3.ts, mật khẩu Passw0rd!x): moderator@sofinhub.test (Moderator Test, vai trò Moderator, 2FA bật), support@ (Ryan Cho, Support, 2FA bật), finance@ (Grace Lee, Finance, 2FA bật), tom@ (Tom Baker, Support, KHÔNG 2FA, đăng nhập lần cuối ~30 giờ trước), nina@ (Nina Ross, Moderator, ĐANG TẠM KHÓA, lý do 'Nghỉ việc, chờ thu hồi'), john.carter@ và mia.lopez@ (vai trò Moderator, 2FA bật). admin@sofinhub.test = Super Admin do biến môi trường PLATFORM_ADMIN_EMAILS (nguồn 'env', luôn bị khóa sửa). Vai trò hệ thống: Super Admin, Moderator, Support, Finance + vai trò tùy chỉnh mẫu 'Content Reviewer' (key content_reviewer: dashboard.view, users.view, content.manage; chưa gán cho ai). Tổng ở Tài khoản quản trị: 8 dòng (1 env + 7 nhân viên).","1. GET /system/settings, PATCH /system/settings, POST /system/settings/reset bằng moderator@, support@, finance@",-,"Cả 9 yêu cầu 403 'không có quyền ""system.settings""'; Super Admin 200.",Trùng TC-ADM3-092 (system.settings)
TC-ADM3-384,"Admin Console (đợt 3: Phân tích, Hỗ trợ, Hệ thống)",Hệ thống · Cài đặt chung: hiệu lực thật lên thanh toán,Số ngày dùng thử đổi -> trialEndsAt của gói dùng thử mới,Chức năng,Cao,"DB sạch sau npm run db:reset (có seed/admin-batch3.ts, chạy sau seed admin đợt 1-2; mật khẩu mọi tài khoản seed Passw0rd!x; xem sheet 'Tài khoản & dữ liệu test' mục A5-A6). Lấy accessToken bằng POST /api/auth/login {""email"":""admin@sofinhub.test"",""password"":""Passw0rd!x""}, gửi header Authorization: Bearer <token>. Nhân viên seed (seed/admin-batch3.ts, mật khẩu Passw0rd!x): moderator@sofinhub.test (Moderator Test, vai trò Moderator, 2FA bật), support@ (Ryan Cho, Support, 2FA bật), finance@ (Grace Lee, Finance, 2FA bật), tom@ (Tom Baker, Support, KHÔNG 2FA, đăng nhập lần cuối ~30 giờ trước), nina@ (Nina Ross, Moderator, ĐANG TẠM KHÓA, lý do 'Nghỉ việc, chờ thu hồi'), john.carter@ và mia.lopez@ (vai trò Moderator, 2FA bật). admin@sofinhub.test = Super Admin do biến môi trường PLATFORM_ADMIN_EMAILS (nguồn 'env', luôn bị khóa sửa). Vai trò hệ thống: Super Admin, Moderator, Support, Finance + vai trò tùy chỉnh mẫu 'Content Reviewer' (key content_reviewer: dashboard.view, users.view, content.manage; chưa gán cho ai). Tổng ở Tài khoản quản trị: 8 dòng (1 env + 7 nhân viên). Case làm thay đổi dữ liệu seed (MUTATE) - khôi phục bằng npm run db:reset (db:seed là idempotent chỉ-tạo nên KHÔNG hoàn tác thao tác admin); hoặc chạy trên bản ghi do chính case tạo ra. [PHỤ THUỘC QUYẾT ĐỊNH CHƯA CHỐT] các giá trị tiền (giá trị tạm, nay chỉnh được ở Admin > Hệ thống > Cài đặt chung và reset về env). Token newbie@.","1. Mặc định 7 ngày: POST /api/courses/paid-demo/trial -> ghi trialEndsAt (≈ now + 7 ngày)
2. Sau db:reset: Admin PATCH trialDays=14
3. POST trial lại bằng newbie@
4. GET /api/courses/paid-demo/subscription",trialDays 7 -> 14,trialEndsAt = thời điểm bắt đầu + 14 ngày (so với 7 ngày trước đó); gói dùng thử đã tạo trước đó KHÔNG đổi; Phân tích Chuyển đổi nhận bước 'Bắt đầu dùng thử'.,"Không còn dùng thử miễn phí của thành viên (bỏ 2026-10-14): POST /courses/:id/trial và POST /communities/:id/trial trả 404 nên các bước bắt đầu dùng thử / kết quả 201, 409, 400, 403 của đường này không còn đúng - thay bằng TC-BANK-050."
TC-SECX-006,Bảo mật hardening (audit bước 1),NODE_ENV bắt buộc (audit 4.1),Image Docker đặt sẵn NODE_ENV=production,Tích hợp,Trung bình,Docker đã cài; build image: docker build -t sofinhub-api backend.,"1. docker run --rm --entrypoint printenv sofinhub-api NODE_ENV
2. Đọc Dockerfile dòng ENV",image sofinhub-api,In 'production'. Dockerfile có comment 'NODE_ENV là BẮT BUỘC (app từ chối khởi động nếu thiếu); image này luôn là production'.,Trùng TC-INFRA-027 (Dockerfile NODE_ENV=production)
TC-SECX-007,Bảo mật hardening (audit bước 1),NODE_ENV bắt buộc (audit 4.1),Sự cố DEPLOY.md 'NODE_ENV trên Render chưa phải production' nay được chặn thay vì chạy như dev,Bảo mật,Cao,Giả lập Render: chạy container không đặt NODE_ENV (docker run --rm --entrypoint node -e DATABASE_URL=... sofinhub-api dist/index.js).,"1. Chạy container không có NODE_ENV (ghi đè ENV của image bằng -e NODE_ENV=)
2. Đọc log container
3. So sánh với DEPLOY.md mục 'Sự cố thường gặp' dòng đầu",NODE_ENV rỗng,"Container thoát với log 'Invalid environment variables ... NODE_ENV'; KHÔNG mount /api/dev/outbox, không chấp nhận secret dev-*. Khớp bảng sự cố trong DEPLOY.md.",Trùng TC-SECX-001 (thiếu NODE_ENV bị chặn)
TC-SECX-014,Bảo mật hardening (audit bước 1),Hộp thư dev opt-in (audit 4.1),Checklist sau deploy: /api/dev/outbox trên production trả 404,Bảo mật,Cao,Có URL backend đã deploy (Render) hoặc image chạy local với bộ biến production.,"1. GET https://<backend>/api/dev/outbox
2. GET https://<backend>/api/dev/outbox?to=admin@sofinhub.test",backend production,Cả hai 404 (khớp mục 'Checklist kiểm tra sau khi deploy' của DEPLOY.md). Không lộ nội dung email.,Trùng TC-SECX-009 và TC-INFRA-023 (checklist outbox 404)
TC-SECX-017,Bảo mật hardening (audit bước 1),Guard secret production (audit 4.2),production + JWT_REFRESH_SECRET=dev-... -> thoát mã != 0 và nêu đúng tên biến,Bảo mật,Cao,"Chạy từ thư mục backend, KHÔNG kế thừa .env của máy dev: đặt DOTENV_CONFIG_PATH trỏ tới file không tồn tại (PowerShell: $env:DOTENV_CONFIG_PATH='khong-co.env'); xóa các biến NODE_ENV/ENABLE_DEV_OUTBOX/*_SECRET khỏi phiên shell trước khi thử (Remove-Item Env:NODE_ENV). Bộ biến production hợp lệ dùng cho các case env: NODE_ENV=production, DATABASE_URL=postgresql://u:p@db.example.com:5432/sofinhub, JWT_ACCESS_SECRET=<48 ký tự a>, JWT_REFRESH_SECRET=<48 ký tự b>, PAYMENT_WEBHOOK_SECRET=<48 ký tự c>, UPLOAD_SIGNING_SECRET=<48 ký tự d> (không có tiền tố dev-).","1. Đặt bộ production hợp lệ rồi ghi đè JWT_REFRESH_SECRET=dev-whatever-change-me
2. Nạp env.ts
3. Đọc stderr",JWT_REFRESH_SECRET=dev-whatever-change-me,Thoát mã != 0; stderr 'Cấu hình production không an toàn:' có dòng '- JWT_REFRESH_SECRET đang là giá trị mặc định dev-* — phải đặt giá trị bí mật riêng'. Chỉ 1 vấn đề được liệt kê (các biến khác hợp lệ).,Trùng TC-SECX-016/018/020: cùng vòng quét biến dev- trong productionEnvProblems (env.ts)
TC-SECX-018,Bảo mật hardening (audit bước 1),Guard secret production (audit 4.2),production + PAYMENT_WEBHOOK_SECRET=dev-... -> thoát mã != 0 và nêu đúng tên biến,Bảo mật,Cao,"Chạy từ thư mục backend, KHÔNG kế thừa .env của máy dev: đặt DOTENV_CONFIG_PATH trỏ tới file không tồn tại (PowerShell: $env:DOTENV_CONFIG_PATH='khong-co.env'); xóa các biến NODE_ENV/ENABLE_DEV_OUTBOX/*_SECRET khỏi phiên shell trước khi thử (Remove-Item Env:NODE_ENV). Bộ biến production hợp lệ dùng cho các case env: NODE_ENV=production, DATABASE_URL=postgresql://u:p@db.example.com:5432/sofinhub, JWT_ACCESS_SECRET=<48 ký tự a>, JWT_REFRESH_SECRET=<48 ký tự b>, PAYMENT_WEBHOOK_SECRET=<48 ký tự c>, UPLOAD_SIGNING_SECRET=<48 ký tự d> (không có tiền tố dev-).","1. Đặt bộ production hợp lệ rồi ghi đè PAYMENT_WEBHOOK_SECRET=dev-whatever-change-me
2. Nạp env.ts
3. Đọc stderr",PAYMENT_WEBHOOK_SECRET=dev-whatever-change-me,Thoát mã != 0; stderr 'Cấu hình production không an toàn:' có dòng '- PAYMENT_WEBHOOK_SECRET đang là giá trị mặc định dev-* — phải đặt giá trị bí mật riêng'. Chỉ 1 vấn đề được liệt kê (các biến khác hợp lệ).,"Biến PAYMENT_WEBHOOK_SECRET đã bị bỏ khỏi env.ts khi chuyển sang SePay (dùng SEPAY_WEBHOOK_KEY; thiếu chỉ là cảnh báo khởi động, không phải lỗi guard dev-*) - xem TC-BANK-013"
TC-SECX-019,Bảo mật hardening (audit bước 1),Guard secret production (audit 4.2),production + UPLOAD_SIGNING_SECRET=dev-... -> thoát mã != 0 và nêu đúng tên biến,Bảo mật,Cao,"Chạy từ thư mục backend, KHÔNG kế thừa .env của máy dev: đặt DOTENV_CONFIG_PATH trỏ tới file không tồn tại (PowerShell: $env:DOTENV_CONFIG_PATH='khong-co.env'); xóa các biến NODE_ENV/ENABLE_DEV_OUTBOX/*_SECRET khỏi phiên shell trước khi thử (Remove-Item Env:NODE_ENV). Bộ biến production hợp lệ dùng cho các case env: NODE_ENV=production, DATABASE_URL=postgresql://u:p@db.example.com:5432/sofinhub, JWT_ACCESS_SECRET=<48 ký tự a>, JWT_REFRESH_SECRET=<48 ký tự b>, PAYMENT_WEBHOOK_SECRET=<48 ký tự c>, UPLOAD_SIGNING_SECRET=<48 ký tự d> (không có tiền tố dev-).","1. Đặt bộ production hợp lệ rồi ghi đè UPLOAD_SIGNING_SECRET=dev-whatever-change-me
2. Nạp env.ts
3. Đọc stderr",UPLOAD_SIGNING_SECRET=dev-whatever-change-me,Thoát mã != 0; stderr 'Cấu hình production không an toàn:' có dòng '- UPLOAD_SIGNING_SECRET đang là giá trị mặc định dev-* — phải đặt giá trị bí mật riêng'. Chỉ 1 vấn đề được liệt kê (các biến khác hợp lệ).,Trùng TC-SECX-016/018/020: cùng vòng quét biến dev- trong productionEnvProblems (env.ts)
TC-SECX-023,Bảo mật hardening (audit bước 1),Guard secret production (audit 4.2),Xoay PAYMENT_WEBHOOK_SECRET: webhook ký bằng khóa mặc định cũ bị 400,Bảo mật,Cao,"DB dev đã nạp seed (npm run db:reset); mật khẩu mọi tài khoản seed Passw0rd!x; backend :4000 chạy bằng npm run dev (NODE_ENV=development, ENABLE_DEV_OUTBOX=1 theo backend/.env.example), frontend :5173; xem sheet 'Tài khoản & dữ liệu test'. Case làm thay đổi dữ liệu (MUTATE) - khôi phục bằng npm run db:reset, hoặc chỉ dùng tài khoản/file do chính case tạo ra. Cần đọc/đổi backend/.env và khởi động lại backend.","1. Đặt PAYMENT_WEBHOOK_SECRET=<chuỗi ngẫu nhiên mới> trong backend/.env, restart backend
2. Tạo giao dịch pending: member1 không dùng được; dùng tài khoản mới đăng ký: POST /api/courses/ai/checkout {""method"":""stripe""} -> paymentId
3. Ký webhook bằng khóa CŨ 'dev-webhook-secret-change-me': header x-sofin-signature: t=<unix giây>,v1=HMAC-SHA256(""t.rawBody"")
4. POST /api/payments/webhook {""id"":""evt_forge_1"",""type"":""payment.succeeded"",""data"":{""paymentId"":""<paymentId>""}}",khóa cũ dev-webhook-secret-change-me,"400 (chữ ký sai, thông báo chung không nêu chi tiết); Payment vẫn pending, không có Subscription/Enrollment/hóa đơn. Ký bằng khóa MỚI thì 200 {received:true}.","Xoay PAYMENT_WEBHOOK_SECRET / ký HMAC x-sofin-signature không còn; webhook SePay xác thực bằng khóa tĩnh Authorization: Apikey (SEPAY_WEBHOOK_KEY) - thay bằng TC-BANK-012, TC-BANK-013"
TC-SECX-029,Bảo mật hardening (audit bước 1),Guard secret production (audit 4.2),Cảnh báo Redis khi production chạy nhiều instance (không thoát),Chức năng,Trung bình,"Chạy từ thư mục backend, KHÔNG kế thừa .env của máy dev: đặt DOTENV_CONFIG_PATH trỏ tới file không tồn tại (PowerShell: $env:DOTENV_CONFIG_PATH='khong-co.env'); xóa các biến NODE_ENV/ENABLE_DEV_OUTBOX/*_SECRET khỏi phiên shell trước khi thử (Remove-Item Env:NODE_ENV). Bộ biến production hợp lệ dùng cho các case env: NODE_ENV=production, DATABASE_URL=postgresql://u:p@db.example.com:5432/sofinhub, JWT_ACCESS_SECRET=<48 ký tự a>, JWT_REFRESH_SECRET=<48 ký tự b>, PAYMENT_WEBHOOK_SECRET=<48 ký tự c>, UPLOAD_SIGNING_SECRET=<48 ký tự d> (không có tiền tố dev-).","1. Đặt thêm INSTANCE_COUNT=3 (hoặc WEB_CONCURRENCY=2), không đặt REDIS_URL
2. Nạp env.ts
3. Đặt REDIS_URL=redis://localhost:6380 và nạp lại",INSTANCE_COUNT=3,Lần 1: 'LOADED' kèm stderr '[config] CẢNH BÁO: Phát hiện 3 instance nhưng REDIS_URL chưa đặt ...' (không exit). Lần 2: không còn cảnh báo. (Chi tiết Redis ở module INFRA.),Trùng TC-INFRA-051 (cảnh báo Redis khi nhiều instance)
TC-SECX-032,Bảo mật hardening (audit bước 1),Error handler & cookie (audit 4.1),"Hàm errorHandler (unit): Error('SELECT secret ...') -> status 500, message 'Lỗi hệ thống'",Bảo mật,Cao,tests/security-hardening.test.ts (describe 4.1).,"1. Chạy npx cross-env NODE_ENV=test node --import tsx --test tests/security-hardening.test.ts --test-name-pattern=""error handler""",Error('SELECT secret FROM users - postgres://x'),Pass: payload.error.message === 'Lỗi hệ thống' (không chứa 'SELECT secret' hay 'postgres://').,Biến thể unit của TC-SECX-030
TC-SECX-036,Bảo mật hardening (audit bước 1),Error handler & cookie (audit 4.1),Unit: cookie refresh có cờ Secure khi không phải development,Bảo mật,Trung bình,tests/security-hardening.test.ts.,"1. Chạy npx cross-env NODE_ENV=test node --import tsx --test tests/security-hardening.test.ts --test-name-pattern=""cookie""",NODE_ENV=test,Pass: header set-cookie khớp /;\s*Secure/i.,Biến thể unit của TC-SECX-035
TC-SECX-053,Bảo mật hardening (audit bước 1),Tải file: ảnh công khai vs riêng tư (audit 4.3),"Ảnh công khai purpose=avatar: người chưa đăng nhập xem được, cache công khai 1 năm",Bảo mật,Cao,"DB dev đã nạp seed (npm run db:reset); mật khẩu mọi tài khoản seed Passw0rd!x; backend :4000 chạy bằng npm run dev (NODE_ENV=development, ENABLE_DEV_OUTBOX=1 theo backend/.env.example), frontend :5173; xem sheet 'Tài khoản & dữ liệu test'. Tạo file thử: POST /api/uploads/presign {filename,contentType,size,purpose[,courseId]} (Bearer) -> PUT <uploadUrl> (header Content-Type đúng, body PNG/PDF thật) -> fileUrl = /api/files/<key>. Người ngoài = tài khoản MỚI đăng ký bằng POST /api/auth/register (chưa tham gia cộng đồng nào).","1. Đăng nhập member1, upload PNG với purpose=avatar
2. GET <fileUrl> KHÔNG gửi Authorization (curl -i hoặc tab ẩn danh)
3. Đọc header",avatar,"200 trả đúng byte PNG; Cache-Control: public, max-age=31536000, immutable; X-Content-Type-Options: nosniff; Content-Security-Policy: default-src 'none'; sandbox; Cross-Origin-Resource-Policy: cross-origin.","Trùng ma trận TC-SECX-098..103 (cùng purpose, chạy đủ vai trò anonymous/chủ/ngoài/admin)"
TC-SECX-054,Bảo mật hardening (audit bước 1),Tải file: ảnh công khai vs riêng tư (audit 4.3),"Ảnh công khai purpose=cover: người chưa đăng nhập xem được, cache công khai 1 năm",Bảo mật,Cao,"DB dev đã nạp seed (npm run db:reset); mật khẩu mọi tài khoản seed Passw0rd!x; backend :4000 chạy bằng npm run dev (NODE_ENV=development, ENABLE_DEV_OUTBOX=1 theo backend/.env.example), frontend :5173; xem sheet 'Tài khoản & dữ liệu test'. Tạo file thử: POST /api/uploads/presign {filename,contentType,size,purpose[,courseId]} (Bearer) -> PUT <uploadUrl> (header Content-Type đúng, body PNG/PDF thật) -> fileUrl = /api/files/<key>. Người ngoài = tài khoản MỚI đăng ký bằng POST /api/auth/register (chưa tham gia cộng đồng nào).","1. Đăng nhập member1, upload PNG với purpose=cover
2. GET <fileUrl> KHÔNG gửi Authorization (curl -i hoặc tab ẩn danh)
3. Đọc header",cover,"200 trả đúng byte PNG; Cache-Control: public, max-age=31536000, immutable; X-Content-Type-Options: nosniff; Content-Security-Policy: default-src 'none'; sandbox; Cross-Origin-Resource-Policy: cross-origin.","Trùng ma trận TC-SECX-098..103 (cùng purpose, chạy đủ vai trò anonymous/chủ/ngoài/admin)"
TC-SECX-055,Bảo mật hardening (audit bước 1),Tải file: ảnh công khai vs riêng tư (audit 4.3),"Ảnh công khai purpose=post_image: người chưa đăng nhập xem được, cache công khai 1 năm",Bảo mật,Cao,"DB dev đã nạp seed (npm run db:reset); mật khẩu mọi tài khoản seed Passw0rd!x; backend :4000 chạy bằng npm run dev (NODE_ENV=development, ENABLE_DEV_OUTBOX=1 theo backend/.env.example), frontend :5173; xem sheet 'Tài khoản & dữ liệu test'. Tạo file thử: POST /api/uploads/presign {filename,contentType,size,purpose[,courseId]} (Bearer) -> PUT <uploadUrl> (header Content-Type đúng, body PNG/PDF thật) -> fileUrl = /api/files/<key>. Người ngoài = tài khoản MỚI đăng ký bằng POST /api/auth/register (chưa tham gia cộng đồng nào).","1. Đăng nhập member1, upload PNG với purpose=post_image
2. GET <fileUrl> KHÔNG gửi Authorization (curl -i hoặc tab ẩn danh)
3. Đọc header",post_image,"200 trả đúng byte PNG; Cache-Control: public, max-age=31536000, immutable; X-Content-Type-Options: nosniff; Content-Security-Policy: default-src 'none'; sandbox; Cross-Origin-Resource-Policy: cross-origin.","Trùng ma trận TC-SECX-098..103 (cùng purpose, chạy đủ vai trò anonymous/chủ/ngoài/admin)"
TC-SECX-056,Bảo mật hardening (audit bước 1),Tải file: ảnh công khai vs riêng tư (audit 4.3),File riêng tư purpose=message_attachment: người chưa đăng nhập bị 401,Bảo mật,Cao,"DB dev đã nạp seed (npm run db:reset); mật khẩu mọi tài khoản seed Passw0rd!x; backend :4000 chạy bằng npm run dev (NODE_ENV=development, ENABLE_DEV_OUTBOX=1 theo backend/.env.example), frontend :5173; xem sheet 'Tài khoản & dữ liệu test'. Tạo file thử: POST /api/uploads/presign {filename,contentType,size,purpose[,courseId]} (Bearer) -> PUT <uploadUrl> (header Content-Type đúng, body PNG/PDF thật) -> fileUrl = /api/files/<key>. Người ngoài = tài khoản MỚI đăng ký bằng POST /api/auth/register (chưa tham gia cộng đồng nào).","1. member1 upload file purpose=message_attachment
2. GET <fileUrl> không Authorization
3. GET <fileUrl> với Authorization sai (Bearer abc)",message_attachment,Cả hai 401 UNAUTHORIZED; không có byte file; không có header Cache-Control public.,"Trùng ma trận TC-SECX-098..103 (cùng purpose, chạy đủ vai trò anonymous/chủ/ngoài/admin)"
TC-SECX-057,Bảo mật hardening (audit bước 1),Tải file: ảnh công khai vs riêng tư (audit 4.3),File riêng tư purpose=lesson_attachment: người chưa đăng nhập bị 401,Bảo mật,Cao,"DB dev đã nạp seed (npm run db:reset); mật khẩu mọi tài khoản seed Passw0rd!x; backend :4000 chạy bằng npm run dev (NODE_ENV=development, ENABLE_DEV_OUTBOX=1 theo backend/.env.example), frontend :5173; xem sheet 'Tài khoản & dữ liệu test'. Tạo file thử: POST /api/uploads/presign {filename,contentType,size,purpose[,courseId]} (Bearer) -> PUT <uploadUrl> (header Content-Type đúng, body PNG/PDF thật) -> fileUrl = /api/files/<key>. Người ngoài = tài khoản MỚI đăng ký bằng POST /api/auth/register (chưa tham gia cộng đồng nào).","1. owner (mod+ của photo, gửi courseId=photo) upload file purpose=lesson_attachment
2. GET <fileUrl> không Authorization
3. GET <fileUrl> với Authorization sai (Bearer abc)",lesson_attachment,Cả hai 401 UNAUTHORIZED; không có byte file; không có header Cache-Control public.,"Trùng ma trận TC-SECX-098..103 (cùng purpose, chạy đủ vai trò anonymous/chủ/ngoài/admin)"
TC-SECX-058,Bảo mật hardening (audit bước 1),Tải file: ảnh công khai vs riêng tư (audit 4.3),File riêng tư purpose=post_file: người chưa đăng nhập bị 401,Bảo mật,Cao,"DB dev đã nạp seed (npm run db:reset); mật khẩu mọi tài khoản seed Passw0rd!x; backend :4000 chạy bằng npm run dev (NODE_ENV=development, ENABLE_DEV_OUTBOX=1 theo backend/.env.example), frontend :5173; xem sheet 'Tài khoản & dữ liệu test'. Tạo file thử: POST /api/uploads/presign {filename,contentType,size,purpose[,courseId]} (Bearer) -> PUT <uploadUrl> (header Content-Type đúng, body PNG/PDF thật) -> fileUrl = /api/files/<key>. Người ngoài = tài khoản MỚI đăng ký bằng POST /api/auth/register (chưa tham gia cộng đồng nào).","1. member1 upload file purpose=post_file
2. GET <fileUrl> không Authorization
3. GET <fileUrl> với Authorization sai (Bearer abc)",post_file,Cả hai 401 UNAUTHORIZED; không có byte file; không có header Cache-Control public.,"Trùng ma trận TC-SECX-098..103 (cùng purpose, chạy đủ vai trò anonymous/chủ/ngoài/admin)"
TC-SECX-113,Bảo mật hardening (audit bước 1),Checklist cấu hình khi deploy (liên kết DEPLOY.md),"DEPLOY.md: bảng env liệt kê đủ NODE_ENV, DATABASE_URL, 4 secret, CORS_ORIGIN, FRONTEND_URL, ENABLE_DEV_OUTBOX",Giao diện,Trung bình,Mở DEPLOY.md mục 1.2.,1. Đối chiếu bảng 'Environment Variables' với backend/src/config/env.ts và env-guard.ts,DEPLOY.md 1.2,"Có đủ: NODE_ENV (bắt buộc), DATABASE_URL (bắt buộc production), JWT_ACCESS_SECRET, JWT_REFRESH_SECRET, PAYMENT_WEBHOOK_SECRET, UPLOAD_SIGNING_SECRET (đều không dev-), CORS_ORIGIN, FRONTEND_URL, PLATFORM_ADMIN_EMAILS, ENABLE_DEV_OUTBOX (PHẢI để trống), RUN_MIGRATIONS... Nội dung khớp guard thật.",Trùng TC-INFRA-016 (bảng env DEPLOY.md)
TC-SECX-118,Bảo mật hardening (audit bước 1),Header bảo mật & cookie,"Cookie refresh_token: HttpOnly, Path=/api/auth; logout xóa cookie đúng path",Bảo mật,Cao,"DB dev đã nạp seed (npm run db:reset); mật khẩu mọi tài khoản seed Passw0rd!x; backend :4000 chạy bằng npm run dev (NODE_ENV=development, ENABLE_DEV_OUTBOX=1 theo backend/.env.example), frontend :5173; xem sheet 'Tài khoản & dữ liệu test'.","1. POST /api/auth/login -> đọc Set-Cookie
2. DevTools > Application > Cookies: thử đọc bằng document.cookie
3. POST /api/auth/logout (Bearer) -> Set-Cookie xóa cookie",refresh cookie,Set-Cookie: refresh_token=...; Path=/api/auth; HttpOnly; SameSite=Lax (development; không Secure); document.cookie KHÔNG thấy refresh_token; logout trả cookie hết hạn cùng Path=/api/auth. SameSite=None; Secure chỉ khi NODE_ENV=production.,Trùng TC-SECX-035 (cookie HttpOnly/Path)
TC-SECX-128,Bảo mật hardening (audit bước 1),Upload an toàn (liên quan audit 4.3),Quy trình khôi phục sau case MUTATE: db:reset và dọn backend/data/uploads,Chức năng,Thấp,"DB dev đã nạp seed (npm run db:reset); mật khẩu mọi tài khoản seed Passw0rd!x; backend :4000 chạy bằng npm run dev (NODE_ENV=development, ENABLE_DEV_OUTBOX=1 theo backend/.env.example), frontend :5173; xem sheet 'Tài khoản & dữ liệu test'.","1. Sau khi test SECX: npm run db:reset
2. Xóa file thử trong backend/data/uploads (thư mục nằm trong .gitignore)
3. Khôi phục .env (NODE_ENV, ENABLE_DEV_OUTBOX, secret) về giá trị dev",dọn dẹp,"DB về seed; không còn file mồ côi; .env dev đúng (ENABLE_DEV_OUTBOX=1, secret dev-*).",Không phải kiểm thử (quy trình khôi phục sau MUTATE) - đã ghi ở tiền điều kiện từng case
TC-SECX-129,Bảo mật hardening (audit bước 1),Upload an toàn (liên quan audit 4.3),Webhook ký bằng khóa mặc định dev- được chấp nhận ở DEV (đây là lý do production bắt buộc đổi khóa),Bảo mật,Cao,"DB dev đã nạp seed (npm run db:reset); mật khẩu mọi tài khoản seed Passw0rd!x; backend :4000 chạy bằng npm run dev (NODE_ENV=development, ENABLE_DEV_OUTBOX=1 theo backend/.env.example), frontend :5173; xem sheet 'Tài khoản & dữ liệu test'. Môi trường dev với PAYMENT_WEBHOOK_SECRET mặc định. Case làm thay đổi dữ liệu (MUTATE) - khôi phục bằng npm run db:reset, hoặc chỉ dùng tài khoản/file do chính case tạo ra.","1. Tài khoản mới checkout 'ai' (pending)
2. Ký webhook payment.succeeded bằng 'dev-webhook-secret-change-me' và gửi
3. Kiểm tra Payment/Subscription",khóa mặc định,Ở dev: 200 và Payment succeeded + gói + thành viên (khóa ai cũng biết = miễn phí trọn đời nếu lên production không đổi). Production không khởi động với khóa này (xem nhóm Guard).,Trùng TC-SECX-023 (webhook khóa mặc định dev-)
TC-SECX-130,Bảo mật hardening (audit bước 1),Upload an toàn (liên quan audit 4.3),"Dev/production: JWT access token TTL 15 phút, refresh 30 ngày (cấu hình) - không đổi do hardening",Chức năng,Thấp,"DB dev đã nạp seed (npm run db:reset); mật khẩu mọi tài khoản seed Passw0rd!x; backend :4000 chạy bằng npm run dev (NODE_ENV=development, ENABLE_DEV_OUTBOX=1 theo backend/.env.example), frontend :5173; xem sheet 'Tài khoản & dữ liệu test'.","1. Đọc ACCESS_TOKEN_TTL_MIN, REFRESH_TOKEN_TTL_DAYS trong env.ts/.env.example
2. Giải mã access token (jwt.io) xem exp - iat",TTL,exp - iat = 900 giây (15 phút); refresh cookie Max-Age ≈ 30 ngày; có sid + tv trong payload.,Không phải kiểm thử (khẳng định không đổi TTL)
TC-MONEY-004,Vòng đời tiền (audit bước 2),Double-charge (audit 3.1),"Confirm 2 lần song song trên cùng intent: cả hai 200 nhưng chỉ 1 lần trừ tiền, 1 hóa đơn, 1 gói",Chức năng,Cao,"DB dev đã nạp seed (npm run db:reset); mật khẩu mọi tài khoản seed Passw0rd!x; backend :4000 (npm run dev, cổng thanh toán là MockGateway luôn thành công), frontend :5173; cộng đồng catalog dùng trong case: ai ($7), biz ($9), des ($10), write ($12), mkt ($15), yoga ($8, trial), cook ($19, trial), data ($5), py ($7), fin ($5, riêng tư), lead ($10, riêng tư), fit (miễn phí), paid-demo ($19, owner@). Người dùng thử = tài khoản MỚI đăng ký bằng POST /api/auth/register {email,password:Passw0rd!x,firstName,lastName} (tránh làm bẩn tài khoản seed). Chạy SQL bằng: docker exec -it sofinhub-postgres psql -U sofinhub -d sofinhub (bảng Prisma: ""Payment"", ""Subscription"", ""Enrollment"", ""CommunityBan"", ""RefundRequest"", ""WebhookEvent"", ""OwnerBalanceLedger""; cột cộng đồng của mọi bảng tên ""courseId"" - Prisma field communityId được @map về cột cũ).","1. checkout 'ai' -> P
2. Bắn 2 POST /api/payments/<P>/confirm cùng lúc
3. SQL: đếm Payment succeeded, Subscription, invoiceNumber của user",ai $7,Cả hai 200 (dùng chung 1 promise trong tiến trình); Payment succeeded = 1 (700¢); Subscription = 1; đúng 1 invoiceNumber.,"Confirm không còn trừ tiền: ""confirm 2 lần song song chỉ 1 lần trừ, 1 hóa đơn"" nay là hai webhook/quét đồng thời chỉ ghi nhận 1 lần - thay bằng TC-BANK-015, TC-BANK-025"
TC-MONEY-005,Vòng đời tiền (audit bước 2),Double-charge (audit 3.1),"Hai intent pending KHÁC NHAU của cùng user confirm song song: chỉ 1 thành công, khoản thừa được hoàn, khách chỉ mất 700¢",Chức năng,Cao,"DB dev đã nạp seed (npm run db:reset); mật khẩu mọi tài khoản seed Passw0rd!x; backend :4000 (npm run dev, cổng thanh toán là MockGateway luôn thành công), frontend :5173; cộng đồng catalog dùng trong case: ai ($7), biz ($9), des ($10), write ($12), mkt ($15), yoga ($8, trial), cook ($19, trial), data ($5), py ($7), fin ($5, riêng tư), lead ($10, riêng tư), fit (miễn phí), paid-demo ($19, owner@). Người dùng thử = tài khoản MỚI đăng ký bằng POST /api/auth/register {email,password:Passw0rd!x,firstName,lastName} (tránh làm bẩn tài khoản seed). Chạy SQL bằng: docker exec -it sofinhub-postgres psql -U sofinhub -d sofinhub (bảng Prisma: ""Payment"", ""Subscription"", ""Enrollment"", ""CommunityBan"", ""RefundRequest"", ""WebhookEvent"", ""OwnerBalanceLedger""; cột cộng đồng của mọi bảng tên ""courseId"" - Prisma field communityId được @map về cột cũ).","1. SQL: chèn 2 Payment pending cho U ở 'ai': INSERT INTO ""Payment""(id,""courseId"",""userId"",method,""amountCents"",""trialDays"",status,kind,""updatedAt"") VALUES (gen_random_uuid(),'ai','<U.id>','stripe',700,7,'pending','initial',now()) (chạy 2 lần) -> A, B
2. Bắn song song POST /api/payments/<A>/confirm và POST /api/payments/<B>/confirm
3. SQL: SELECT id,status,""failureReason"",""refundedCents"",""gatewayChargeId"" FROM ""Payment"" WHERE ""userId""='<U.id>'
4. Đếm Subscription active/trialing của U",2 intent 700¢,"Một yêu cầu 200, yêu cầu còn lại 409 (hoặc cả hai 200 nếu trùng promise). SQL: đúng 1 Payment succeeded; Payment kia failed + failureReason='duplicate_charge', refundedCents=700 (khoản trừ trùng bị void qua gateway.refund key 'void:<paymentId>'); chỉ 1 Subscription sống. Tổng khách thực mất = 700¢.","Cơ chế ""hai intent confirm song song, khoản trừ thừa void qua gateway.refund key void"" không còn; nay là chuyển thừa/trùng cho phiên thứ hai được ghi nhận để admin hoàn tay - thay bằng TC-BANK-021 (chuyển trùng) và TC-BANK-019"
TC-MONEY-012,Vòng đời tiền (audit bước 2),Double-charge (audit 3.1),"Trial rồi trả phí: gói trialing chuyển 'active', kỳ mới tính từ lúc trả, không có gói thứ hai",Chức năng,Cao,"DB dev đã nạp seed (npm run db:reset); mật khẩu mọi tài khoản seed Passw0rd!x; backend :4000 (npm run dev, cổng thanh toán là MockGateway luôn thành công), frontend :5173; cộng đồng catalog dùng trong case: ai ($7), biz ($9), des ($10), write ($12), mkt ($15), yoga ($8, trial), cook ($19, trial), data ($5), py ($7), fin ($5, riêng tư), lead ($10, riêng tư), fit (miễn phí), paid-demo ($19, owner@). Người dùng thử = tài khoản MỚI đăng ký bằng POST /api/auth/register {email,password:Passw0rd!x,firstName,lastName} (tránh làm bẩn tài khoản seed). Chạy SQL bằng: docker exec -it sofinhub-postgres psql -U sofinhub -d sofinhub (bảng Prisma: ""Payment"", ""Subscription"", ""Enrollment"", ""CommunityBan"", ""RefundRequest"", ""WebhookEvent"", ""OwnerBalanceLedger""; cột cộng đồng của mọi bảng tên ""courseId"" - Prisma field communityId được @map về cột cũ).","1. POST /api/courses/yoga/trial -> 201 Subscription trialing
2. checkout + confirm 'yoga' ($8)
3. SQL: SELECT status,""currentPeriodStart"",""currentPeriodEnd"" FROM ""Subscription"" WHERE ""userId""='<U.id>'","yoga $8, trial 7 ngày","Còn 1 gói, status 'active', currentPeriodStart ≈ lúc confirm, currentPeriodEnd = +30 ngày; 1 Payment succeeded 800¢ kind initial.","Không còn dùng thử miễn phí của thành viên (bỏ 2026-10-14): POST /courses/:id/trial và POST /communities/:id/trial trả 404 nên các bước bắt đầu dùng thử / kết quả 201, 409, 400, 403 của đường này không còn đúng - thay bằng TC-BANK-050."
TC-MONEY-014,Vòng đời tiền (audit bước 2),Double-charge (audit 3.1),Webhook payment.succeeded cho intent trùng/đã void không ném lỗi và không tạo gói thứ hai,Chức năng,Trung bình,"DB dev đã nạp seed (npm run db:reset); mật khẩu mọi tài khoản seed Passw0rd!x; backend :4000 (npm run dev, cổng thanh toán là MockGateway luôn thành công), frontend :5173; cộng đồng catalog dùng trong case: ai ($7), biz ($9), des ($10), write ($12), mkt ($15), yoga ($8, trial), cook ($19, trial), data ($5), py ($7), fin ($5, riêng tư), lead ($10, riêng tư), fit (miễn phí), paid-demo ($19, owner@). Người dùng thử = tài khoản MỚI đăng ký bằng POST /api/auth/register {email,password:Passw0rd!x,firstName,lastName} (tránh làm bẩn tài khoản seed). Chạy SQL bằng: docker exec -it sofinhub-postgres psql -U sofinhub -d sofinhub (bảng Prisma: ""Payment"", ""Subscription"", ""Enrollment"", ""CommunityBan"", ""RefundRequest"", ""WebhookEvent"", ""OwnerBalanceLedger""; cột cộng đồng của mọi bảng tên ""courseId"" - Prisma field communityId được @map về cột cũ). Webhook ký bằng PAYMENT_WEBHOOK_SECRET trong backend/.env (xem nhóm Webhook).","1. Tạo tình huống 2 intent như case trước để có 1 Payment failed duplicate_charge (B)
2. Gửi webhook {id:'evt_dup_1',type:'payment.succeeded',data:{paymentId:'<B>'}} ký hợp lệ",intent đã void,200 {received:true} (không 500); Payment B vẫn failed; không có Subscription/Enrollment/hóa đơn mới.,"Webhook payment.succeeded HMAC cho intent trùng/đã void không còn; nay giao dịch ngân hàng cho phiên đã trả/void được ghi ""cần hoàn"", không cấp lần hai - thay bằng TC-BANK-021"
TC-MONEY-020,Vòng đời tiền (audit bước 2),Không trừ tiền kick/ban/xóa/khóa (audit 3.2),"Cộng đồng bị khóa: checkout, dùng thử, confirm intent cũ đều 403 COMMUNITY_LOCKED, không trừ tiền",Chức năng,Cao,"DB dev đã nạp seed (npm run db:reset); mật khẩu mọi tài khoản seed Passw0rd!x; backend :4000 (npm run dev, cổng thanh toán là MockGateway luôn thành công), frontend :5173; cộng đồng catalog dùng trong case: ai ($7), biz ($9), des ($10), write ($12), mkt ($15), yoga ($8, trial), cook ($19, trial), data ($5), py ($7), fin ($5, riêng tư), lead ($10, riêng tư), fit (miễn phí), paid-demo ($19, owner@). Người dùng thử = tài khoản MỚI đăng ký bằng POST /api/auth/register {email,password:Passw0rd!x,firstName,lastName} (tránh làm bẩn tài khoản seed). Token admin: POST /api/auth/login admin@sofinhub.test / Passw0rd!x (Platform Admin, cần PLATFORM_ADMIN_EMAILS=admin@sofinhub.test). Chạy SQL bằng: docker exec -it sofinhub-postgres psql -U sofinhub -d sofinhub (bảng Prisma: ""Payment"", ""Subscription"", ""Enrollment"", ""CommunityBan"", ""RefundRequest"", ""WebhookEvent"", ""OwnerBalanceLedger""; cột cộng đồng của mọi bảng tên ""courseId"" - Prisma field communityId được @map về cột cũ).","1. U1 (đã checkout 'mkt' nhưng CHƯA confirm) -> P
2. admin@ POST /api/admin/courses/mkt/lock {""reason"":""lừa đảo""}
3. U2 mới: POST /api/courses/mkt/checkout -> ?
4. U2 POST /api/courses/mkt/trial -> ?
5. U1 POST /api/payments/<P>/confirm -> ?",mkt bị khóa,"U2 checkout: 403 COMMUNITY_LOCKED; trial: 403; U1 confirm: 403 (không có charge, Payment vẫn pending, 0 succeeded). Mở khóa bằng POST /api/admin/courses/mkt/unlock {} rồi checkout lại 201.",Tập con của ma trận TC-MONEY-133/134/135/137 (checkout/trial/confirm khi khóa/tạm ngưng/xóa/cấm)
TC-MONEY-022,Vòng đời tiền (audit bước 2),Không trừ tiền kick/ban/xóa/khóa (audit 3.2),Admin console đình chỉ (suspend) hoặc xóa cộng đồng cũng dừng/kết thúc gói (endAllForCommunity),Chức năng,Cao,"DB dev đã nạp seed (npm run db:reset); mật khẩu mọi tài khoản seed Passw0rd!x; backend :4000 (npm run dev, cổng thanh toán là MockGateway luôn thành công), frontend :5173; cộng đồng catalog dùng trong case: ai ($7), biz ($9), des ($10), write ($12), mkt ($15), yoga ($8, trial), cook ($19, trial), data ($5), py ($7), fin ($5, riêng tư), lead ($10, riêng tư), fit (miễn phí), paid-demo ($19, owner@). Người dùng thử = tài khoản MỚI đăng ký bằng POST /api/auth/register {email,password:Passw0rd!x,firstName,lastName} (tránh làm bẩn tài khoản seed). Admin console đợt 1: Cộng đồng > chọn cộng đồng có gói > Tạm ngưng / Xóa.","1. U mua 'py'
2. Admin > Cộng đồng > 'py' > Tạm ngưng (lý do bất kỳ)
3. SQL: Subscription U
4. Khôi phục rồi lặp với Xóa",suspend/delete từ admin console,Tạm ngưng: gói cancelAtPeriodEnd=true (mode stop). Xóa: gói 'canceled' ngay. Thông báo tương ứng tới U.,Tập con của ma trận TC-MONEY-133/134/135/137 (checkout/trial/confirm khi khóa/tạm ngưng/xóa/cấm)
TC-MONEY-024,Vòng đời tiền (audit bước 2),Không trừ tiền kick/ban/xóa/khóa (audit 3.2),"Gia hạn bình thường: đến hạn -> 1 giao dịch renewal, kỳ tiến đúng 1 chu kỳ, có hóa đơn",Chức năng,Cao,"DB dev đã nạp seed (npm run db:reset); mật khẩu mọi tài khoản seed Passw0rd!x; backend :4000 (npm run dev, cổng thanh toán là MockGateway luôn thành công), frontend :5173; cộng đồng catalog dùng trong case: ai ($7), biz ($9), des ($10), write ($12), mkt ($15), yoga ($8, trial), cook ($19, trial), data ($5), py ($7), fin ($5, riêng tư), lead ($10, riêng tư), fit (miễn phí), paid-demo ($19, owner@). Người dùng thử = tài khoản MỚI đăng ký bằng POST /api/auth/register {email,password:Passw0rd!x,firstName,lastName} (tránh làm bẩn tài khoản seed). Chạy SQL bằng: docker exec -it sofinhub-postgres psql -U sofinhub -d sofinhub (bảng Prisma: ""Payment"", ""Subscription"", ""Enrollment"", ""CommunityBan"", ""RefundRequest"", ""WebhookEvent"", ""OwnerBalanceLedger""; cột cộng đồng của mọi bảng tên ""courseId"" - Prisma field communityId được @map về cột cũ). Job nền (payments.subscriptions + payments.reconcile) chạy mỗi 5 phút dưới advisory lock, lượt ĐẦU sau 5 phút kể từ lúc backend khởi động (không chạy ngay): sau khi chỉnh SQL cho đến hạn, đợi tối đa ~5-10 phút (RUN_SCHEDULERS phải khác 0). Mỗi lượt chỉ tiến 1 kỳ gia hạn.","1. U mua 'ai' ($7)
2. SQL ghi currentPeriodEnd hiện tại: SELECT ""currentPeriodEnd""; rồi UPDATE ... SET ""currentPeriodEnd""=now()-interval '1 minute'
3. Chờ job
4. SQL: Payment kind='renewal' + Subscription",renewal,Có 1 Payment kind='renewal' 700¢ succeeded + invoiceNumber mới; currentPeriodEnd tiến +30 ngày kể từ mốc cũ (không tiến nhiều kỳ trong 1 lượt); thông báo 'Gia hạn gói thành công'; user vẫn là thành viên.,"Gia hạn tự trừ (Payment renewal succeeded 700 cent + hóa đơn ngay) không còn; nay phát hóa đơn gia hạn pending có QR, trả xong mới nối kỳ - thay bằng TC-BANK-032, TC-BANK-033"
TC-MONEY-025,Vòng đời tiền (audit bước 2),Không trừ tiền kick/ban/xóa/khóa (audit 3.2),Hết dùng thử không trả tiền: gói 'expired' và thu hồi quyền; Owner không bao giờ bị thu hồi,Chức năng,Trung bình,"DB dev đã nạp seed (npm run db:reset); mật khẩu mọi tài khoản seed Passw0rd!x; backend :4000 (npm run dev, cổng thanh toán là MockGateway luôn thành công), frontend :5173; cộng đồng catalog dùng trong case: ai ($7), biz ($9), des ($10), write ($12), mkt ($15), yoga ($8, trial), cook ($19, trial), data ($5), py ($7), fin ($5, riêng tư), lead ($10, riêng tư), fit (miễn phí), paid-demo ($19, owner@). Người dùng thử = tài khoản MỚI đăng ký bằng POST /api/auth/register {email,password:Passw0rd!x,firstName,lastName} (tránh làm bẩn tài khoản seed). Chạy SQL bằng: docker exec -it sofinhub-postgres psql -U sofinhub -d sofinhub (bảng Prisma: ""Payment"", ""Subscription"", ""Enrollment"", ""CommunityBan"", ""RefundRequest"", ""WebhookEvent"", ""OwnerBalanceLedger""; cột cộng đồng của mọi bảng tên ""courseId"" - Prisma field communityId được @map về cột cũ). Job nền (payments.subscriptions + payments.reconcile) chạy mỗi 5 phút dưới advisory lock, lượt ĐẦU sau 5 phút kể từ lúc backend khởi động (không chạy ngay): sau khi chỉnh SQL cho đến hạn, đợi tối đa ~5-10 phút (RUN_SCHEDULERS phải khác 0). Mỗi lượt chỉ tiến 1 kỳ gia hạn.","1. U POST /api/courses/cook/trial
2. SQL: UPDATE ""Subscription"" SET ""currentPeriodEnd""=now()-interval '1 minute' WHERE ""userId""='<U.id>'
3. Chờ job
4. GET /api/courses/cook/posts bằng U",hết trial,Subscription='expired'; Enrollment bị xóa; GET posts 403 (không còn là thành viên). Với owner: revokeAccess bỏ qua vai trò owner.,"Không còn dùng thử miễn phí của thành viên (bỏ 2026-10-14): POST /courses/:id/trial và POST /communities/:id/trial trả 404 nên các bước bắt đầu dùng thử / kết quả 201, 409, 400, 403 của đường này không còn đúng - thay bằng TC-BANK-050."
TC-MONEY-027,Vòng đời tiền (audit bước 2),Không trừ tiền kick/ban/xóa/khóa (audit 3.2),"Thẻ bị từ chối khi gia hạn: gói 'expired' + thu hồi + thông báo (unit test, không thể giả lập qua UI)",Chức năng,Trung bình,Cài backend; Postgres local; tests/payments.test.ts có mock gateway failFor.,"1. Chạy npx cross-env NODE_ENV=test node --import tsx --test tests/payments.test.ts
2. Đọc các test về gia hạn/charge.ok=false",MockGateway.failFor(userId),"Test pass: charge.ok=false khi gia hạn -> Subscription expired, quyền thu hồi, notify payment_failed. (Chưa có dunning/past_due - xem case Kế hoạch.)",Thẻ bị từ chối khi gia hạn (unit test charge.ok=false) không còn; hết kỳ chưa trả -> ân hạn 2 ngày rồi expired - thay bằng TC-BANK-034
TC-MONEY-028,Vòng đời tiền (audit bước 2),Không trừ tiền kick/ban/xóa/khóa (audit 3.2),"HIỆN TẠI: chưa có dunning (retry, past_due, grace period) - 1 lần thẻ fail là cắt quyền ngay",Chức năng,Trung bình,"DB dev đã nạp seed (npm run db:reset); mật khẩu mọi tài khoản seed Passw0rd!x; backend :4000 (npm run dev, cổng thanh toán là MockGateway luôn thành công), frontend :5173; cộng đồng catalog dùng trong case: ai ($7), biz ($9), des ($10), write ($12), mkt ($15), yoga ($8, trial), cook ($19, trial), data ($5), py ($7), fin ($5, riêng tư), lead ($10, riêng tư), fit (miễn phí), paid-demo ($19, owner@).",1. Đọc payments.service.ts processDueSubscriptions và enum SubscriptionStatus,audit 6.3,"HIỆN TẠI: không có trạng thái past_due, không retry, không email đổi thẻ. KỲ VỌNG (Kế hoạch): thử lại nhiều lần + grace period. Chưa nằm trong bước 2.","""HIỆN TẠI chưa có dunning/grace, 1 lần thẻ fail là cắt quyền"" lỗi thời: đã có hóa đơn gia hạn + ân hạn 2 ngày giữ quyền - thay bằng TC-BANK-034"
TC-MONEY-031,Vòng đời tiền (audit bước 2),Không trừ tiền kick/ban/xóa/khóa (audit 3.2),Checkout/trial với cộng đồng đã xóa -> 404; với người đã bị cấm -> 403,Bảo mật,Trung bình,"DB dev đã nạp seed (npm run db:reset); mật khẩu mọi tài khoản seed Passw0rd!x; backend :4000 (npm run dev, cổng thanh toán là MockGateway luôn thành công), frontend :5173; cộng đồng catalog dùng trong case: ai ($7), biz ($9), des ($10), write ($12), mkt ($15), yoga ($8, trial), cook ($19, trial), data ($5), py ($7), fin ($5, riêng tư), lead ($10, riêng tư), fit (miễn phí), paid-demo ($19, owner@). Người dùng thử = tài khoản MỚI đăng ký bằng POST /api/auth/register {email,password:Passw0rd!x,firstName,lastName} (tránh làm bẩn tài khoản seed). Token admin: POST /api/auth/login admin@sofinhub.test / Passw0rd!x (Platform Admin, cần PLATFORM_ADMIN_EMAILS=admin@sofinhub.test).","1. admin@ DELETE /api/courses/<cộng đồng tự tạo>
2. U checkout/trial cộng đồng đó
3. Ban U ở một cộng đồng khác rồi U checkout cộng đồng đó",đã xóa / bị cấm,Cộng đồng đã xóa: 404. Bị cấm: 403 (không được mua lại khi còn lệnh cấm).,Tập con của ma trận TC-MONEY-133/134/135/137 (checkout/trial/confirm khi khóa/tạm ngưng/xóa/cấm)
TC-MONEY-044,Vòng đời tiền (audit bước 2),Rời cộng đồng / gỡ cấm (audit 3.3),recordRenewal (webhook subscription.renewed) cấp lại quyền cho người đã mất Enrollment,Chức năng,Trung bình,"DB dev đã nạp seed (npm run db:reset); mật khẩu mọi tài khoản seed Passw0rd!x; backend :4000 (npm run dev, cổng thanh toán là MockGateway luôn thành công), frontend :5173; cộng đồng catalog dùng trong case: ai ($7), biz ($9), des ($10), write ($12), mkt ($15), yoga ($8, trial), cook ($19, trial), data ($5), py ($7), fin ($5, riêng tư), lead ($10, riêng tư), fit (miễn phí), paid-demo ($19, owner@). Người dùng thử = tài khoản MỚI đăng ký bằng POST /api/auth/register {email,password:Passw0rd!x,firstName,lastName} (tránh làm bẩn tài khoản seed). Chạy SQL bằng: docker exec -it sofinhub-postgres psql -U sofinhub -d sofinhub (bảng Prisma: ""Payment"", ""Subscription"", ""Enrollment"", ""CommunityBan"", ""RefundRequest"", ""WebhookEvent"", ""OwnerBalanceLedger""; cột cộng đồng của mọi bảng tên ""courseId"" - Prisma field communityId được @map về cột cũ). Webhook ký như nhóm Webhook.","1. U mua 'biz'; SQL DELETE Enrollment của U
2. Gửi webhook {id:'evt_rg_1',type:'subscription.renewed',data:{subscriptionId:'<sub.id>',chargeId:'ch_rg'}}
3. GET posts bằng U",subscription.renewed,Webhook 200; U lại là thành viên (grantAccess trừ người bị cấm).,"recordRenewal qua webhook subscription.renewed (HMAC) không còn; cấp lại quyền khi trả hóa đơn gia hạn (settleRenewal) - thay bằng TC-BANK-033, TC-BANK-035"
TC-MONEY-085,Vòng đời tiền (audit bước 2),Cộng đồng riêng tư có phí (audit 6.2),Dùng thử cộng đồng riêng tư chưa được duyệt -> 403 (đóng lỗ vào free),Bảo mật,Cao,"DB dev đã nạp seed (npm run db:reset); mật khẩu mọi tài khoản seed Passw0rd!x; backend :4000 (npm run dev, cổng thanh toán là MockGateway luôn thành công), frontend :5173; cộng đồng catalog dùng trong case: ai ($7), biz ($9), des ($10), write ($12), mkt ($15), yoga ($8, trial), cook ($19, trial), data ($5), py ($7), fin ($5, riêng tư), lead ($10, riêng tư), fit (miễn phí), paid-demo ($19, owner@). Người dùng thử = tài khoản MỚI đăng ký bằng POST /api/auth/register {email,password:Passw0rd!x,firstName,lastName} (tránh làm bẩn tài khoản seed).","1. U POST /api/courses/fin/trial
2. GET /api/courses/fin/posts bằng U",fin riêng tư $5,"trial 403; GET posts 403 (không có Enrollment, không đọc được bài/lớp/thành viên).","Không còn dùng thử miễn phí của thành viên (bỏ 2026-10-14): POST /courses/:id/trial và POST /communities/:id/trial trả 404 nên các bước bắt đầu dùng thử / kết quả 201, 409, 400, 403 của đường này không còn đúng - thay bằng TC-BANK-050."
TC-MONEY-091,Vòng đời tiền (audit bước 2),Cộng đồng riêng tư có phí (audit 6.2),Cộng đồng CÔNG KHAI có phí: checkout/trial không cần join request,Chức năng,Cao,"DB dev đã nạp seed (npm run db:reset); mật khẩu mọi tài khoản seed Passw0rd!x; backend :4000 (npm run dev, cổng thanh toán là MockGateway luôn thành công), frontend :5173; cộng đồng catalog dùng trong case: ai ($7), biz ($9), des ($10), write ($12), mkt ($15), yoga ($8, trial), cook ($19, trial), data ($5), py ($7), fin ($5, riêng tư), lead ($10, riêng tư), fit (miễn phí), paid-demo ($19, owner@). Người dùng thử = tài khoản MỚI đăng ký bằng POST /api/auth/register {email,password:Passw0rd!x,firstName,lastName} (tránh làm bẩn tài khoản seed).","1. U POST /api/courses/yoga/trial
2. U POST /api/courses/ai/checkout",public paid,trial 201; checkout 201 (không bị 403 JOIN_REQUEST_REQUIRED).,"Không còn dùng thử miễn phí của thành viên (bỏ 2026-10-14): POST /courses/:id/trial và POST /communities/:id/trial trả 404 nên các bước bắt đầu dùng thử / kết quả 201, 409, 400, 403 của đường này không còn đúng - thay bằng TC-BANK-050."
TC-MONEY-092,Vòng đời tiền (audit bước 2),Cộng đồng riêng tư có phí (audit 6.2),Dùng thử sau khi được duyệt (cộng đồng riêng tư có phí): trialing + Enrollment,Chức năng,Trung bình,"DB dev đã nạp seed (npm run db:reset); mật khẩu mọi tài khoản seed Passw0rd!x; backend :4000 (npm run dev, cổng thanh toán là MockGateway luôn thành công), frontend :5173; cộng đồng catalog dùng trong case: ai ($7), biz ($9), des ($10), write ($12), mkt ($15), yoga ($8, trial), cook ($19, trial), data ($5), py ($7), fin ($5, riêng tư), lead ($10, riêng tư), fit (miễn phí), paid-demo ($19, owner@). Người dùng thử = tài khoản MỚI đăng ký bằng POST /api/auth/register {email,password:Passw0rd!x,firstName,lastName} (tránh làm bẩn tài khoản seed).","1. U có join request approved ở 'fin' (admin@ duyệt)
2. U POST /api/courses/fin/trial",approved -> trial,201 Subscription 'trialing' (TRIAL_DAYS=7); U là thành viên.,"Không còn dùng thử miễn phí của thành viên (bỏ 2026-10-14): POST /courses/:id/trial và POST /communities/:id/trial trả 404 nên các bước bắt đầu dùng thử / kết quả 201, 409, 400, 403 của đường này không còn đúng - thay bằng TC-BANK-050."
TC-MONEY-095,Vòng đời tiền (audit bước 2),Webhook: máy trạng thái received|processing|done|failed (audit 6.1),"Webhook payment.succeeded hợp lệ: 200, WebhookEvent lưu type + payload + status 'done' + attempts 1",Chức năng,Cao,"DB dev đã nạp seed (npm run db:reset); mật khẩu mọi tài khoản seed Passw0rd!x; backend :4000 (npm run dev, cổng thanh toán là MockGateway luôn thành công), frontend :5173; cộng đồng catalog dùng trong case: ai ($7), biz ($9), des ($10), write ($12), mkt ($15), yoga ($8, trial), cook ($19, trial), data ($5), py ($7), fin ($5, riêng tư), lead ($10, riêng tư), fit (miễn phí), paid-demo ($19, owner@). Người dùng thử = tài khoản MỚI đăng ký bằng POST /api/auth/register {email,password:Passw0rd!x,firstName,lastName} (tránh làm bẩn tài khoản seed). Chạy SQL bằng: docker exec -it sofinhub-postgres psql -U sofinhub -d sofinhub (bảng Prisma: ""Payment"", ""Subscription"", ""Enrollment"", ""CommunityBan"", ""RefundRequest"", ""WebhookEvent"", ""OwnerBalanceLedger""; cột cộng đồng của mọi bảng tên ""courseId"" - Prisma field communityId được @map về cột cũ). Ký webhook: PAYMENT_WEBHOOK_SECRET (dev: dev-webhook-secret-change-me). Header x-sofin-signature: t=<unix giây>,v1=<hex HMAC-SHA256 của ""t.rawBody"">; gửi đúng raw body (không thêm/bớt khoảng trắng). Mẫu Node: const t=Math.floor(Date.now()/1000);const v1=crypto.createHmac('sha256',secret).update(`${t}.${raw}`).digest('hex'). Tạo intent pending bằng POST /api/courses/<id>/checkout (không confirm).","1. U checkout 'ux' hoặc 'ai' -> P (pending)
2. POST /api/payments/webhook {""id"":""evt_status_1"",""type"":""payment.succeeded"",""data"":{""paymentId"":""<P>"",""chargeId"":""ch_status_1""}}
3. SQL: SELECT status,type,attempts,payload->'data'->>'paymentId' FROM ""WebhookEvent"" WHERE ""eventId""='evt_status_1'",evt_status_1,"200 {received:true}; WebhookEvent: status='done', type='payment.succeeded', attempts=1, payload chứa paymentId; Payment succeeded + hóa đơn; user là thành viên.","Máy trạng thái WebhookEvent received/processing/done/failed, chữ ký HMAC trên raw body, replay tối đa 8 lần và loại sự kiện payment.*/subscription.* không còn (webhook SePay xác thực Apikey, dedupe theo externalId của BankTransaction) - thay bằng TC-BANK-012..017, TC-BANK-015 (trùng id giao dịch), TC-BANK-020 (mã lạ lưu để admin soi)"
TC-MONEY-096,Vòng đời tiền (audit bước 2),Webhook: máy trạng thái received|processing|done|failed (audit 6.1),"Gửi lại cùng event id khi đã 'done' -> 200 {duplicate:true}, không xử lý lần hai",Chức năng,Cao,"DB dev đã nạp seed (npm run db:reset); mật khẩu mọi tài khoản seed Passw0rd!x; backend :4000 (npm run dev, cổng thanh toán là MockGateway luôn thành công), frontend :5173; cộng đồng catalog dùng trong case: ai ($7), biz ($9), des ($10), write ($12), mkt ($15), yoga ($8, trial), cook ($19, trial), data ($5), py ($7), fin ($5, riêng tư), lead ($10, riêng tư), fit (miễn phí), paid-demo ($19, owner@). Ký webhook: PAYMENT_WEBHOOK_SECRET (dev: dev-webhook-secret-change-me). Header x-sofin-signature: t=<unix giây>,v1=<hex HMAC-SHA256 của ""t.rawBody"">; gửi đúng raw body (không thêm/bớt khoảng trắng). Mẫu Node: const t=Math.floor(Date.now()/1000);const v1=crypto.createHmac('sha256',secret).update(`${t}.${raw}`).digest('hex'). Tạo intent pending bằng POST /api/courses/<id>/checkout (không confirm).",1. Gửi lại đúng event 'evt_status_1' (ký lại timestamp mới),duplicate,"200 {received:true, duplicate:true}; hóa đơn/gói không đổi; attempts vẫn 1.","Máy trạng thái WebhookEvent received/processing/done/failed, chữ ký HMAC trên raw body, replay tối đa 8 lần và loại sự kiện payment.*/subscription.* không còn (webhook SePay xác thực Apikey, dedupe theo externalId của BankTransaction) - thay bằng TC-BANK-012..017, TC-BANK-015 (trùng id giao dịch), TC-BANK-020 (mã lạ lưu để admin soi)"
TC-MONEY-097,Vòng đời tiền (audit bước 2),Webhook: máy trạng thái received|processing|done|failed (audit 6.1),Chữ ký sai/thiếu/header rỗng -> 400 (không nêu chi tiết),Bảo mật,Cao,"DB dev đã nạp seed (npm run db:reset); mật khẩu mọi tài khoản seed Passw0rd!x; backend :4000 (npm run dev, cổng thanh toán là MockGateway luôn thành công), frontend :5173; cộng đồng catalog dùng trong case: ai ($7), biz ($9), des ($10), write ($12), mkt ($15), yoga ($8, trial), cook ($19, trial), data ($5), py ($7), fin ($5, riêng tư), lead ($10, riêng tư), fit (miễn phí), paid-demo ($19, owner@). Ký webhook: PAYMENT_WEBHOOK_SECRET (dev: dev-webhook-secret-change-me). Header x-sofin-signature: t=<unix giây>,v1=<hex HMAC-SHA256 của ""t.rawBody"">; gửi đúng raw body (không thêm/bớt khoảng trắng). Mẫu Node: const t=Math.floor(Date.now()/1000);const v1=crypto.createHmac('sha256',secret).update(`${t}.${raw}`).digest('hex'). Tạo intent pending bằng POST /api/courses/<id>/checkout (không confirm).","1. POST webhook với v1 sai
2. POST không có header x-sofin-signature
3. POST với t cách hiện tại > 300 giây (cả quá khứ lẫn tương lai)
4. POST với body bị sửa 1 ký tự sau khi ký",chữ ký lỗi,Cả 4: 400 với thông báo chung (không tiết lộ lý do chính xác); không tạo WebhookEvent hoặc không xử lý.,"Máy trạng thái WebhookEvent received/processing/done/failed, chữ ký HMAC trên raw body, replay tối đa 8 lần và loại sự kiện payment.*/subscription.* không còn (webhook SePay xác thực Apikey, dedupe theo externalId của BankTransaction) - thay bằng TC-BANK-012..017, TC-BANK-015 (trùng id giao dịch), TC-BANK-020 (mã lạ lưu để admin soi)"
TC-MONEY-098,Vòng đời tiền (audit bước 2),Webhook: máy trạng thái received|processing|done|failed (audit 6.1),Chữ ký tính trên RAW bytes: JSON được định dạng lại (thêm khoảng trắng) -> 400,Bảo mật,Trung bình,"DB dev đã nạp seed (npm run db:reset); mật khẩu mọi tài khoản seed Passw0rd!x; backend :4000 (npm run dev, cổng thanh toán là MockGateway luôn thành công), frontend :5173; cộng đồng catalog dùng trong case: ai ($7), biz ($9), des ($10), write ($12), mkt ($15), yoga ($8, trial), cook ($19, trial), data ($5), py ($7), fin ($5, riêng tư), lead ($10, riêng tư), fit (miễn phí), paid-demo ($19, owner@). Ký webhook: PAYMENT_WEBHOOK_SECRET (dev: dev-webhook-secret-change-me). Header x-sofin-signature: t=<unix giây>,v1=<hex HMAC-SHA256 của ""t.rawBody"">; gửi đúng raw body (không thêm/bớt khoảng trắng). Mẫu Node: const t=Math.floor(Date.now()/1000);const v1=crypto.createHmac('sha256',secret).update(`${t}.${raw}`).digest('hex'). Tạo intent pending bằng POST /api/courses/<id>/checkout (không confirm).","1. Ký body '{""id"":""e1"",...}' rồi gửi body có thêm khoảng trắng/xuống dòng nhưng cùng header",re-serialized,400 (rawBody chỉ bắt cho path /api/payments/webhook; thiếu rawBody -> fail-closed 400).,"Máy trạng thái WebhookEvent received/processing/done/failed, chữ ký HMAC trên raw body, replay tối đa 8 lần và loại sự kiện payment.*/subscription.* không còn (webhook SePay xác thực Apikey, dedupe theo externalId của BankTransaction) - thay bằng TC-BANK-012..017, TC-BANK-015 (trùng id giao dịch), TC-BANK-020 (mã lạ lưu để admin soi)"
TC-MONEY-099,Vòng đời tiền (audit bước 2),Webhook: máy trạng thái received|processing|done|failed (audit 6.1),Event đang 'processing' còn mới (<2 phút) -> duplicate:true (bên kia đang xử lý),Chức năng,Trung bình,"DB dev đã nạp seed (npm run db:reset); mật khẩu mọi tài khoản seed Passw0rd!x; backend :4000 (npm run dev, cổng thanh toán là MockGateway luôn thành công), frontend :5173; cộng đồng catalog dùng trong case: ai ($7), biz ($9), des ($10), write ($12), mkt ($15), yoga ($8, trial), cook ($19, trial), data ($5), py ($7), fin ($5, riêng tư), lead ($10, riêng tư), fit (miễn phí), paid-demo ($19, owner@). Chạy SQL bằng: docker exec -it sofinhub-postgres psql -U sofinhub -d sofinhub (bảng Prisma: ""Payment"", ""Subscription"", ""Enrollment"", ""CommunityBan"", ""RefundRequest"", ""WebhookEvent"", ""OwnerBalanceLedger""; cột cộng đồng của mọi bảng tên ""courseId"" - Prisma field communityId được @map về cột cũ). Ký webhook: PAYMENT_WEBHOOK_SECRET (dev: dev-webhook-secret-change-me). Header x-sofin-signature: t=<unix giây>,v1=<hex HMAC-SHA256 của ""t.rawBody"">; gửi đúng raw body (không thêm/bớt khoảng trắng). Mẫu Node: const t=Math.floor(Date.now()/1000);const v1=crypto.createHmac('sha256',secret).update(`${t}.${raw}`).digest('hex'). Tạo intent pending bằng POST /api/courses/<id>/checkout (không confirm).","1. SQL: INSERT INTO ""WebhookEvent""(""eventId"",type,payload,status,attempts,""processingAt"") VALUES ('evt_fresh_1','payment.succeeded','{""id"":""evt_fresh_1"",""type"":""payment.succeeded"",""data"":{""paymentId"":""khong-ton-tai""}}'::jsonb,'processing',1,now())
2. Gửi webhook evt_fresh_1",processing mới,200 {duplicate:true}; không đổi gì.,"Máy trạng thái WebhookEvent received/processing/done/failed, chữ ký HMAC trên raw body, replay tối đa 8 lần và loại sự kiện payment.*/subscription.* không còn (webhook SePay xác thực Apikey, dedupe theo externalId của BankTransaction) - thay bằng TC-BANK-012..017, TC-BANK-015 (trùng id giao dịch), TC-BANK-020 (mã lạ lưu để admin soi)"
TC-MONEY-100,Vòng đời tiền (audit bước 2),Webhook: máy trạng thái received|processing|done|failed (audit 6.1),"Event 'processing' quá hạn (process chết sau claim) -> được xử lý lại, attempts=2, 'done'",Chức năng,Cao,"DB dev đã nạp seed (npm run db:reset); mật khẩu mọi tài khoản seed Passw0rd!x; backend :4000 (npm run dev, cổng thanh toán là MockGateway luôn thành công), frontend :5173; cộng đồng catalog dùng trong case: ai ($7), biz ($9), des ($10), write ($12), mkt ($15), yoga ($8, trial), cook ($19, trial), data ($5), py ($7), fin ($5, riêng tư), lead ($10, riêng tư), fit (miễn phí), paid-demo ($19, owner@). Người dùng thử = tài khoản MỚI đăng ký bằng POST /api/auth/register {email,password:Passw0rd!x,firstName,lastName} (tránh làm bẩn tài khoản seed). Chạy SQL bằng: docker exec -it sofinhub-postgres psql -U sofinhub -d sofinhub (bảng Prisma: ""Payment"", ""Subscription"", ""Enrollment"", ""CommunityBan"", ""RefundRequest"", ""WebhookEvent"", ""OwnerBalanceLedger""; cột cộng đồng của mọi bảng tên ""courseId"" - Prisma field communityId được @map về cột cũ). Ký webhook: PAYMENT_WEBHOOK_SECRET (dev: dev-webhook-secret-change-me). Header x-sofin-signature: t=<unix giây>,v1=<hex HMAC-SHA256 của ""t.rawBody"">; gửi đúng raw body (không thêm/bớt khoảng trắng). Mẫu Node: const t=Math.floor(Date.now()/1000);const v1=crypto.createHmac('sha256',secret).update(`${t}.${raw}`).digest('hex'). Tạo intent pending bằng POST /api/courses/<id>/checkout (không confirm).","1. U checkout 'ux' -> P; SQL chèn WebhookEvent 'evt_crash_1' status 'processing' attempts 1, ""processingAt""=now()-interval '10 minutes', ""updatedAt""=now()-interval '10 minutes', payload chứa paymentId=P
2. Gửi lại webhook evt_crash_1",evt_crash_1,"200 KHÔNG có duplicate; Payment succeeded, U là thành viên; WebhookEvent status 'done' attempts=2. (Trước đây: duplicate vĩnh viễn - khách trả tiền mà không có quyền.)","Máy trạng thái WebhookEvent received/processing/done/failed, chữ ký HMAC trên raw body, replay tối đa 8 lần và loại sự kiện payment.*/subscription.* không còn (webhook SePay xác thực Apikey, dedupe theo externalId của BankTransaction) - thay bằng TC-BANK-012..017, TC-BANK-015 (trùng id giao dịch), TC-BANK-020 (mã lạ lưu để admin soi)"
TC-MONEY-101,Vòng đời tiền (audit bước 2),Webhook: máy trạng thái received|processing|done|failed (audit 6.1),Event 'failed' được gửi lại thì xử lý lại (không bị coi là duplicate),Chức năng,Cao,"DB dev đã nạp seed (npm run db:reset); mật khẩu mọi tài khoản seed Passw0rd!x; backend :4000 (npm run dev, cổng thanh toán là MockGateway luôn thành công), frontend :5173; cộng đồng catalog dùng trong case: ai ($7), biz ($9), des ($10), write ($12), mkt ($15), yoga ($8, trial), cook ($19, trial), data ($5), py ($7), fin ($5, riêng tư), lead ($10, riêng tư), fit (miễn phí), paid-demo ($19, owner@). Người dùng thử = tài khoản MỚI đăng ký bằng POST /api/auth/register {email,password:Passw0rd!x,firstName,lastName} (tránh làm bẩn tài khoản seed). Chạy SQL bằng: docker exec -it sofinhub-postgres psql -U sofinhub -d sofinhub (bảng Prisma: ""Payment"", ""Subscription"", ""Enrollment"", ""CommunityBan"", ""RefundRequest"", ""WebhookEvent"", ""OwnerBalanceLedger""; cột cộng đồng của mọi bảng tên ""courseId"" - Prisma field communityId được @map về cột cũ). Ký webhook: PAYMENT_WEBHOOK_SECRET (dev: dev-webhook-secret-change-me). Header x-sofin-signature: t=<unix giây>,v1=<hex HMAC-SHA256 của ""t.rawBody"">; gửi đúng raw body (không thêm/bớt khoảng trắng). Mẫu Node: const t=Math.floor(Date.now()/1000);const v1=crypto.createHmac('sha256',secret).update(`${t}.${raw}`).digest('hex'). Tạo intent pending bằng POST /api/courses/<id>/checkout (không confirm).","1. Tạo WebhookEvent status 'failed', lastError 'boom', attempts 1 cho một intent pending
2. Gửi lại cùng event",failed -> resend,200; xử lý thành công; status 'done'; attempts tăng.,"Máy trạng thái WebhookEvent received/processing/done/failed, chữ ký HMAC trên raw body, replay tối đa 8 lần và loại sự kiện payment.*/subscription.* không còn (webhook SePay xác thực Apikey, dedupe theo externalId của BankTransaction) - thay bằng TC-BANK-012..017, TC-BANK-015 (trùng id giao dịch), TC-BANK-020 (mã lạ lưu để admin soi)"
TC-MONEY-102,Vòng đời tiền (audit bước 2),Webhook: máy trạng thái received|processing|done|failed (audit 6.1),"Lỗi trong handler: event chuyển 'failed' + lastError (không xóa, không duplicate mãi mãi) (unit test)",Chức năng,Cao,Cài backend; Postgres local.,1. Chạy test 'webhook lỗi xử lý => failed + lastError' trong tests/money-lifecycle.test.ts,findById ném 'db down',"Test pass: status 'failed', lastError khớp /db down/; gửi lại không phải duplicate.","Máy trạng thái WebhookEvent received/processing/done/failed, chữ ký HMAC trên raw body, replay tối đa 8 lần và loại sự kiện payment.*/subscription.* không còn (webhook SePay xác thực Apikey, dedupe theo externalId của BankTransaction) - thay bằng TC-BANK-012..017, TC-BANK-015 (trùng id giao dịch), TC-BANK-020 (mã lạ lưu để admin soi)"
TC-MONEY-103,Vòng đời tiền (audit bước 2),Webhook: máy trạng thái received|processing|done|failed (audit 6.1),reapStaleWebhooks: job replay event failed/processing quá hạn từ payload,Tích hợp,Cao,"DB dev đã nạp seed (npm run db:reset); mật khẩu mọi tài khoản seed Passw0rd!x; backend :4000 (npm run dev, cổng thanh toán là MockGateway luôn thành công), frontend :5173; cộng đồng catalog dùng trong case: ai ($7), biz ($9), des ($10), write ($12), mkt ($15), yoga ($8, trial), cook ($19, trial), data ($5), py ($7), fin ($5, riêng tư), lead ($10, riêng tư), fit (miễn phí), paid-demo ($19, owner@). Người dùng thử = tài khoản MỚI đăng ký bằng POST /api/auth/register {email,password:Passw0rd!x,firstName,lastName} (tránh làm bẩn tài khoản seed). Chạy SQL bằng: docker exec -it sofinhub-postgres psql -U sofinhub -d sofinhub (bảng Prisma: ""Payment"", ""Subscription"", ""Enrollment"", ""CommunityBan"", ""RefundRequest"", ""WebhookEvent"", ""OwnerBalanceLedger""; cột cộng đồng của mọi bảng tên ""courseId"" - Prisma field communityId được @map về cột cũ). Job nền (payments.subscriptions + payments.reconcile) chạy mỗi 5 phút dưới advisory lock, lượt ĐẦU sau 5 phút kể từ lúc backend khởi động (không chạy ngay): sau khi chỉnh SQL cho đến hạn, đợi tối đa ~5-10 phút (RUN_SCHEDULERS phải khác 0). Mỗi lượt chỉ tiến 1 kỳ gia hạn.","1. U checkout 'ux' -> P; chèn WebhookEvent 'failed' (attempts 1, updatedAt cách đây 1 phút) với payload payment.succeeded cho P
2. Chờ job payments.reconcile",failed event,"Sau job: event 'done'; Payment succeeded; U là thành viên (replay từ payload, không cần cổng gửi lại).","Máy trạng thái WebhookEvent received/processing/done/failed, chữ ký HMAC trên raw body, replay tối đa 8 lần và loại sự kiện payment.*/subscription.* không còn (webhook SePay xác thực Apikey, dedupe theo externalId của BankTransaction) - thay bằng TC-BANK-012..017, TC-BANK-015 (trùng id giao dịch), TC-BANK-020 (mã lạ lưu để admin soi)"
TC-MONEY-104,Vòng đời tiền (audit bước 2),Webhook: máy trạng thái received|processing|done|failed (audit 6.1),Replay tối đa 8 lần: event vượt giới hạn không bị replay vô hạn,Chức năng,Thấp,"DB dev đã nạp seed (npm run db:reset); mật khẩu mọi tài khoản seed Passw0rd!x; backend :4000 (npm run dev, cổng thanh toán là MockGateway luôn thành công), frontend :5173; cộng đồng catalog dùng trong case: ai ($7), biz ($9), des ($10), write ($12), mkt ($15), yoga ($8, trial), cook ($19, trial), data ($5), py ($7), fin ($5, riêng tư), lead ($10, riêng tư), fit (miễn phí), paid-demo ($19, owner@). Chạy SQL bằng: docker exec -it sofinhub-postgres psql -U sofinhub -d sofinhub (bảng Prisma: ""Payment"", ""Subscription"", ""Enrollment"", ""CommunityBan"", ""RefundRequest"", ""WebhookEvent"", ""OwnerBalanceLedger""; cột cộng đồng của mọi bảng tên ""courseId"" - Prisma field communityId được @map về cột cũ). Job nền (payments.subscriptions + payments.reconcile) chạy mỗi 5 phút dưới advisory lock, lượt ĐẦU sau 5 phút kể từ lúc backend khởi động (không chạy ngay): sau khi chỉnh SQL cho đến hạn, đợi tối đa ~5-10 phút (RUN_SCHEDULERS phải khác 0). Mỗi lượt chỉ tiến 1 kỳ gia hạn.","1. Chèn WebhookEvent 'failed' attempts=8
2. Chờ 2 lượt job
3. SELECT status,attempts",attempts=8,"Event vẫn 'failed', attempts không tăng (đã hết lượt replay) - cần điều tra thủ công qua lastError/payload.","Máy trạng thái WebhookEvent received/processing/done/failed, chữ ký HMAC trên raw body, replay tối đa 8 lần và loại sự kiện payment.*/subscription.* không còn (webhook SePay xác thực Apikey, dedupe theo externalId của BankTransaction) - thay bằng TC-BANK-012..017, TC-BANK-015 (trùng id giao dịch), TC-BANK-020 (mã lạ lưu để admin soi)"
TC-MONEY-105,Vòng đời tiền (audit bước 2),Webhook: máy trạng thái received|processing|done|failed (audit 6.1),Loại lạ hoặc đối tượng không tồn tại -> 200 {ignored:true} (cổng khỏi retry vô hạn),Chức năng,Trung bình,"DB dev đã nạp seed (npm run db:reset); mật khẩu mọi tài khoản seed Passw0rd!x; backend :4000 (npm run dev, cổng thanh toán là MockGateway luôn thành công), frontend :5173; cộng đồng catalog dùng trong case: ai ($7), biz ($9), des ($10), write ($12), mkt ($15), yoga ($8, trial), cook ($19, trial), data ($5), py ($7), fin ($5, riêng tư), lead ($10, riêng tư), fit (miễn phí), paid-demo ($19, owner@). Ký webhook: PAYMENT_WEBHOOK_SECRET (dev: dev-webhook-secret-change-me). Header x-sofin-signature: t=<unix giây>,v1=<hex HMAC-SHA256 của ""t.rawBody"">; gửi đúng raw body (không thêm/bớt khoảng trắng). Mẫu Node: const t=Math.floor(Date.now()/1000);const v1=crypto.createHmac('sha256',secret).update(`${t}.${raw}`).digest('hex'). Tạo intent pending bằng POST /api/courses/<id>/checkout (không confirm).","1. Gửi type 'foo.bar'
2. Gửi payment.succeeded với paymentId không có",ignored,"Cả hai 200 {received:true, ignored:true}.","Máy trạng thái WebhookEvent received/processing/done/failed, chữ ký HMAC trên raw body, replay tối đa 8 lần và loại sự kiện payment.*/subscription.* không còn (webhook SePay xác thực Apikey, dedupe theo externalId của BankTransaction) - thay bằng TC-BANK-012..017, TC-BANK-015 (trùng id giao dịch), TC-BANK-020 (mã lạ lưu để admin soi)"
TC-MONEY-106,Vòng đời tiền (audit bước 2),Webhook: máy trạng thái received|processing|done|failed (audit 6.1),"payment.succeeded cho giao dịch đã succeeded: idempotent, không cấp hóa đơn/gói hai lần",Chức năng,Cao,"DB dev đã nạp seed (npm run db:reset); mật khẩu mọi tài khoản seed Passw0rd!x; backend :4000 (npm run dev, cổng thanh toán là MockGateway luôn thành công), frontend :5173; cộng đồng catalog dùng trong case: ai ($7), biz ($9), des ($10), write ($12), mkt ($15), yoga ($8, trial), cook ($19, trial), data ($5), py ($7), fin ($5, riêng tư), lead ($10, riêng tư), fit (miễn phí), paid-demo ($19, owner@). Người dùng thử = tài khoản MỚI đăng ký bằng POST /api/auth/register {email,password:Passw0rd!x,firstName,lastName} (tránh làm bẩn tài khoản seed). Ký webhook: PAYMENT_WEBHOOK_SECRET (dev: dev-webhook-secret-change-me). Header x-sofin-signature: t=<unix giây>,v1=<hex HMAC-SHA256 của ""t.rawBody"">; gửi đúng raw body (không thêm/bớt khoảng trắng). Mẫu Node: const t=Math.floor(Date.now()/1000);const v1=crypto.createHmac('sha256',secret).update(`${t}.${raw}`).digest('hex'). Tạo intent pending bằng POST /api/courses/<id>/checkout (không confirm).","1. U mua 'ai' bằng confirm
2. Gửi webhook payment.succeeded cho chính payment đó (event id mới)",đã succeeded,200; không thêm Payment/hóa đơn/Subscription; không lỗi.,"Máy trạng thái WebhookEvent received/processing/done/failed, chữ ký HMAC trên raw body, replay tối đa 8 lần và loại sự kiện payment.*/subscription.* không còn (webhook SePay xác thực Apikey, dedupe theo externalId của BankTransaction) - thay bằng TC-BANK-012..017, TC-BANK-015 (trùng id giao dịch), TC-BANK-020 (mã lạ lưu để admin soi)"
TC-MONEY-107,Vòng đời tiền (audit bước 2),Webhook: máy trạng thái received|processing|done|failed (audit 6.1),"Các loại sự kiện: payment.failed, payment.refunded, subscription.renewed, subscription.canceled",Chức năng,Trung bình,"DB dev đã nạp seed (npm run db:reset); mật khẩu mọi tài khoản seed Passw0rd!x; backend :4000 (npm run dev, cổng thanh toán là MockGateway luôn thành công), frontend :5173; cộng đồng catalog dùng trong case: ai ($7), biz ($9), des ($10), write ($12), mkt ($15), yoga ($8, trial), cook ($19, trial), data ($5), py ($7), fin ($5, riêng tư), lead ($10, riêng tư), fit (miễn phí), paid-demo ($19, owner@). Người dùng thử = tài khoản MỚI đăng ký bằng POST /api/auth/register {email,password:Passw0rd!x,firstName,lastName} (tránh làm bẩn tài khoản seed). Ký webhook: PAYMENT_WEBHOOK_SECRET (dev: dev-webhook-secret-change-me). Header x-sofin-signature: t=<unix giây>,v1=<hex HMAC-SHA256 của ""t.rawBody"">; gửi đúng raw body (không thêm/bớt khoảng trắng). Mẫu Node: const t=Math.floor(Date.now()/1000);const v1=crypto.createHmac('sha256',secret).update(`${t}.${raw}`).digest('hex'). Tạo intent pending bằng POST /api/courses/<id>/checkout (không confirm).","1. Với các Payment/Subscription tương ứng, gửi từng loại với data.paymentId / data.subscriptionId
2. Kiểm tra trạng thái sau mỗi event",5 loại event,payment.failed: Payment 'failed'. payment.refunded: Payment 'refunded' (quyền theo luật hoàn). subscription.renewed: kỳ tiến + cấp lại quyền. subscription.canceled: gói hủy. Mỗi event lưu WebhookEvent 'done'.,"Máy trạng thái WebhookEvent received/processing/done/failed, chữ ký HMAC trên raw body, replay tối đa 8 lần và loại sự kiện payment.*/subscription.* không còn (webhook SePay xác thực Apikey, dedupe theo externalId của BankTransaction) - thay bằng TC-BANK-012..017, TC-BANK-015 (trùng id giao dịch), TC-BANK-020 (mã lạ lưu để admin soi)"
TC-MONEY-109,Vòng đời tiền (audit bước 2),Đối soát & thứ tự khóa (audit 6.1),Charge thành công nhưng settle lỗi: gatewayChargeId lưu trước; reconcileUnsettledCharges hoàn tất (unit test),Tích hợp,Cao,Cài backend; Postgres local.,1. Chạy test 'cổng đã trừ tiền nhưng settle lỗi' trong tests/money-lifecycle.test.ts,settle ném lỗi lần đầu,"Test pass: Payment 'pending' nhưng có gatewayChargeId (truy vết được); chargedTotal=700; sau reconcileUnsettledCharges({olderThanMs:0}) -> settled=1, Payment succeeded + invoice, user là thành viên, KHÔNG trừ thêm.","""Charge thành công nhưng settle lỗi"" (gatewayChargeId lưu trước, reconcileUnsettledCharges) không còn; nay tiền về nhưng settle lỗi -> Payment giữ pending, BankTransaction ghi chưa credited, admin duyệt tay - thay bằng TC-BANK-027, TC-BANK-028"
TC-MONEY-110,Vòng đời tiền (audit bước 2),Đối soát & thứ tự khóa (audit 6.1),"Job reconcileMoney gom 4 việc: hoàn tiền kẹt, charge chưa settle, khoản trừ trùng chưa hoàn, webhook kẹt",Tích hợp,Cao,"DB dev đã nạp seed (npm run db:reset); mật khẩu mọi tài khoản seed Passw0rd!x; backend :4000 (npm run dev, cổng thanh toán là MockGateway luôn thành công), frontend :5173; cộng đồng catalog dùng trong case: ai ($7), biz ($9), des ($10), write ($12), mkt ($15), yoga ($8, trial), cook ($19, trial), data ($5), py ($7), fin ($5, riêng tư), lead ($10, riêng tư), fit (miễn phí), paid-demo ($19, owner@). Chạy SQL bằng: docker exec -it sofinhub-postgres psql -U sofinhub -d sofinhub (bảng Prisma: ""Payment"", ""Subscription"", ""Enrollment"", ""CommunityBan"", ""RefundRequest"", ""WebhookEvent"", ""OwnerBalanceLedger""; cột cộng đồng của mọi bảng tên ""courseId"" - Prisma field communityId được @map về cột cũ). Job nền (payments.subscriptions + payments.reconcile) chạy mỗi 5 phút dưới advisory lock, lượt ĐẦU sau 5 phút kể từ lúc backend khởi động (không chạy ngay): sau khi chỉnh SQL cho đến hạn, đợi tối đa ~5-10 phút (RUN_SCHEDULERS phải khác 0). Mỗi lượt chỉ tiến 1 kỳ gia hạn.","1. Tạo lần lượt: RefundRequest refunding cũ; Payment pending có gatewayChargeId cũ; Payment failed duplicate_charge refundedCents=0 có gatewayChargeId; WebhookEvent failed
2. Chờ 1-2 lượt job payments.reconcile
3. Kiểm tra từng dòng",4 trạng thái kẹt,Cả 4 được chốt: RefundRequest approved; Payment succeeded; khoản trừ trùng được hoàn (refundedCents=amount); WebhookEvent done. Log scheduler không lỗi.,"reconcileMoney gom 4 việc cũ (charge chưa settle, khoản trừ trùng, webhook kẹt...) không còn đúng; nay có expireStaleSessions + cron quét SePay - thay bằng TC-BANK-023, TC-BANK-026"
TC-MONEY-115,Vòng đời tiền (audit bước 2),Đối soát & thứ tự khóa (audit 6.1),HIỆN TẠI: gia hạn vẫn gọi cổng bên TRONG transaction của từng gói (giữ khóa hàng trong lúc gọi cổng),Hiệu năng,Thấp,Đọc payments.md mục 'Giới hạn hiện tại'.,1. Đọc dòng 'Scheduler chỉ tiến 1 kỳ mỗi lần chạy...',renewal,HIỆN TẠI: lời gọi cổng của gia hạn nằm trong transaction (timeout 15s) - khác luồng hoàn tiền đã tách ngoài transaction. Rủi ro khi cổng thật chậm; ghi nhận để bước cổng thật xử lý.,"""Gia hạn gọi cổng bên TRONG transaction"" không còn: gia hạn không gọi cổng nữa (phát hóa đơn QR) - xem TC-BANK-032"
TC-MONEY-127,Vòng đời tiền (audit bước 2),Giao diện: Admin Thanh toán (số dư creator),Admin > Thanh toán > Doanh thu creator: KPI và cột 'Có thể rút / Đang giữ / Dự phòng / Nợ',Giao diện,Cao,"DB dev đã nạp seed (npm run db:reset); mật khẩu mọi tài khoản seed Passw0rd!x; backend :4000 (npm run dev, cổng thanh toán là MockGateway luôn thành công), frontend :5173; cộng đồng catalog dùng trong case: ai ($7), biz ($9), des ($10), write ($12), mkt ($15), yoga ($8, trial), cook ($19, trial), data ($5), py ($7), fin ($5, riêng tư), lead ($10, riêng tư), fit (miễn phí), paid-demo ($19, owner@). Token admin: POST /api/auth/login admin@sofinhub.test / Passw0rd!x (Platform Admin, cần PLATFORM_ADMIN_EMAILS=admin@sofinhub.test). Đăng nhập FE bằng admin@.","1. Mở /admin/payments/creator
2. Đọc dải KPI và các cột bảng
3. Đối chiếu với GET /api/admin/payments/creators",creator revenue,"KPI: Creator, Doanh thu gộp, Phí nền tảng, Thu nhập thuần, Số dư chờ, Có thể rút, Đang giữ (holding), Quỹ dự phòng, Nợ creator (đỏ khi > 0). Bảng có cột: Creator, Cộng đồng, Doanh thu gộp, Hoàn tiền, Phí nền tảng, Thu nhập thuần, Số dư chờ, Có thể rút, Đang giữ, Dự phòng, Nợ (đỏ khi > 0).",Trùng sau cập nhật TC-ADM2-205/210/220 (UI Admin Doanh thu creator + chi tiết payout có cột Có thể rút/Đang giữ/Dự phòng/Nợ)
TC-MONEY-128,Vòng đời tiền (audit bước 2),Giao diện: Admin Thanh toán (số dư creator),Trang chi tiết creator có KPI số dư + bảng cộng đồng với cột số dư mới,Giao diện,Trung bình,"DB dev đã nạp seed (npm run db:reset); mật khẩu mọi tài khoản seed Passw0rd!x; backend :4000 (npm run dev, cổng thanh toán là MockGateway luôn thành công), frontend :5173; cộng đồng catalog dùng trong case: ai ($7), biz ($9), des ($10), write ($12), mkt ($15), yoga ($8, trial), cook ($19, trial), data ($5), py ($7), fin ($5, riêng tư), lead ($10, riêng tư), fit (miễn phí), paid-demo ($19, owner@). Token admin: POST /api/auth/login admin@sofinhub.test / Passw0rd!x (Platform Admin, cần PLATFORM_ADMIN_EMAILS=admin@sofinhub.test).","1. Từ danh sách creator mở chi tiết owner@
2. Đọc KPI và bảng cộng đồng",creator detail,"KPI thêm 'Có thể rút', 'Đang giữ (holding)', 'Quỹ dự phòng', 'Nợ creator'; bảng cộng đồng có 'Có thể rút', 'Đang giữ', 'Dự phòng', 'Nợ'.",Trùng sau cập nhật TC-ADM2-205/210/220 (UI Admin Doanh thu creator + chi tiết payout có cột Có thể rút/Đang giữ/Dự phòng/Nợ)
TC-MONEY-129,Vòng đời tiền (audit bước 2),Giao diện: Admin Thanh toán (số dư creator),Chi trả > chi tiết lệnh rút: khối 'Số dư creator' tách net-đã yêu cầu và số có thể rút,Giao diện,Cao,"DB dev đã nạp seed (npm run db:reset); mật khẩu mọi tài khoản seed Passw0rd!x; backend :4000 (npm run dev, cổng thanh toán là MockGateway luôn thành công), frontend :5173; cộng đồng catalog dùng trong case: ai ($7), biz ($9), des ($10), write ($12), mkt ($15), yoga ($8, trial), cook ($19, trial), data ($5), py ($7), fin ($5, riêng tư), lead ($10, riêng tư), fit (miễn phí), paid-demo ($19, owner@). Token admin: POST /api/auth/login admin@sofinhub.test / Passw0rd!x (Platform Admin, cần PLATFORM_ADMIN_EMAILS=admin@sofinhub.test). Seed có payout 'requested' của owner@.","1. Mở /admin/payments/payouts, mở chi tiết payout đang chờ
2. Đọc khối 'Số dư creator'",payout detail,Có dòng: Thu nhập thuần; Đã yêu cầu rút; 'Net − đã yêu cầu' (availableCents nghĩa cũ); 'Có thể rút ngay'; 'Đang giữ (14 ngày)'; 'Quỹ dự phòng'; 'Nợ (hoàn tiền sau khi rút)'.,Trùng sau cập nhật TC-ADM2-205/210/220 (UI Admin Doanh thu creator + chi tiết payout có cột Có thể rút/Đang giữ/Dự phòng/Nợ)
TC-MONEY-130,Vòng đời tiền (audit bước 2),Giao diện: Admin Thanh toán (số dư creator),Admin duyệt payout vẫn qua legacy PATCH /admin/payouts/:id (approve/mark_paid/reject),Chức năng,Trung bình,"DB dev đã nạp seed (npm run db:reset); mật khẩu mọi tài khoản seed Passw0rd!x; backend :4000 (npm run dev, cổng thanh toán là MockGateway luôn thành công), frontend :5173; cộng đồng catalog dùng trong case: ai ($7), biz ($9), des ($10), write ($12), mkt ($15), yoga ($8, trial), cook ($19, trial), data ($5), py ($7), fin ($5, riêng tư), lead ($10, riêng tư), fit (miễn phí), paid-demo ($19, owner@). Token admin: POST /api/auth/login admin@sofinhub.test / Passw0rd!x (Platform Admin, cần PLATFORM_ADMIN_EMAILS=admin@sofinhub.test).","1. PATCH /api/admin/payouts/<id> {""action"":""approve""}
2. mark_paid
3. reject một lệnh khác",legacy payouts,Mỗi lần 200 và Owner nhận thông báo (type system); trạng thái đổi đúng; mark_paid chỉ đổi trạng thái DB (không chuyển tiền thật).,Trùng TC-ADM2-232 và TC-ADM3-079/080 (route cũ /admin/payouts)
TC-MONEY-132,Vòng đời tiền (audit bước 2),Giao diện: Admin Thanh toán (số dư creator),"Quyết định chưa chốt ảnh hưởng tiền (nhắc chủ dự án): hoa hồng, cửa sổ hoàn tiền, ngưỡng rút, cổng, kick/ban có hoàn tiền không",Chức năng,Thấp,Mở docs/OPEN_DECISIONS.md mục A.,"1. Đọc A1-A5, A8-A10",OPEN_DECISIONS,[PHỤ THUỘC QUYẾT ĐỊNH CHƯA CHỐT] Tất cả số dùng ở nhóm này là giá trị tạm. Lệch tài liệu cần lưu ý: A8 ghi 'khi cộng đồng bị tạm ngưng/xóa: gói không làm gì' nhưng bước 2 đã hủy/ngừng gia hạn; A10 ghi 'cấm không gỡ ghi danh' nhưng code ban() gỡ Enrollment (gỡ cấm trả quyền nếu gói còn hạn). Cần cập nhật OPEN_DECISIONS.,Trùng TC-ADM3-418 (giá trị nghiệp vụ tạm)
TC-MONEY-133,Vòng đời tiền (audit bước 2),Ma trận endpoint tiền x trạng thái cộng đồng/người dùng,Ma trận hành vi tiền khi cộng đồng bị khóa (locked),Chức năng,Cao,"DB dev đã nạp seed (npm run db:reset); mật khẩu mọi tài khoản seed Passw0rd!x; backend :4000 (npm run dev, cổng thanh toán là MockGateway luôn thành công), frontend :5173; cộng đồng catalog dùng trong case: ai ($7), biz ($9), des ($10), write ($12), mkt ($15), yoga ($8, trial), cook ($19, trial), data ($5), py ($7), fin ($5, riêng tư), lead ($10, riêng tư), fit (miễn phí), paid-demo ($19, owner@). Người dùng thử = tài khoản MỚI đăng ký bằng POST /api/auth/register {email,password:Passw0rd!x,firstName,lastName} (tránh làm bẩn tài khoản seed). Token admin: POST /api/auth/login admin@sofinhub.test / Passw0rd!x (Platform Admin, cần PLATFORM_ADMIN_EMAILS=admin@sofinhub.test). Thiết lập trạng thái bằng: POST /api/admin/courses/<id>/lock {reason}.","1. Đưa cộng đồng/người dùng vào trạng thái 'cộng đồng bị khóa (locked)'
2. Gọi/Quan sát: checkout
3. Gọi/Quan sát: trial
4. Gọi/Quan sát: confirm intent pending cũ
5. Gọi/Quan sát: admin retry thanh toán (adminRetryPayment)
6. Gọi/Quan sát: GET revenue (Owner)
7. Gọi/Quan sát: POST payouts (Owner)
8. Gọi/Quan sát: thành viên đọc bài viết/lớp học
9. Gọi/Quan sát: gia hạn bởi scheduler
10. Ghi mã trạng thái + error.code từng bước",cộng đồng bị khóa (locked),Kết quả theo thao tác: checkout -> 403 COMMUNITY_LOCKED; trial -> 403 COMMUNITY_LOCKED; confirm intent pending cũ -> 403 COMMUNITY_LOCKED; admin retry thanh toán (adminRetryPayment) -> 403 COMMUNITY_LOCKED; GET revenue (Owner) -> 403; POST payouts (Owner) -> 403 COMMUNITY_LOCKED; thành viên đọc bài viết/lớp học -> 403 COMMUNITY_LOCKED; gia hạn bởi scheduler -> bỏ qua (không trừ tiền); gói được đặt hủy cuối kỳ khi bị khóa. Không có khoản trừ tiền nào phát sinh trong trạng thái này.,"Ma trận có dòng ""trial"": đường /trial đã bỏ nên trả 404 thay vì 403/404 theo trạng thái cộng đồng/người dùng; các dòng khác (checkout, confirm, gia hạn...) vẫn đúng và được kiểm bằng test tự động tests/money-lifecycle.test.ts."
TC-MONEY-135,Vòng đời tiền (audit bước 2),Ma trận endpoint tiền x trạng thái cộng đồng/người dùng,Ma trận hành vi tiền khi cộng đồng đã xóa mềm (deletedAt),Chức năng,Cao,"DB dev đã nạp seed (npm run db:reset); mật khẩu mọi tài khoản seed Passw0rd!x; backend :4000 (npm run dev, cổng thanh toán là MockGateway luôn thành công), frontend :5173; cộng đồng catalog dùng trong case: ai ($7), biz ($9), des ($10), write ($12), mkt ($15), yoga ($8, trial), cook ($19, trial), data ($5), py ($7), fin ($5, riêng tư), lead ($10, riêng tư), fit (miễn phí), paid-demo ($19, owner@). Người dùng thử = tài khoản MỚI đăng ký bằng POST /api/auth/register {email,password:Passw0rd!x,firstName,lastName} (tránh làm bẩn tài khoản seed). Token admin: POST /api/auth/login admin@sofinhub.test / Passw0rd!x (Platform Admin, cần PLATFORM_ADMIN_EMAILS=admin@sofinhub.test). Thiết lập trạng thái bằng: DELETE /api/courses/<id> (Owner/Platform Admin).","1. Đưa cộng đồng/người dùng vào trạng thái 'cộng đồng đã xóa mềm (deletedAt)'
2. Gọi/Quan sát: checkout / trial
3. Gọi/Quan sát: gia hạn bởi scheduler
4. Ghi mã trạng thái + error.code từng bước",cộng đồng đã xóa mềm (deletedAt),"Kết quả theo thao tác: checkout / trial -> 404; gia hạn bởi scheduler -> lấy ra để KẾT THÚC gói (canceled), không trừ tiền. Không có khoản trừ tiền nào phát sinh trong trạng thái này.","Ma trận có dòng ""trial"": đường /trial đã bỏ nên trả 404 thay vì 403/404 theo trạng thái cộng đồng/người dùng; các dòng khác (checkout, confirm, gia hạn...) vẫn đúng và được kiểm bằng test tự động tests/money-lifecycle.test.ts."
TC-MONEY-136,Vòng đời tiền (audit bước 2),Ma trận endpoint tiền x trạng thái cộng đồng/người dùng,"Ma trận hành vi tiền khi cộng đồng riêng tư, chưa có join request approved",Chức năng,Cao,"DB dev đã nạp seed (npm run db:reset); mật khẩu mọi tài khoản seed Passw0rd!x; backend :4000 (npm run dev, cổng thanh toán là MockGateway luôn thành công), frontend :5173; cộng đồng catalog dùng trong case: ai ($7), biz ($9), des ($10), write ($12), mkt ($15), yoga ($8, trial), cook ($19, trial), data ($5), py ($7), fin ($5, riêng tư), lead ($10, riêng tư), fit (miễn phí), paid-demo ($19, owner@). Người dùng thử = tài khoản MỚI đăng ký bằng POST /api/auth/register {email,password:Passw0rd!x,firstName,lastName} (tránh làm bẩn tài khoản seed). Token admin: POST /api/auth/login admin@sofinhub.test / Passw0rd!x (Platform Admin, cần PLATFORM_ADMIN_EMAILS=admin@sofinhub.test). Thiết lập trạng thái bằng: người dùng mới chưa xin vào.","1. Đưa cộng đồng/người dùng vào trạng thái 'cộng đồng riêng tư, chưa có join request approved'
2. Gọi/Quan sát: checkout
3. Gọi/Quan sát: trial
4. Gọi/Quan sát: accept invite (có phí)
5. Gọi/Quan sát: enroll toggle
6. Ghi mã trạng thái + error.code từng bước","cộng đồng riêng tư, chưa có join request approved",Kết quả theo thao tác: checkout -> 403 JOIN_REQUEST_REQUIRED; trial -> 403 JOIN_REQUEST_REQUIRED; accept invite (có phí) -> 402 PAYMENT_REQUIRED + ghi join request approved; enroll toggle -> 403 JOIN_REQUEST_REQUIRED. Không có khoản trừ tiền nào phát sinh trong trạng thái này.,"Ma trận có dòng ""trial"": đường /trial đã bỏ nên trả 404 thay vì 403/404 theo trạng thái cộng đồng/người dùng; các dòng khác (checkout, confirm, gia hạn...) vẫn đúng và được kiểm bằng test tự động tests/money-lifecycle.test.ts."
TC-MONEY-137,Vòng đời tiền (audit bước 2),Ma trận endpoint tiền x trạng thái cộng đồng/người dùng,Ma trận hành vi tiền khi người dùng bị cấm (CommunityBan),Chức năng,Cao,"DB dev đã nạp seed (npm run db:reset); mật khẩu mọi tài khoản seed Passw0rd!x; backend :4000 (npm run dev, cổng thanh toán là MockGateway luôn thành công), frontend :5173; cộng đồng catalog dùng trong case: ai ($7), biz ($9), des ($10), write ($12), mkt ($15), yoga ($8, trial), cook ($19, trial), data ($5), py ($7), fin ($5, riêng tư), lead ($10, riêng tư), fit (miễn phí), paid-demo ($19, owner@). Người dùng thử = tài khoản MỚI đăng ký bằng POST /api/auth/register {email,password:Passw0rd!x,firstName,lastName} (tránh làm bẩn tài khoản seed). Token admin: POST /api/auth/login admin@sofinhub.test / Passw0rd!x (Platform Admin, cần PLATFORM_ADMIN_EMAILS=admin@sofinhub.test). Thiết lập trạng thái bằng: POST /api/courses/<id>/members/<uid>/ban.","1. Đưa cộng đồng/người dùng vào trạng thái 'người dùng bị cấm (CommunityBan)'
2. Gọi/Quan sát: checkout
3. Gọi/Quan sát: trial
4. Gọi/Quan sát: enroll toggle
5. Gọi/Quan sát: gia hạn bởi scheduler
6. Ghi mã trạng thái + error.code từng bước",người dùng bị cấm (CommunityBan),"Kết quả theo thao tác: checkout -> 403; trial -> 403; enroll toggle -> 403 (bị cấm); gia hạn bởi scheduler -> gói canceled, không trừ tiền. Không có khoản trừ tiền nào phát sinh trong trạng thái này.","Ma trận có dòng ""trial"": đường /trial đã bỏ nên trả 404 thay vì 403/404 theo trạng thái cộng đồng/người dùng; các dòng khác (checkout, confirm, gia hạn...) vẫn đúng và được kiểm bằng test tự động tests/money-lifecycle.test.ts."
TC-MONEY-138,Vòng đời tiền (audit bước 2),Đua nhau & vòng đời gói bổ sung,"Confirm và webhook payment.succeeded cùng lúc cho 1 intent: một hóa đơn, một gói",Chức năng,Cao,"DB dev đã nạp seed (npm run db:reset); mật khẩu mọi tài khoản seed Passw0rd!x; backend :4000 (npm run dev, cổng thanh toán là MockGateway luôn thành công), frontend :5173; cộng đồng catalog dùng trong case: ai ($7), biz ($9), des ($10), write ($12), mkt ($15), yoga ($8, trial), cook ($19, trial), data ($5), py ($7), fin ($5, riêng tư), lead ($10, riêng tư), fit (miễn phí), paid-demo ($19, owner@). Người dùng thử = tài khoản MỚI đăng ký bằng POST /api/auth/register {email,password:Passw0rd!x,firstName,lastName} (tránh làm bẩn tài khoản seed). Ký webhook: PAYMENT_WEBHOOK_SECRET (dev: dev-webhook-secret-change-me). Header x-sofin-signature: t=<unix giây>,v1=<hex HMAC-SHA256 của ""t.rawBody"">; gửi đúng raw body (không thêm/bớt khoảng trắng). Mẫu Node: const t=Math.floor(Date.now()/1000);const v1=crypto.createHmac('sha256',secret).update(`${t}.${raw}`).digest('hex'). Tạo intent pending bằng POST /api/courses/<id>/checkout (không confirm).","1. U checkout 'ai' -> P
2. Cùng lúc: POST /api/payments/<P>/confirm và POST /api/payments/webhook payment.succeeded (paymentId=P)
3. SQL: đếm Payment succeeded, Subscription, hóa đơn",confirm ∥ webhook,Payment succeeded = 1; invoiceNumber 1; Subscription 1. Một trong hai có thể thấy 'đã xử lý' (409 hoặc duplicate) nhưng KHÔNG ném 500.,"Confirm không còn cấp quyền nên ""confirm và webhook payment.succeeded cùng lúc"" không còn; nay webhook và cron quét song song cùng giao dịch - thay bằng TC-BANK-025"
TC-MONEY-140,Vòng đời tiền (audit bước 2),Đua nhau & vòng đời gói bổ sung,"Confirm sau khi người dùng bị cấm: 403, không trừ tiền",Bảo mật,Cao,"DB dev đã nạp seed (npm run db:reset); mật khẩu mọi tài khoản seed Passw0rd!x; backend :4000 (npm run dev, cổng thanh toán là MockGateway luôn thành công), frontend :5173; cộng đồng catalog dùng trong case: ai ($7), biz ($9), des ($10), write ($12), mkt ($15), yoga ($8, trial), cook ($19, trial), data ($5), py ($7), fin ($5, riêng tư), lead ($10, riêng tư), fit (miễn phí), paid-demo ($19, owner@). Người dùng thử = tài khoản MỚI đăng ký bằng POST /api/auth/register {email,password:Passw0rd!x,firstName,lastName} (tránh làm bẩn tài khoản seed). Token admin: POST /api/auth/login admin@sofinhub.test / Passw0rd!x (Platform Admin, cần PLATFORM_ADMIN_EMAILS=admin@sofinhub.test).","1. U checkout 'biz' (chưa confirm)
2. admin@ ban U ở 'biz'
3. U POST /api/payments/<P>/confirm",ban giữa chừng,"403 (bị cấm); Payment vẫn pending, không có charge.",Confirm không kiểm tra cấm và không trừ/cấp gì (chỉ đọc trạng thái phiên của chính chủ); ban sau khi checkout được xử lý ở bước settle khi tiền về - xem TC-BANK-011
TC-MONEY-142,Vòng đời tiền (audit bước 2),Đua nhau & vòng đời gói bổ sung,Dùng thử chỉ 1 lần/user/cộng đồng; trial lần hai -> 409; user đã có gói -> 409,Chức năng,Trung bình,"DB dev đã nạp seed (npm run db:reset); mật khẩu mọi tài khoản seed Passw0rd!x; backend :4000 (npm run dev, cổng thanh toán là MockGateway luôn thành công), frontend :5173; cộng đồng catalog dùng trong case: ai ($7), biz ($9), des ($10), write ($12), mkt ($15), yoga ($8, trial), cook ($19, trial), data ($5), py ($7), fin ($5, riêng tư), lead ($10, riêng tư), fit (miễn phí), paid-demo ($19, owner@). Người dùng thử = tài khoản MỚI đăng ký bằng POST /api/auth/register {email,password:Passw0rd!x,firstName,lastName} (tránh làm bẩn tài khoản seed).","1. U POST /api/courses/yoga/trial -> 201
2. U hủy gói rồi POST trial lần nữa
3. U khác đã mua gói gọi trial",trial,Lần hai 409 (đã dùng thử); người đã có gói/đã tham gia 409; cộng đồng miễn phí 400.,"Không còn dùng thử miễn phí của thành viên (bỏ 2026-10-14): POST /courses/:id/trial và POST /communities/:id/trial trả 404 nên các bước bắt đầu dùng thử / kết quả 201, 409, 400, 403 của đường này không còn đúng - thay bằng TC-BANK-050."
TC-MONEY-146,Vòng đời tiền (audit bước 2),Đua nhau & vòng đời gói bổ sung,Nhật ký admin ghi hành động hoàn tiền/chi trả (Audit log),Chức năng,Thấp,"DB dev đã nạp seed (npm run db:reset); mật khẩu mọi tài khoản seed Passw0rd!x; backend :4000 (npm run dev, cổng thanh toán là MockGateway luôn thành công), frontend :5173; cộng đồng catalog dùng trong case: ai ($7), biz ($9), des ($10), write ($12), mkt ($15), yoga ($8, trial), cook ($19, trial), data ($5), py ($7), fin ($5, riêng tư), lead ($10, riêng tư), fit (miễn phí), paid-demo ($19, owner@). Token admin: POST /api/auth/login admin@sofinhub.test / Passw0rd!x (Platform Admin, cần PLATFORM_ADMIN_EMAILS=admin@sofinhub.test).","1. Thực hiện 1 hoàn tiền và 1 mark_paid ở case trước
2. Mở /admin/system/audit (hoặc /admin/audit-logs) lọc theo hành động",audit,Có dòng refund.approve / payout.* kèm actor admin và IP; hiển thị theo bản dịch nhãn (một số mã chưa dịch - OPEN_DECISIONS B14).,Trùng TC-ADM-260/TC-ADM2-188 (audit hoàn tiền/chi trả)
TC-MONEY-150,Vòng đời tiền (audit bước 2),Đua nhau & vòng đời gói bổ sung,Quy trình reset dữ liệu tiền sau khi test (nhắc),Chức năng,Thấp,Sau khi chạy các case MUTATE của nhóm MONEY.,"1. Đặt lại Cài đặt chung (Reset)
2. Chạy npm run db:reset
3. Khởi động lại backend (xóa cache cấu hình, hàng đợi thông báo)",dọn dẹp,"DB trở lại seed; Cài đặt chung về mặc định env (7 ngày, 7 ngày, 10%, $50).",Không phải kiểm thử (nhắc quy trình reset); đã có ở tiền điều kiện MUTATE
TC-MONEY-162,Vòng đời tiền (audit bước 2),"Bổ sung: cửa sổ hoàn tiền, payout, số dư","Thanh toán lỗi do cổng từ chối (MockGateway failFor) -> 402, Payment 'failed' (unit test)",Tích hợp,Trung bình,Cài backend; tests/payments.test.ts.,1. Chạy test về thẻ bị từ chối (failFor) trong tests/payments.test.ts,failFor,Pass: confirm trả 402; Payment failed + failureReason; không có Subscription/Enrollment.,"MockGateway failFor (thẻ bị từ chối -> confirm 402 PAYMENT_FAILED) không còn; tình huống tương đương là chuyển thiếu tiền (không cấp, giữ pending) - thay bằng TC-BANK-018"
TC-GAME-037,Điểm thưởng & chính sách (audit bước 3),Cộng đồng bị khóa: requireRole chặn owner/admin/mod (audit 6.2),Locked: owner KHÔNG xóa được cộng đồng/đổi mô tả để xóa dấu vết (kịch bản lừa đảo của audit),Bảo mật,Cao,"DB dev đã nạp seed (npm run db:reset); mật khẩu mọi tài khoản seed Passw0rd!x; backend :4000 (npm run dev), frontend :5173. LƯU Ý: ở dev rate limit đang BẬT (đăng bài 10/phút/user, bình luận 30, like 60, RSVP 30, bình chọn 60; toàn cục 1200/phút/IP) - đặt RATE_LIMIT_DISABLED=1 trong backend/.env khi cần chạy vòng lặp nhiều lần và khởi động lại backend. Cộng đồng thử: Owner mới tạo bằng POST /api/communities {""title"":""Nhóm sẽ bị khóa"",""description"":""mô tả"",""category"":""tech"",""priceUsd"":5,""visibility"":""public""} -> id; thêm mod (SQL/UI đặt vai trò) và 1 thành viên; admin@ khóa: POST /api/admin/courses/<id>/lock {""reason"":""lừa đảo""}.","1. Owner thử DELETE /api/courses/<id> và PATCH đổi tên/mô tả
2. SQL: SELECT ""deletedAt"",title FROM ""Course"" WHERE id='<id>'",owner bị khóa,Cả hai 403; deletedAt vẫn NULL; tên/mô tả giữ nguyên.,Kịch bản lặp lại TC-GAME-021/022/028/033 (locked: sửa/xóa/chuyển quyền/rút tiền)
TC-GAME-038,Điểm thưởng & chính sách (audit bước 3),Cộng đồng bị khóa: requireRole chặn owner/admin/mod (audit 6.2),Locked: owner KHÔNG chuyển quyền sang tài khoản phụ và KHÔNG rút tiền,Bảo mật,Cao,"DB dev đã nạp seed (npm run db:reset); mật khẩu mọi tài khoản seed Passw0rd!x; backend :4000 (npm run dev), frontend :5173. LƯU Ý: ở dev rate limit đang BẬT (đăng bài 10/phút/user, bình luận 30, like 60, RSVP 30, bình chọn 60; toàn cục 1200/phút/IP) - đặt RATE_LIMIT_DISABLED=1 trong backend/.env khi cần chạy vòng lặp nhiều lần và khởi động lại backend. Cộng đồng thử: Owner mới tạo bằng POST /api/communities {""title"":""Nhóm sẽ bị khóa"",""description"":""mô tả"",""category"":""tech"",""priceUsd"":5,""visibility"":""public""} -> id; thêm mod (SQL/UI đặt vai trò) và 1 thành viên; admin@ khóa: POST /api/admin/courses/<id>/lock {""reason"":""lừa đảo""}.","1. Owner POST transfer-ownership {userId: tài khoản phụ}
2. Owner POST /api/courses/<id>/payouts {amountCents:1000, method:{type:'bank',...}}",chuyển quyền + payout,Cả hai 403; Course.ownerId không đổi; không có Payout mới.,Kịch bản lặp lại TC-GAME-021/022/028/033 (locked: sửa/xóa/chuyển quyền/rút tiền)
TC-INFRA-006,Hạ tầng vận hành (audit bước 5 + 7),CI GitHub Actions + lint + coverage (audit bước 5),Typecheck backend + frontend sạch ở máy dev (npm run typecheck ở gốc),Chức năng,Cao,"DB dev đã nạp seed (npm run db:reset); mật khẩu mọi tài khoản seed Passw0rd!x; Postgres :5435 (npm run db:up). backend :4000 (npm run dev), frontend :5173. Đã npm ci ở gốc, backend, frontend.","1. Ở gốc repo: npm run typecheck
2. Đọc kết quả hai phần (backend: tsc --noEmit && tsc -p tsconfig.tools.json; frontend: tsc)",typecheck,Thoát mã 0 cả hai; không lỗi TypeScript. (backend typecheck gồm cả tsconfig.tools.json cho script/seed.),Trùng TC-INFRA-003 (bước typecheck CI)
TC-INFRA-008,Hạ tầng vận hành (audit bước 5 + 7),CI GitHub Actions + lint + coverage (audit bước 5),Lint bắt lỗi mới: thêm biến dùng sai/hook sai làm 'error' hoặc warning theo luật,Chức năng,Trung bình,"DB dev đã nạp seed (npm run db:reset); mật khẩu mọi tài khoản seed Passw0rd!x; Postgres :5435 (npm run db:up). backend :4000 (npm run dev), frontend :5173.","1. Thêm tạm vào 1 file backend: var x = 1; (var thay vì const) hoặc 1 lệnh gọi hook có điều kiện ở file .tsx
2. Chạy npm run lint
3. Hoàn tác",lỗi cố ý,Lint báo đúng file/dòng (no-var là error theo js.configs.recommended; react-hooks/rules-of-hooks là error). CI sẽ đỏ nếu có error.,Không phải kiểm thử sản phẩm (cố ý phá lint/build/test để thử CI) - thuộc nhóm dev
TC-INFRA-010,Hạ tầng vận hành (audit bước 5 + 7),CI GitHub Actions + lint + coverage (audit bước 5),"npm test (backend) toàn bộ xanh trên Postgres thật, mỗi file một schema tạm",Chức năng,Cao,"DB dev đã nạp seed (npm run db:reset); mật khẩu mọi tài khoản seed Passw0rd!x; Postgres :5435 (npm run db:up). backend :4000 (npm run dev), frontend :5173.","1. cd backend
2. npm test
3. Đọc tổng kết (pass/fail/skipped)",node --test tests/*.test.ts,"0 fail, 0 skipped (test Redis được ghi 'bỏ qua adapter redis' khi chưa đặt REDIS_URL - không tính skipped lỗi); tệp mới của đợt audit: security-hardening, money-lifecycle, points-policy, shared-state, scheduler, lifecycle, notifications-durability, perf-sql, query-count, communities-courses, search.",Trùng TC-INFRA-003/TC-MONEY-163 (npm test xanh)
TC-INFRA-011,Hạ tầng vận hành (audit bước 5 + 7),CI GitHub Actions + lint + coverage (audit bước 5),Phá build có chủ đích: lỗi type -> typecheck đỏ ở CI,Tích hợp,Thấp,Repo đã đẩy lên GitHub có Actions bật; xem tab Actions của workflow 'CI' (file .github/workflows/ci.yml). Nhánh thử riêng.,"1. Tạo nhánh, đặt const a: number = 'x' ở 1 file backend, push
2. Xem Actions",lỗi type,Job Backend đỏ ở bước Typecheck (các bước sau không chạy); sửa xong push lại thì xanh.,Không phải kiểm thử sản phẩm (cố ý phá lint/build/test để thử CI) - thuộc nhóm dev
TC-INFRA-012,Hạ tầng vận hành (audit bước 5 + 7),CI GitHub Actions + lint + coverage (audit bước 5),Phá test có chủ đích: 1 test fail -> bước Test đỏ,Tích hợp,Thấp,Repo đã đẩy lên GitHub có Actions bật; xem tab Actions của workflow 'CI' (file .github/workflows/ci.yml). Nhánh thử riêng.,"1. Đổi 1 assert trong tests/search.test.ts thành sai, push
2. Xem Actions",test fail,"Bước Test đỏ, job Backend fail; CI không build image.",Không phải kiểm thử sản phẩm (cố ý phá lint/build/test để thử CI) - thuộc nhóm dev
TC-INFRA-046,Hạ tầng vận hành (audit bước 5 + 7),Adapter state chia sẻ: memory vs Redis (audit 6.5),Vé upload: unit consumeTicket chỉ lần đầu thành công kể cả 3 lần gọi song song,Bảo mật,Cao,"DB dev đã nạp seed (npm run db:reset); mật khẩu mọi tài khoản seed Passw0rd!x; Postgres :5435 (npm run db:up). backend :4000 (npm run dev), frontend :5173.",1. Chạy test 'consumeTicket: chỉ lần dùng đầu thành công' trong shared-state.test.ts,consumeTicket,Pass: 1 true / 3 lần; lần sau false; vé hết hạn -> reason 'expired'; vé sai chữ ký -> 'invalid'.,Biến thể unit trùng TC-INFRA-045/TC-SECX-104
TC-INFRA-050,Hạ tầng vận hành (audit bước 5 + 7),Adapter state chia sẻ: memory vs Redis (audit 6.5),Mail outbox/provider vẫn in-memory (chỉ dev); production = log-only + cảnh báo khởi động,Chức năng,Thấp,Đọc backend/src/modules/mail/mail.service.ts và PLAN STEP 7.,"1. Khởi động ở production, đọc log cảnh báo mail",mail,"Production: provider log-only, có cảnh báo khi khởi động; outbox in-memory chỉ cho dev/test. Chưa nối SES/SMTP (setMailProvider).",Trùng TC-SECX-015 (email production log-only)
TC-INFRA-070,Hạ tầng vận hành (audit bước 5 + 7),Scheduler + leader election bằng Postgres advisory lock (audit 6.5),Gói free 'ngủ': job không chạy khi không có process nào thức (ghi chú vận hành),Chức năng,Thấp,Đọc DEPLOY.md 1.7 dòng cuối phần job nền.,1. Đọc câu 'Gói free ngủ thì job không chạy',Render free,Tài liệu nêu rõ cần ít nhất 1 process luôn thức (worker/web trả phí) để gia hạn/nhắc lịch chạy đúng giờ.,Không phải kiểm thử (ghi chú vận hành gói free)
TC-INFRA-093,Hạ tầng vận hành (audit bước 5 + 7),"Migration, seed, khởi động","Coverage: các module mới của đợt audit (infra, config, lifecycle) có phủ test",Hiệu năng,Thấp,"DB dev đã nạp seed (npm run db:reset); mật khẩu mọi tài khoản seed Passw0rd!x; Postgres :5435 (npm run db:up). backend :4000 (npm run dev), frontend :5173. Đã chạy npm run test:coverage.","1. Mở backend/coverage/lcov-report
2. Xem phần trăm của src/infra, src/config, src/lifecycle.ts, src/jobs.ts, modules/search, modules/payments",coverage,"Các file hạ tầng mới có phần trăm dòng/hàm đáng kể (đo bằng c8, --all); ghi nhận phần chưa phủ (vd worker.ts, index.ts là entrypoint).",Trùng TC-INFRA-009 (script coverage)
TC-PERF-026,Tìm kiếm & hiệu năng (audit bước 8),Tìm kiếm: xếp hạng và phân trang trong SQL,page tối đa MAX_PAGE=1000 cho tìm kiếm (1001 -> 400),Bảo mật,Trung bình,"DB dev đã nạp seed (npm run db:reset, gồm migration search_fulltext + fk_indexes; extension pg_trgm); mật khẩu mọi tài khoản seed Passw0rd!x; backend :4000 (npm run dev), frontend :5173. Rate limit tìm kiếm 40 yêu cầu/phút/user nên khi chạy nhiều lần liên tiếp hãy giãn thời gian. Lấy token: POST /api/auth/login {""email"":""member1@sofinhub.test"",""password"":""Passw0rd!x""}.","1. GET /api/search?q=anh&page=1000
2. GET /api/search?q=anh&page=1001",page cap,page=1000: 200 (rỗng); 1001: 400.,Trùng TC-GAME-079 (trần page tìm kiếm)
TC-PERF-053,Tìm kiếm & hiệu năng (audit bước 8),Số truy vấn SQL trước/sau (query-count),Mở 1 bài học: không có truy vấn nào nạp body của nhiều bài (đo bằng log SQL),Hiệu năng,Cao,"DB dev đã nạp seed (npm run db:reset, gồm migration search_fulltext + fk_indexes; extension pg_trgm); mật khẩu mọi tài khoản seed Passw0rd!x; backend :4000 (npm run dev), frontend :5173. Rate limit tìm kiếm 40 yêu cầu/phút/user nên khi chạy nhiều lần liên tiếp hãy giãn thời gian. SQL: docker exec -it sofinhub-postgres psql -U sofinhub -d sofinhub (bảng Prisma 'Course' = cộng đồng, cột cộng đồng của mọi bảng là ""courseId""; 'LearningCourse' = khóa học). Lấy token: POST /api/auth/login {""email"":""member1@sofinhub.test"",""password"":""Passw0rd!x""}.","1. ALTER DATABASE sofinhub SET log_statement='all'; kết nối lại
2. GET /api/courses/photo/lessons/les-photo-1-1 (Bearer member1)
3. docker logs sofinhub-postgres | tìm SELECT trên ""ClassroomLesson""
4. ALTER DATABASE sofinhub RESET log_statement",photo bài 1.1,"Chỉ 1 truy vấn lấy cột body (WHERE id = ...); các truy vấn khác (module, prev/next, tiến độ) không lấy cột body. Tổng truy vấn nghiệp vụ ≈ 8 (+2 auth).",Trùng TC-PERF-050 (0 truy vấn SELECT body khi mở bài học)
TC-PERF-057,Tìm kiếm & hiệu năng (audit bước 8),Index khóa ngoại + index Post + extension pg_trgm,"15 cột FK audit nêu đều có index: Certificate.courseId, CommunityBan.userId/bannedById, CommunityEvent.hostId, Invite.createdById, JoinRequest.decidedById, Notification.courseId, PollVote.userId, PostLikeNotice.userId, RefundRequest.userId/resolvedById, Report.targetUserId/resolvedById, Review.userId, Upload.courseId",Hiệu năng,Cao,"DB dev đã nạp seed (npm run db:reset, gồm migration search_fulltext + fk_indexes; extension pg_trgm); mật khẩu mọi tài khoản seed Passw0rd!x; backend :4000 (npm run dev), frontend :5173. Rate limit tìm kiếm 40 yêu cầu/phút/user nên khi chạy nhiều lần liên tiếp hãy giãn thời gian. SQL: docker exec -it sofinhub-postgres psql -U sofinhub -d sofinhub (bảng Prisma 'Course' = cộng đồng, cột cộng đồng của mọi bảng là ""courseId""; 'LearningCourse' = khóa học).","1. Với mỗi bảng: \d ""<Bảng>"" hoặc SELECT indexdef FROM pg_indexes WHERE tablename='<Bảng>'
2. Kiểm tra index chứa cột FK ở vị trí đầu (migration 20261005100100_fk_indexes)",15 FK,Tất cả có index; DELETE trên User/Course không còn seq-scan từng bảng để cascade. (docs: 18 index FK + index Post.),Tập con TC-PERF-056 (mọi FK có index)
TC-PERF-073,Tìm kiếm & hiệu năng (audit bước 8),"Phân trang keyset: hội thoại, bảng tin, bình luận",Feed: ?page vượt 1000 -> 400 (không quét offset khổng lồ),Bảo mật,Trung bình,"DB dev đã nạp seed (npm run db:reset, gồm migration search_fulltext + fk_indexes; extension pg_trgm); mật khẩu mọi tài khoản seed Passw0rd!x; backend :4000 (npm run dev), frontend :5173. Rate limit tìm kiếm 40 yêu cầu/phút/user nên khi chạy nhiều lần liên tiếp hãy giãn thời gian. Người dùng thử = tài khoản MỚI đăng ký (POST /api/auth/register) rồi tham gia cộng đồng cần thiết bằng POST /api/courses/<id>/enroll. U tham gia 'photo' (hoặc cộng đồng tự tạo) với 12 bài + 1 bài ghim. SQL: docker exec -it sofinhub-postgres psql -U sofinhub -d sofinhub (bảng Prisma 'Course' = cộng đồng, cột cộng đồng của mọi bảng là ""courseId""; 'LearningCourse' = khóa học).","1. GET ...posts?page=1000000
2. GET ...posts?page=1000",page cap,1000000: 400; 1000: 200.,Trùng TC-GAME-077 (feed ?page > 1000)
TC-PERF-081,Tìm kiếm & hiệu năng (audit bước 8),"Thông báo theo lô, lớp học, /me/enrollments",Xin vào cộng đồng riêng tư: chỉ owner/admin THẬT được báo (lọc trong SQL; mod/thành viên/admin demo thì không),Chức năng,Cao,"DB dev đã nạp seed (npm run db:reset, gồm migration search_fulltext + fk_indexes; extension pg_trgm); mật khẩu mọi tài khoản seed Passw0rd!x; backend :4000 (npm run dev), frontend :5173. Rate limit tìm kiếm 40 yêu cầu/phút/user nên khi chạy nhiều lần liên tiếp hãy giãn thời gian. Người dùng thử = tài khoản MỚI đăng ký (POST /api/auth/register) rồi tham gia cộng đồng cần thiết bằng POST /api/courses/<id>/enroll. Cộng đồng private do Owner mới tạo; thêm admin thật, mod, 1 admin minh họa (isDemo) bằng SQL.","1. User xin vào: POST /api/courses/<id>/join-requests {message:'cho em vào'}
2. Đợi flush; SQL: SELECT ""userId"" FROM ""Notification"" WHERE ""courseId""='<id>'",private,"Chỉ owner và admin thật có thông báo (không mod, không demo). Không nạp toàn bộ thành viên (nhóm 50k thành viên không kéo 50k dòng).",Trùng TC-GAME-056 (thông báo xin vào chỉ tới owner/admin thật)
TC-SPLIT-016,Cộng đồng & Khóa học (audit bước 6 + 4),Route /communities/* mirror + /courses/* tương đương,Mirror (detail cộng đồng): GET /api/courses/photo ≡ GET /api/communities/photo,Chức năng,Trung bình,"DB dev đã nạp seed (npm run db:reset, gồm migration community_course_split); mật khẩu mọi tài khoản seed Passw0rd!x; backend :4000 (npm run dev), frontend :5173; xem sheet 'Tài khoản & dữ liệu test' mục khóa học/chứng nhận. Lấy token: POST /api/auth/login {""email"":""member1@sofinhub.test"",""password"":""Passw0rd!x""}. member1 là thành viên photo.","1. GET /api/courses/photo bằng member1
2. GET /api/communities/photo bằng member1
3. So sánh status và body",photo,Cùng mã trạng thái (< 500) và JSON giống hệt từng byte (cùng handler); lỗi cũng giống nhau cho người ngoài.,Mirror /communities ≡ /courses lặp: cùng communityAlias (backend/src/middlewares/community-alias.ts); giữ 013/014/017/020/026 đại diện
TC-SPLIT-018,Cộng đồng & Khóa học (audit bước 6 + 4),Route /communities/* mirror + /courses/* tương đương,Mirror /progress: GET /api/courses/photo/progress ≡ GET /api/communities/photo/progress,Chức năng,Trung bình,"DB dev đã nạp seed (npm run db:reset, gồm migration community_course_split); mật khẩu mọi tài khoản seed Passw0rd!x; backend :4000 (npm run dev), frontend :5173; xem sheet 'Tài khoản & dữ liệu test' mục khóa học/chứng nhận. Lấy token: POST /api/auth/login {""email"":""member1@sofinhub.test"",""password"":""Passw0rd!x""}. member1 là thành viên photo.","1. GET /api/courses/photo/progress bằng member1
2. GET /api/communities/photo/progress bằng member1
3. So sánh status và body",photo/progress,Cùng mã trạng thái (< 500) và JSON giống hệt từng byte (cùng handler); lỗi cũng giống nhau cho người ngoài.,Mirror /communities ≡ /courses lặp: cùng communityAlias (backend/src/middlewares/community-alias.ts); giữ 013/014/017/020/026 đại diện
TC-SPLIT-019,Cộng đồng & Khóa học (audit bước 6 + 4),Route /communities/* mirror + /courses/* tương đương,Mirror /classroom-settings: GET /api/courses/photo/classroom-settings ≡ GET /api/communities/photo/classroom-settings,Chức năng,Trung bình,"DB dev đã nạp seed (npm run db:reset, gồm migration community_course_split); mật khẩu mọi tài khoản seed Passw0rd!x; backend :4000 (npm run dev), frontend :5173; xem sheet 'Tài khoản & dữ liệu test' mục khóa học/chứng nhận. Lấy token: POST /api/auth/login {""email"":""member1@sofinhub.test"",""password"":""Passw0rd!x""}. member1 là thành viên photo.","1. GET /api/courses/photo/classroom-settings bằng member1
2. GET /api/communities/photo/classroom-settings bằng member1
3. So sánh status và body",photo/classroom-settings,Cùng mã trạng thái (< 500) và JSON giống hệt từng byte (cùng handler); lỗi cũng giống nhau cho người ngoài.,Mirror /communities ≡ /courses lặp: cùng communityAlias (backend/src/middlewares/community-alias.ts); giữ 013/014/017/020/026 đại diện
TC-SPLIT-021,Cộng đồng & Khóa học (audit bước 6 + 4),Route /communities/* mirror + /courses/* tương đương,Mirror /events: GET /api/courses/photo/events ≡ GET /api/communities/photo/events,Chức năng,Trung bình,"DB dev đã nạp seed (npm run db:reset, gồm migration community_course_split); mật khẩu mọi tài khoản seed Passw0rd!x; backend :4000 (npm run dev), frontend :5173; xem sheet 'Tài khoản & dữ liệu test' mục khóa học/chứng nhận. Lấy token: POST /api/auth/login {""email"":""member1@sofinhub.test"",""password"":""Passw0rd!x""}. member1 là thành viên photo.","1. GET /api/courses/photo/events bằng member1
2. GET /api/communities/photo/events bằng member1
3. So sánh status và body",photo/events,Cùng mã trạng thái (< 500) và JSON giống hệt từng byte (cùng handler); lỗi cũng giống nhau cho người ngoài.,Mirror /communities ≡ /courses lặp: cùng communityAlias (backend/src/middlewares/community-alias.ts); giữ 013/014/017/020/026 đại diện
TC-SPLIT-022,Cộng đồng & Khóa học (audit bước 6 + 4),Route /communities/* mirror + /courses/* tương đương,Mirror /reviews: GET /api/courses/photo/reviews ≡ GET /api/communities/photo/reviews,Chức năng,Trung bình,"DB dev đã nạp seed (npm run db:reset, gồm migration community_course_split); mật khẩu mọi tài khoản seed Passw0rd!x; backend :4000 (npm run dev), frontend :5173; xem sheet 'Tài khoản & dữ liệu test' mục khóa học/chứng nhận. Lấy token: POST /api/auth/login {""email"":""member1@sofinhub.test"",""password"":""Passw0rd!x""}. member1 là thành viên photo.","1. GET /api/courses/photo/reviews bằng member1
2. GET /api/communities/photo/reviews bằng member1
3. So sánh status và body",photo/reviews,Cùng mã trạng thái (< 500) và JSON giống hệt từng byte (cùng handler); lỗi cũng giống nhau cho người ngoài.,Mirror /communities ≡ /courses lặp: cùng communityAlias (backend/src/middlewares/community-alias.ts); giữ 013/014/017/020/026 đại diện
TC-SPLIT-023,Cộng đồng & Khóa học (audit bước 6 + 4),Route /communities/* mirror + /courses/* tương đương,Mirror /leaderboard: GET /api/courses/photo/leaderboard ≡ GET /api/communities/photo/leaderboard,Chức năng,Trung bình,"DB dev đã nạp seed (npm run db:reset, gồm migration community_course_split); mật khẩu mọi tài khoản seed Passw0rd!x; backend :4000 (npm run dev), frontend :5173; xem sheet 'Tài khoản & dữ liệu test' mục khóa học/chứng nhận. Lấy token: POST /api/auth/login {""email"":""member1@sofinhub.test"",""password"":""Passw0rd!x""}. member1 là thành viên photo.","1. GET /api/courses/photo/leaderboard bằng member1
2. GET /api/communities/photo/leaderboard bằng member1
3. So sánh status và body",photo/leaderboard,Cùng mã trạng thái (< 500) và JSON giống hệt từng byte (cùng handler); lỗi cũng giống nhau cho người ngoài.,Mirror /communities ≡ /courses lặp: cùng communityAlias (backend/src/middlewares/community-alias.ts); giữ 013/014/017/020/026 đại diện
TC-SPLIT-024,Cộng đồng & Khóa học (audit bước 6 + 4),Route /communities/* mirror + /courses/* tương đương,Mirror /members: GET /api/courses/photo/members ≡ GET /api/communities/photo/members,Chức năng,Trung bình,"DB dev đã nạp seed (npm run db:reset, gồm migration community_course_split); mật khẩu mọi tài khoản seed Passw0rd!x; backend :4000 (npm run dev), frontend :5173; xem sheet 'Tài khoản & dữ liệu test' mục khóa học/chứng nhận. Lấy token: POST /api/auth/login {""email"":""member1@sofinhub.test"",""password"":""Passw0rd!x""}. member1 là thành viên photo.","1. GET /api/courses/photo/members bằng member1
2. GET /api/communities/photo/members bằng member1
3. So sánh status và body",photo/members,Cùng mã trạng thái (< 500) và JSON giống hệt từng byte (cùng handler); lỗi cũng giống nhau cho người ngoài.,Mirror /communities ≡ /courses lặp: cùng communityAlias (backend/src/middlewares/community-alias.ts); giữ 013/014/017/020/026 đại diện
TC-SPLIT-025,Cộng đồng & Khóa học (audit bước 6 + 4),Route /communities/* mirror + /courses/* tương đương,Mirror /levels: GET /api/courses/photo/levels ≡ GET /api/communities/photo/levels,Chức năng,Trung bình,"DB dev đã nạp seed (npm run db:reset, gồm migration community_course_split); mật khẩu mọi tài khoản seed Passw0rd!x; backend :4000 (npm run dev), frontend :5173; xem sheet 'Tài khoản & dữ liệu test' mục khóa học/chứng nhận. Lấy token: POST /api/auth/login {""email"":""member1@sofinhub.test"",""password"":""Passw0rd!x""}. member1 là thành viên photo.","1. GET /api/courses/photo/levels bằng member1
2. GET /api/communities/photo/levels bằng member1
3. So sánh status và body",photo/levels,Cùng mã trạng thái (< 500) và JSON giống hệt từng byte (cùng handler); lỗi cũng giống nhau cho người ngoài.,Mirror /communities ≡ /courses lặp: cùng communityAlias (backend/src/middlewares/community-alias.ts); giữ 013/014/017/020/026 đại diện
TC-SPLIT-035,Cộng đồng & Khóa học (audit bước 6 + 4),Chuyển hướng FE /courses/* -> /communities/*,"Mở /courses/photo/checkout -> chuyển (replace) sang /communities/photo/checkout, giữ query + hash",Giao diện,Cao,"DB dev đã nạp seed (npm run db:reset, gồm migration community_course_split); mật khẩu mọi tài khoản seed Passw0rd!x; backend :4000 (npm run dev), frontend :5173; xem sheet 'Tài khoản & dữ liệu test' mục khóa học/chứng nhận. Đăng nhập member1@ (owner@ cho trang doanh thu/cài đặt) trên FE.","1. Gõ http://localhost:5173/courses/photo/checkout
2. Quan sát thanh địa chỉ và lịch sử (nút Back)",/courses/photo/checkout,"URL đổi thành /communities/photo/checkout (Navigate replace nên Back không quay lại URL cũ); trang hiển thị đúng; không 404, không nháy trang trắng.",Redirect FE lặp: cùng LegacyCourseRedirect.tsx (App.tsx:57-58); giữ 033/034
TC-SPLIT-036,Cộng đồng & Khóa học (audit bước 6 + 4),Chuyển hướng FE /courses/* -> /communities/*,"Mở /courses/photo/community/lop-hoc/les-photo-1-1 -> chuyển (replace) sang /communities/photo/community/lop-hoc/les-photo-1-1, giữ query + hash",Giao diện,Cao,"DB dev đã nạp seed (npm run db:reset, gồm migration community_course_split); mật khẩu mọi tài khoản seed Passw0rd!x; backend :4000 (npm run dev), frontend :5173; xem sheet 'Tài khoản & dữ liệu test' mục khóa học/chứng nhận. Đăng nhập member1@ (owner@ cho trang doanh thu/cài đặt) trên FE.","1. Gõ http://localhost:5173/courses/photo/community/lop-hoc/les-photo-1-1
2. Quan sát thanh địa chỉ và lịch sử (nút Back)",/courses/photo/community/lop-hoc/les-photo-1-1,"URL đổi thành /communities/photo/community/lop-hoc/les-photo-1-1 (Navigate replace nên Back không quay lại URL cũ); trang hiển thị đúng; không 404, không nháy trang trắng.",Redirect FE lặp: cùng LegacyCourseRedirect.tsx (App.tsx:57-58); giữ 033/034
TC-SPLIT-037,Cộng đồng & Khóa học (audit bước 6 + 4),Chuyển hướng FE /courses/* -> /communities/*,"Mở /courses/paid-demo/revenue-dashboard -> chuyển (replace) sang /communities/paid-demo/revenue-dashboard, giữ query + hash",Giao diện,Cao,"DB dev đã nạp seed (npm run db:reset, gồm migration community_course_split); mật khẩu mọi tài khoản seed Passw0rd!x; backend :4000 (npm run dev), frontend :5173; xem sheet 'Tài khoản & dữ liệu test' mục khóa học/chứng nhận. Đăng nhập member1@ (owner@ cho trang doanh thu/cài đặt) trên FE.","1. Gõ http://localhost:5173/courses/paid-demo/revenue-dashboard
2. Quan sát thanh địa chỉ và lịch sử (nút Back)",/courses/paid-demo/revenue-dashboard,"URL đổi thành /communities/paid-demo/revenue-dashboard (Navigate replace nên Back không quay lại URL cũ); trang hiển thị đúng; không 404, không nháy trang trắng.",Redirect FE lặp: cùng LegacyCourseRedirect.tsx (App.tsx:57-58); giữ 033/034
TC-SPLIT-038,Cộng đồng & Khóa học (audit bước 6 + 4),Chuyển hướng FE /courses/* -> /communities/*,"Mở /courses/photo/community/cai-dat -> chuyển (replace) sang /communities/photo/community/cai-dat, giữ query + hash",Giao diện,Cao,"DB dev đã nạp seed (npm run db:reset, gồm migration community_course_split); mật khẩu mọi tài khoản seed Passw0rd!x; backend :4000 (npm run dev), frontend :5173; xem sheet 'Tài khoản & dữ liệu test' mục khóa học/chứng nhận. Đăng nhập member1@ (owner@ cho trang doanh thu/cài đặt) trên FE.","1. Gõ http://localhost:5173/courses/photo/community/cai-dat
2. Quan sát thanh địa chỉ và lịch sử (nút Back)",/courses/photo/community/cai-dat,"URL đổi thành /communities/photo/community/cai-dat (Navigate replace nên Back không quay lại URL cũ); trang hiển thị đúng; không 404, không nháy trang trắng.",Redirect FE lặp: cùng LegacyCourseRedirect.tsx (App.tsx:57-58); giữ 033/034
TC-SPLIT-097,Cộng đồng & Khóa học (audit bước 6 + 4),Admin console: Nội dung > Khóa học trên entity Course,Admin remove/restore khóa; summary; id lạ 404; người không phải nhân viên 403,Chức năng,Trung bình,"DB dev đã nạp seed (npm run db:reset, gồm migration community_course_split); mật khẩu mọi tài khoản seed Passw0rd!x; backend :4000 (npm run dev), frontend :5173; xem sheet 'Tài khoản & dữ liệu test' mục khóa học/chứng nhận. Cộng đồng thử đa khóa học: Owner mới POST /api/communities {""title"":""Học Nhiều Khóa"",""description"":""Cộng đồng thử nghiệm đa khóa học"",""category"":""tech"",""priceUsd"":0,""visibility"":""public"",""language"":""vi""} -> id (slug 'hoc-nhieu-khoa'), defaultCourseId = khóa A; thêm 4 user: admin (A), mod (M), member (U), người ngoài (O) - đặt vai trò bằng POST /communities/<id>/enroll rồi PATCH /communities/<id>/members/<uid>/role {role} bởi Owner; mod tạo khóa B bằng POST /communities/<id>/courses {title:'Khóa B'}. Token admin: POST /api/auth/login admin@sofinhub.test / Passw0rd!x (Platform Admin, cần PLATFORM_ADMIN_EMAILS=admin@sofinhub.test).","1. Admin POST .../courses/<B>/remove {reason:'Vi phạm'} -> status 'removed'
2. restore -> 'published'
3. GET /api/admin/content/courses/summary -> total
4. POST .../khong-co/publish
5. Member GET /api/admin/content/courses",remove/restore,removed -> restore ok; summary.total >= 2; id lạ 404; member 403.,"Trùng TC-ADM2-081 và 080 (chuyển trạng thái course admin, summary, 404/409/403)"
TC-SPLIT-098,Cộng đồng & Khóa học (audit bước 6 + 4),Admin console: Nội dung > Khóa học trên entity Course,Admin thấy khóa nháp 'Quản trị rủi ro (bản nháp)' của fin với status 'draft',Chức năng,Thấp,"DB dev đã nạp seed (npm run db:reset, gồm migration community_course_split); mật khẩu mọi tài khoản seed Passw0rd!x; backend :4000 (npm run dev), frontend :5173; xem sheet 'Tài khoản & dữ liệu test' mục khóa học/chứng nhận. Token admin: POST /api/auth/login admin@sofinhub.test / Passw0rd!x (Platform Admin, cần PLATFORM_ADMIN_EMAILS=admin@sofinhub.test).","1. GET /api/admin/content/courses?communityId=fin
2. Tìm phần tử course-fin-risk",seed fin draft,"3 phần tử (fin có 3 khóa); course-fin-risk có status 'draft', modules=1, lessons=2.",Trùng TC-ADM2-072 (tab Nháp liệt kê khóa nháp; sau cập nhật gồm 'Quản trị rủi ro (bản nháp)')
TC-SPLIT-099,Cộng đồng & Khóa học (audit bước 6 + 4),Admin console: Nội dung > Khóa học trên entity Course,Phân quyền nhân viên: Moderator có content.manage vào được; Finance/Support 403 route nội dung khóa học,Bảo mật,Trung bình,"DB dev đã nạp seed (npm run db:reset, gồm migration community_course_split); mật khẩu mọi tài khoản seed Passw0rd!x; backend :4000 (npm run dev), frontend :5173; xem sheet 'Tài khoản & dữ liệu test' mục khóa học/chứng nhận. Lấy token: POST /api/auth/login {""email"":""moderator@sofinhub.test"",""password"":""Passw0rd!x""}. Tương tự finance@, support@.","1. moderator@ GET /api/admin/content/courses
2. finance@ và support@ GET cùng route",staff,Moderator 200; Finance/Support 403 (thiếu content.manage).,"Trùng ma trận TC-ADM3-063/064 (/admin/content/* = content.manage, admin-staff.permissions.ts)"
TC-SPLIT-122,Cộng đồng & Khóa học (audit bước 6 + 4),Giao diện: Lớp học đa khóa học,Thông báo/email cũ trỏ /courses/... tiếp tục chạy nhờ redirect (không gãy bookmark),Giao diện,Thấp,"DB dev đã nạp seed (npm run db:reset, gồm migration community_course_split); mật khẩu mọi tài khoản seed Passw0rd!x; backend :4000 (npm run dev), frontend :5173; xem sheet 'Tài khoản & dữ liệu test' mục khóa học/chứng nhận.",1. Mở bookmark cũ /courses/photo/community/xep-hang,bookmark,Chuyển tới /communities/photo/community/xep-hang hiển thị bảng xếp hạng.,Trùng TC-SPLIT-039 (liên kết thông báo/email cũ qua redirect)
TC-SPLIT-127,Cộng đồng & Khóa học (audit bước 6 + 4),Gỡ dữ liệu giả: API chi tiết cộng đồng & /api/stats (audit bước 4),priceNotes: cộng đồng có phí -> 'Miễn phí dùng thử N ngày' (N từ Cài đặt chung) + 'Hủy bất kỳ lúc nào'; miễn phí -> [],Chức năng,Cao,"DB dev đã nạp seed (npm run db:reset, gồm migration community_course_split); mật khẩu mọi tài khoản seed Passw0rd!x; backend :4000 (npm run dev), frontend :5173; xem sheet 'Tài khoản & dữ liệu test' mục khóa học/chứng nhận. Token admin: POST /api/auth/login admin@sofinhub.test / Passw0rd!x (Platform Admin, cần PLATFORM_ADMIN_EMAILS=admin@sofinhub.test).","1. GET /api/courses/ai -> priceNotes
2. GET /api/courses/fit -> priceNotes
3. Admin đổi Cài đặt chung trialDays=10, GET /api/courses/ai",priceNotes,"ai: ['Miễn phí dùng thử 7 ngày','Hủy bất kỳ lúc nào']; fit: []; sau đổi trialDays: 'Miễn phí dùng thử 10 ngày' (không còn hardcode 7).","Hộp thoại/trang chi tiết không còn CTA ""Bắt đầu dùng thử miễn phí"", ghi chú dùng thử hay ""Miễn phí dùng thử N ngày"" (quote.trialDays luôn 0, trialEligible false, CTA luôn ""Thanh toán"") - thay bằng TC-BANK-050/051."
TC-SPLIT-137,Cộng đồng & Khóa học (audit bước 6 + 4),"Gỡ dữ liệu giả: Frontend trang chủ, FAQ, điều hướng","Toàn bộ FE không còn href=""#"" (quét mã nguồn/DOM)",Giao diện,Thấp,"DB dev đã nạp seed (npm run db:reset, gồm migration community_course_split); mật khẩu mọi tài khoản seed Passw0rd!x; backend :4000 (npm run dev), frontend :5173; xem sheet 'Tài khoản & dữ liệu test' mục khóa học/chứng nhận.","1. grep -rn 'href=""#""' frontend/src
2. Mở vài trang chính và quét DOM bằng document.querySelectorAll('a[href=""#""]')",href=#,0 kết quả trong mã nguồn; 0 phần tử a[href='#'] trên các trang chính.,"Trùng TC-SPLIT-134/135/136 (quét liên kết chết); kiểm bằng mã nguồn, không phải thao tác QA"
TC-SPLIT-142,Cộng đồng & Khóa học (audit bước 6 + 4),"Gỡ dữ liệu giả: Frontend trang chủ, FAQ, điều hướng",CourseDetailPage: quyền lợi (perks) chỉ gồm điều thật: số bài học thật + cộng đồng + ghi chú giá/dùng thử từ API,Giao diện,Trung bình,"DB dev đã nạp seed (npm run db:reset, gồm migration community_course_split); mật khẩu mọi tài khoản seed Passw0rd!x; backend :4000 (npm run dev), frontend :5173; xem sheet 'Tài khoản & dữ liệu test' mục khóa học/chứng nhận. Đăng nhập trên FE.","1. Mở /communities/ai (có phí) và /communities/fit (miễn phí)
2. Đọc khối thông tin bên phải",perks,ai: hiện 'Miễn phí dùng thử 7 ngày' + 'Hủy bất kỳ lúc nào' (từ priceNotes); số bài học thật; fit: không có ghi chú dùng thử. Không còn SIDEBAR_PERKS hardcode 'Miễn phí dùng thử 7 ngày' cho mọi cộng đồng.,"Hộp thoại/trang chi tiết không còn CTA ""Bắt đầu dùng thử miễn phí"", ghi chú dùng thử hay ""Miễn phí dùng thử N ngày"" (quote.trialDays luôn 0, trialEligible false, CTA luôn ""Thanh toán"") - thay bằng TC-BANK-050/051."
TC-SPLIT-143,Cộng đồng & Khóa học (audit bước 6 + 4),"Gỡ dữ liệu giả: Frontend trang chủ, FAQ, điều hướng",Nút 'Bắt đầu dùng thử' chỉ hiện khi priceNotes có 'Miễn phí dùng thử ...' và nêu đúng số ngày cấu hình,Giao diện,Thấp,"DB dev đã nạp seed (npm run db:reset, gồm migration community_course_split); mật khẩu mọi tài khoản seed Passw0rd!x; backend :4000 (npm run dev), frontend :5173; xem sheet 'Tài khoản & dữ liệu test' mục khóa học/chứng nhận. Token admin: POST /api/auth/login admin@sofinhub.test / Passw0rd!x (Platform Admin, cần PLATFORM_ADMIN_EMAILS=admin@sofinhub.test).","1. Đổi Cài đặt chung trialDays=10
2. Mở /communities/yoga",trialNote,"Nội dung dùng thử hiển thị '10 ngày' (lấy từ priceNotes), không phải 7 cố định.","Hộp thoại/trang chi tiết không còn CTA ""Bắt đầu dùng thử miễn phí"", ghi chú dùng thử hay ""Miễn phí dùng thử N ngày"" (quote.trialDays luôn 0, trialEligible false, CTA luôn ""Thanh toán"") - thay bằng TC-BANK-050/051."
TC-WIZ-102,Tạo cộng đồng (wizard 5 bước),Bước 4 - Thành viên & giá,"Giá: tab Miễn phí/Hàng tháng/Hàng năm; Miễn phí ẩn ô giá, trial và ước tính",Chức năng,Cao,"DB dev đã nạp seed (npm run db:reset); mật khẩu mọi tài khoản seed Passw0rd!x; backend :4000 (npm run dev), frontend :5173; xem sheet 'Tài khoản & dữ liệu test' mục A9 (dữ liệu seed wizard + gói năm). Người dùng MỚI (đăng ký ở /register hoặc POST /api/auth/register {firstName,lastName,email,password:'Passw0rd!x'}) - nên dùng tài khoản mới mỗi lần chạy vì mỗi owner chỉ được 5 bản nháp (409 DRAFT_LIMIT). Đăng nhập UI bằng tài khoản mới đó.","1. Chọn 'Miễn phí', rồi 'Hàng tháng', rồi 'Hàng năm'",-,Miễn phí: không có ô giá/checkbox dùng thử/dòng 'Bạn nhận về'. Hàng tháng: ô 'Giá hàng tháng' ($ ... / tháng). Hàng năm: thêm ô 'Giá hàng năm' ($ ... / năm). Mặc định của FE là Miễn phí.,"Community.memberTrialEnabled luôn false trong API và bị bỏ qua khi tạo/sửa/wizard (schema vẫn nhận field nhưng không lưu); trialDays của bước thành viên luôn 0 nên kết quả mong đợi (memberTrialEnabled true, trialDays 7, tóm tắt ""dùng thử 7 ngày"") không còn đúng - thay bằng TC-BANK-050."
TC-WIZ-108,Tạo cộng đồng (wizard 5 bước),Bước 4 - Thành viên & giá,Checkbox 'Cho thành viên mới dùng thử 7 ngày' hiện khi nháp ĐÃ lưu giá có phí + bật dùng thử; mặc định tích,Chức năng,Trung bình,"DB dev đã nạp seed (npm run db:reset); mật khẩu mọi tài khoản seed Passw0rd!x; backend :4000 (npm run dev), frontend :5173; xem sheet 'Tài khoản & dữ liệu test' mục A9 (dữ liệu seed wizard + gói năm). Đăng nhập UI owner@sofinhub.test / Passw0rd!x - owner có sẵn 3 bản nháp seed: 'Lớp Gốm Cuối Tuần' (id draft-gom-cuoi-tuan, 1/4 bước, nextStep=plan), 'Chạy Bộ 5K Cho Người Mới' (draft-chay-bo-5k, 3/4 bước, gói Chuyên nghiệp dùng thử + thẻ visa 4242, nextStep=members), 'Viết Content Ra Đơn' (draft-viet-content, 4/4 bước, riêng tư $7/tháng + $48/năm, 2 câu hỏi, 2 nội quy, payout Vietcombank ****8812, nextStep=launch).","1. Mở nháp 'Viết Content Ra Đơn' (draft-viet-content) tới bước 4 (đã lưu $7/$48, thử mặc định bật)
2. Bỏ tích rồi Tiếp tục, quay lại bước 4",7 ngày,Hiện checkbox 'Cho thành viên mới dùng thử 7 ngày' (số ngày = payments.trialDays) đã tích; bỏ tích lưu memberTrialEnabled=false -> checkbox biến mất khi quay lại (xem case lệch bên dưới).,"Community.memberTrialEnabled luôn false trong API và bị bỏ qua khi tạo/sửa/wizard (schema vẫn nhận field nhưng không lưu); trialDays của bước thành viên luôn 0 nên kết quả mong đợi (memberTrialEnabled true, trialDays 7, tóm tắt ""dùng thử 7 ngày"") không còn đúng - thay bằng TC-BANK-050."
TC-WIZ-109,Tạo cộng đồng (wizard 5 bước),Bước 4 - Thành viên & giá,"NGHI VẤN: lần đầu vào bước 4 chọn có phí, checkbox 'Cho thành viên mới dùng thử' không hiện (số ngày lấy từ nháp đang là giá 0)",Giao diện,Trung bình,"DB dev đã nạp seed (npm run db:reset); mật khẩu mọi tài khoản seed Passw0rd!x; backend :4000 (npm run dev), frontend :5173; xem sheet 'Tài khoản & dữ liệu test' mục A9 (dữ liệu seed wizard + gói năm). Người dùng MỚI (đăng ký ở /register hoặc POST /api/auth/register {firstName,lastName,email,password:'Passw0rd!x'}) - nên dùng tài khoản mới mỗi lần chạy vì mỗi owner chỉ được 5 bản nháp (409 DRAFT_LIMIT). Đăng nhập UI bằng tài khoản mới đó.","1. Tạo nháp mới tới bước 4
2. Chọn 'Hàng tháng' giá 7 (chưa lưu bước 4 lần nào)
3. Quan sát khối giá",nháp mới,"HIỆN TẠI (suy ra từ code, cần xác minh khi chạy): checkbox hiển thị theo draft.members.trialDays, mà BE trả 0 khi priceCents=0 hoặc memberTrialEnabled=false nên checkbox không hiện ở lần đầu và không bật lại được sau khi từng tắt/lưu miễn phí. KỲ VỌNG: có checkbox (mockup luôn có 'Cho thành viên mới dùng thử 7 ngày' khi chọn có phí). Ghi lại như lệch UI.","Community.memberTrialEnabled luôn false trong API và bị bỏ qua khi tạo/sửa/wizard (schema vẫn nhận field nhưng không lưu); trialDays của bước thành viên luôn 0 nên kết quả mong đợi (memberTrialEnabled true, trialDays 7, tóm tắt ""dùng thử 7 ngày"") không còn đúng - thay bằng TC-BANK-050."
TC-WIZ-122,Tạo cộng đồng (wizard 5 bước),Bước 4 - Thành viên & giá,Bước 4 'Tạo cộng đồng' lưu PATCH members đúng body và chuyển sang bước 5 tóm tắt,Tích hợp,Cao,"DB dev đã nạp seed (npm run db:reset); mật khẩu mọi tài khoản seed Passw0rd!x; backend :4000 (npm run dev), frontend :5173; xem sheet 'Tài khoản & dữ liệu test' mục A9 (dữ liệu seed wizard + gói năm). Người dùng MỚI (đăng ký ở /register hoặc POST /api/auth/register {firstName,lastName,email,password:'Passw0rd!x'}) - nên dùng tài khoản mới mỗi lần chạy vì mỗi owner chỉ được 5 bản nháp (409 DRAFT_LIMIT). Đăng nhập UI bằng tài khoản mới đó. Case làm thay đổi dữ liệu (MUTATE) - khôi phục bằng npm run db:reset (db:seed là create-only, KHÔNG hoàn tác); hoặc chỉ dùng người dùng/cộng đồng do chính case tạo ra.","1. Chọn Riêng tư, Hàng năm giá 7/48, tích dùng thử, 2 câu hỏi
2. Bấm 'Tạo cộng đồng' (Network)",7/48 private,"PATCH /communities/<id>/draft/steps/members {visibility:'private', priceUsd:7, priceAnnualUsd:48, memberTrialEnabled:true, joinQuestions:[2], rules:[...], requireRulesAgreement, autoApprovePaid} -> 200 (members.annualSavingsPct 43, trialDays 7); wizard sang bước 5 (chưa ra mắt).","Community.memberTrialEnabled luôn false trong API và bị bỏ qua khi tạo/sửa/wizard (schema vẫn nhận field nhưng không lưu); trialDays của bước thành viên luôn 0 nên kết quả mong đợi (memberTrialEnabled true, trialDays 7, tóm tắt ""dùng thử 7 ngày"") không còn đúng - thay bằng TC-BANK-050."
TC-WIZ-125,Tạo cộng đồng (wizard 5 bước),"API bước members, nội quy mẫu, ước tính doanh thu","PATCH members hợp lệ: giá, savings 43%, trialDays 7, nội quy giữ thứ tự (body trống thành '')",Tích hợp,Cao,"DB dev đã nạp seed (npm run db:reset); mật khẩu mọi tài khoản seed Passw0rd!x; backend :4000 (npm run dev), frontend :5173; xem sheet 'Tài khoản & dữ liệu test' mục A9 (dữ liệu seed wizard + gói năm). Người dùng MỚI (đăng ký ở /register hoặc POST /api/auth/register {firstName,lastName,email,password:'Passw0rd!x'}) - nên dùng tài khoản mới mỗi lần chạy vì mỗi owner chỉ được 5 bản nháp (409 DRAFT_LIMIT). Mọi API có tiền tố /api; thành công trả { data }, lỗi { error: { code, message, details } }. [PHỤ THUỘC QUYẾT ĐỊNH CHƯA CHỐT]","1. PATCH /communities/<id>/draft/steps/members {visibility:'private', priceUsd:7, priceAnnualUsd:48, memberTrialEnabled:true, joinQuestions:['Bạn đã từng làm gốm chưa?','Bạn biết đến lớp từ đâu?'], rules:[{title:'Tôn trọng nhau',body:'Góp ý văn minh'},{title:'Không spam'}], requireRulesAgreement:true, autoApprovePaid:false}",7/48,"200; members: priceUsd 7, priceAnnualUsd 48, annualSavingsPct 43, trialDays 7, rules.length 2 và rules[1].body '', completedSteps ['basics','members'].","Community.memberTrialEnabled luôn false trong API và bị bỏ qua khi tạo/sửa/wizard (schema vẫn nhận field nhưng không lưu); trialDays của bước thành viên luôn 0 nên kết quả mong đợi (memberTrialEnabled true, trialDays 7, tóm tắt ""dùng thử 7 ngày"") không còn đúng - thay bằng TC-BANK-050."
TC-WIZ-129,Tạo cộng đồng (wizard 5 bước),"API bước members, nội quy mẫu, ước tính doanh thu",Tắt dùng thử -> trialDays 0; về miễn phí bỏ giá năm; free + giá năm 10 -> 400,Chức năng,Trung bình,"DB dev đã nạp seed (npm run db:reset); mật khẩu mọi tài khoản seed Passw0rd!x; backend :4000 (npm run dev), frontend :5173; xem sheet 'Tài khoản & dữ liệu test' mục A9 (dữ liệu seed wizard + gói năm). Người dùng MỚI (đăng ký ở /register hoặc POST /api/auth/register {firstName,lastName,email,password:'Passw0rd!x'}) - nên dùng tài khoản mới mỗi lần chạy vì mỗi owner chỉ được 5 bản nháp (409 DRAFT_LIMIT). Mọi API có tiền tố /api; thành công trả { data }, lỗi { error: { code, message, details } }.","1. PATCH {memberTrialEnabled:false}
2. PATCH {priceUsd:0}
3. PATCH {priceUsd:0, priceAnnualUsd:10}",-,trialDays 0 (cả khi giá 0); priceUsd 0 làm priceAnnualUsd=null; lệnh cuối 400.,"Community.memberTrialEnabled luôn false trong API và bị bỏ qua khi tạo/sửa/wizard (schema vẫn nhận field nhưng không lưu); trialDays của bước thành viên luôn 0 nên kết quả mong đợi (memberTrialEnabled true, trialDays 7, tóm tắt ""dùng thử 7 ngày"") không còn đúng - thay bằng TC-BANK-050."
TC-WIZ-136,Tạo cộng đồng (wizard 5 bước),"Bước 5 - Tóm tắt, điều khoản, ra mắt",Bước 5 (trước ra mắt) hiển thị tóm tắt 8 dòng + nút 'Sửa' dẫn về đúng bước,Giao diện,Cao,"DB dev đã nạp seed (npm run db:reset); mật khẩu mọi tài khoản seed Passw0rd!x; backend :4000 (npm run dev), frontend :5173; xem sheet 'Tài khoản & dữ liệu test' mục A9 (dữ liệu seed wizard + gói năm). Người dùng MỚI (đăng ký ở /register hoặc POST /api/auth/register {firstName,lastName,email,password:'Passw0rd!x'}) - nên dùng tài khoản mới mỗi lần chạy vì mỗi owner chỉ được 5 bản nháp (409 DRAFT_LIMIT). Đăng nhập UI bằng tài khoản mới đó. Case làm thay đổi dữ liệu (MUTATE) - khôi phục bằng npm run db:reset (db:seed là create-only, KHÔNG hoàn tác); hoặc chỉ dùng người dùng/cộng đồng do chính case tạo ra.","1. Điền đủ 4 bước (riêng tư, 7/48, 1 câu hỏi) và tới bước 5
2. Bấm 'Sửa' ở từng dòng",-,"Các dòng: Tên cộng đồng, Đường dẫn (sofinhub.com/<slug>), Danh mục (tên), Gói (vd. 'Khởi đầu · miễn phí' hoặc 'Chuyên nghiệp · theo tháng · dùng thử 14 ngày'), Lời hứa ('Chưa có' nếu trống), Lợi ích ('n điều thành viên nhận được'), Quyền truy cập ('Riêng tư · 1 câu hỏi gia nhập'), Giá ('$7/tháng · $48/năm · dùng thử 7 ngày'). 'Sửa' nhảy về bước tương ứng (tên/đường dẫn/danh mục -> 1, gói -> 2, lời hứa/lợi ích -> 3, quyền/giá -> 4).","Community.memberTrialEnabled luôn false trong API và bị bỏ qua khi tạo/sửa/wizard (schema vẫn nhận field nhưng không lưu); trialDays của bước thành viên luôn 0 nên kết quả mong đợi (memberTrialEnabled true, trialDays 7, tóm tắt ""dùng thử 7 ngày"") không còn đúng - thay bằng TC-BANK-050."
TC-WIZ-194,Tạo cộng đồng (wizard 5 bước),API publish,"Publish cộng đồng riêng tư có giá: pricing 'paid', visibility 'private', joinQuestions + rules xuất hiện ở GET /communities/:id",Tích hợp,Trung bình,"DB dev đã nạp seed (npm run db:reset); mật khẩu mọi tài khoản seed Passw0rd!x; backend :4000 (npm run dev), frontend :5173; xem sheet 'Tài khoản & dữ liệu test' mục A9 (dữ liệu seed wizard + gói năm). Người dùng MỚI (đăng ký ở /register hoặc POST /api/auth/register {firstName,lastName,email,password:'Passw0rd!x'}) - nên dùng tài khoản mới mỗi lần chạy vì mỗi owner chỉ được 5 bản nháp (409 DRAFT_LIMIT). Mọi API có tiền tố /api; thành công trả { data }, lỗi { error: { code, message, details } }.","1. Lưu members private 7/48 + 2 câu hỏi + 2 nội quy + requireRulesAgreement
2. Publish
3. GET /api/communities/<id>",-,"CommunityDetail có joinQuestions (2), rules (2), requireRulesAgreement true, priceUsd 7, priceAnnualUsd 48, annualSavingsPct 43, memberTrialEnabled true.","Community.memberTrialEnabled luôn false trong API và bị bỏ qua khi tạo/sửa/wizard (schema vẫn nhận field nhưng không lưu); trialDays của bước thành viên luôn 0 nên kết quả mong đợi (memberTrialEnabled true, trialDays 7, tóm tắt ""dùng thử 7 ngày"") không còn đúng - thay bằng TC-BANK-050."
TC-WIZ-196,Tạo cộng đồng (wizard 5 bước),Tương thích POST /communities (một phát) + sửa sau ra mắt,"POST /communities (một phát) không gửi trường mới: giá năm null, memberTrialEnabled true, joinQuestions []",Tích hợp,Cao,"DB dev đã nạp seed (npm run db:reset); mật khẩu mọi tài khoản seed Passw0rd!x; backend :4000 (npm run dev), frontend :5173; xem sheet 'Tài khoản & dữ liệu test' mục A9 (dữ liệu seed wizard + gói năm). Người dùng MỚI (đăng ký ở /register hoặc POST /api/auth/register {firstName,lastName,email,password:'Passw0rd!x'}) - nên dùng tài khoản mới mỗi lần chạy vì mỗi owner chỉ được 5 bản nháp (409 DRAFT_LIMIT). Mọi API có tiền tố /api; thành công trả { data }, lỗi { error: { code, message, details } }.","1. POST /api/communities {title:'Một Phát', description:'d', category:'tech', priceUsd:0, visibility:'public'}",-,"201 như cũ; priceAnnualUsd null, memberTrialEnabled true, joinQuestions [], không có bản ghi payout (GET payout-account null). Route cũ vẫn chạy, không đòi acceptTerms.","Community.memberTrialEnabled luôn false trong API và bị bỏ qua khi tạo/sửa/wizard (schema vẫn nhận field nhưng không lưu); trialDays của bước thành viên luôn 0 nên kết quả mong đợi (memberTrialEnabled true, trialDays 7, tóm tắt ""dùng thử 7 ngày"") không còn đúng - thay bằng TC-BANK-050."
TC-WIZ-219,Tạo cộng đồng (wizard 5 bước),"Câu hỏi gia nhập, nội quy, tự duyệt (join request)","autoApprovePaid=true: cộng đồng riêng tư CÓ PHÍ cho thanh toán/dùng thử trực tiếp, không cần duyệt; =false -> JOIN_REQUEST_REQUIRED",Chức năng,Cao,"DB dev đã nạp seed (npm run db:reset); mật khẩu mọi tài khoản seed Passw0rd!x; backend :4000 (npm run dev), frontend :5173; xem sheet 'Tài khoản & dữ liệu test' mục A9 (dữ liệu seed wizard + gói năm). Người dùng MỚI (đăng ký ở /register hoặc POST /api/auth/register {firstName,lastName,email,password:'Passw0rd!x'}) - nên dùng tài khoản mới mỗi lần chạy vì mỗi owner chỉ được 5 bản nháp (409 DRAFT_LIMIT). Mọi API có tiền tố /api; thành công trả { data }, lỗi { error: { code, message, details } }. Hai cộng đồng riêng tư $7/$48, một autoApprovePaid=true, một false.","1. member POST /communities/<A>/checkout {interval:'annual'} (autoApprovePaid=true)
2. member POST /communities/<B>/checkout (false)
3. Lặp với /trial",-,"A: 201 intent 4800¢ (annual); B: 403 JOIN_REQUEST_REQUIRED; /trial tương tự (A 201, B 403). Cộng đồng riêng tư MIỄN PHÍ vẫn cần duyệt dù bật.","Community.memberTrialEnabled luôn false trong API và bị bỏ qua khi tạo/sửa/wizard (schema vẫn nhận field nhưng không lưu); trialDays của bước thành viên luôn 0 nên kết quả mong đợi (memberTrialEnabled true, trialDays 7, tóm tắt ""dùng thử 7 ngày"") không còn đúng - thay bằng TC-BANK-050."
TC-ANN-012,Gói năm & dialog tham gia,Mở hộp thoại & phần đầu (header),"Bố cục khớp ảnh thiết kế 3.png: gradient kem ở đầu, nhãn 'Tiết kiệm đến 43%' có biểu tượng thẻ giá, ghi chú khóa 'Thanh toán an toàn với Stripe', nút CTA gradient cam bo tròn",Giao diện,Thấp,"DB dev đã nạp seed (npm run db:reset); mật khẩu mọi tài khoản seed Passw0rd!x; backend :4000 (npm run dev), frontend :5173; xem sheet 'Tài khoản & dữ liệu test' mục A9 (dữ liệu seed wizard + gói năm). Cộng đồng 'annual-demo' (seed): 'Cộng đồng gói năm (demo)', công khai, owner@sofinhub.test làm chủ, $7/tháng + $48/năm (tiết kiệm 43%), dùng thử 7 ngày, màu #2563eb, promise 'Học đều mỗi tuần, tiết kiệm 43% khi trả theo năm', 2 lợi ích, 1 nội quy; 'paid-demo' chỉ có $19/tháng (không giá năm). Đăng nhập UI newbie@sofinhub.test / Passw0rd!x (chưa thuộc cộng đồng nào) hoặc người dùng mới đăng ký.","1. Mở hộp thoại annual-demo (gói năm đang chọn)
2. So sánh với 3.png ở độ phân giải 1280",3.png,"Giống thiết kế: tiêu đề 'Chọn gói thành viên' trái, nhãn xanh lá phải; hai thẻ bo 18px (thẻ đang chọn viền cam + nền kem); 'Phương thức thanh toán' + ổ khóa 'Thanh toán an toàn với Stripe'; khung nhập thẻ một hàng (biểu tượng, Số thẻ, MM / YY, CVC); khung quà bo tròn dưới cùng. Khác thiết kế: chip dữ liệu thật, màu logo placeholder #1e2a8a.","Hộp thoại không còn ghi chú khóa ""Thanh toán an toàn với Stripe"" và form thẻ; nay hiển thị mã chuyển khoản + QR VietQR + đếm ngược - thay bằng TC-BANK-042"
TC-ANN-015,Gói năm & dialog tham gia,Hai thẻ gói: Hàng tháng & Hàng năm,Gói 'Hàng năm' được CHỌN sẵn khi cộng đồng có bán gói năm (như ảnh thiết kế),Chức năng,Cao,"DB dev đã nạp seed (npm run db:reset); mật khẩu mọi tài khoản seed Passw0rd!x; backend :4000 (npm run dev), frontend :5173; xem sheet 'Tài khoản & dữ liệu test' mục A9 (dữ liệu seed wizard + gói năm). Cộng đồng 'annual-demo' (seed): 'Cộng đồng gói năm (demo)', công khai, owner@sofinhub.test làm chủ, $7/tháng + $48/năm (tiết kiệm 43%), dùng thử 7 ngày, màu #2563eb, promise 'Học đều mỗi tuần, tiết kiệm 43% khi trả theo năm', 2 lợi ích, 1 nội quy; 'paid-demo' chỉ có $19/tháng (không giá năm). Đăng nhập UI newbie@sofinhub.test / Passw0rd!x (chưa thuộc cộng đồng nào) hoặc người dùng mới đăng ký.","1. Mở hộp thoại annual-demo
2. Xem thẻ nào có radio ◉ và Network",annual-demo,"Thẻ 'Hàng năm' chọn sẵn (viền cam, giá cam); CTA 'Bắt đầu dùng thử miễn phí'. Network: có thể thấy hai lần GET /api/communities/annual-demo/checkout-quote - lần đầu interval=monthly (khi chưa biết có gói năm), sau đó interval=annual.","Hộp thoại/trang chi tiết không còn CTA ""Bắt đầu dùng thử miễn phí"", ghi chú dùng thử hay ""Miễn phí dùng thử N ngày"" (quote.trialDays luôn 0, trialEligible false, CTA luôn ""Thanh toán"") - thay bằng TC-BANK-050/051."
TC-ANN-022,Gói năm & dialog tham gia,"Form thẻ (số thẻ, MM / YY, CVC)","Form thẻ một hàng: biểu tượng thẻ, 'Số thẻ', 'MM / YY', 'CVC' và ghi chú ổ khóa 'Thanh toán an toàn với Stripe'",Giao diện,Cao,"DB dev đã nạp seed (npm run db:reset); mật khẩu mọi tài khoản seed Passw0rd!x; backend :4000 (npm run dev), frontend :5173; xem sheet 'Tài khoản & dữ liệu test' mục A9 (dữ liệu seed wizard + gói năm). Cộng đồng 'annual-demo' (seed): 'Cộng đồng gói năm (demo)', công khai, owner@sofinhub.test làm chủ, $7/tháng + $48/năm (tiết kiệm 43%), dùng thử 7 ngày, màu #2563eb, promise 'Học đều mỗi tuần, tiết kiệm 43% khi trả theo năm', 2 lợi ích, 1 nội quy; 'paid-demo' chỉ có $19/tháng (không giá năm). Đăng nhập UI newbie@sofinhub.test / Passw0rd!x (chưa thuộc cộng đồng nào) hoặc người dùng mới đăng ký.","1. Mở hộp thoại
2. Đọc placeholder ba ô",-,Placeholder 'Số thẻ' / 'MM / YY' / 'CVC'; biểu tượng thẻ xám (credit_card) khi chưa nhận diện hãng; tiêu đề 'Phương thức thanh toán'; ghi chú 'Thanh toán an toàn với Stripe' (provider từ quote).,"Form nhập thẻ (số thẻ/MM-YY/CVC, nhận diện hãng, Luhn, token tok_mock_) trong hộp thoại tham gia đã bị gỡ khi chuyển sang chuyển khoản VietQR - thay bằng TC-BANK-042 (hộp thoại không có ô thẻ)"
TC-ANN-023,Gói năm & dialog tham gia,"Form thẻ (số thẻ, MM / YY, CVC)",Nhận diện hãng thẻ khi gõ 4242...: biểu tượng 'VISA',Giao diện,Trung bình,"DB dev đã nạp seed (npm run db:reset); mật khẩu mọi tài khoản seed Passw0rd!x; backend :4000 (npm run dev), frontend :5173; xem sheet 'Tài khoản & dữ liệu test' mục A9 (dữ liệu seed wizard + gói năm). Cộng đồng 'annual-demo' (seed): 'Cộng đồng gói năm (demo)', công khai, owner@sofinhub.test làm chủ, $7/tháng + $48/năm (tiết kiệm 43%), dùng thử 7 ngày, màu #2563eb, promise 'Học đều mỗi tuần, tiết kiệm 43% khi trả theo năm', 2 lợi ích, 1 nội quy; 'paid-demo' chỉ có $19/tháng (không giá năm). Đăng nhập UI newbie@sofinhub.test / Passw0rd!x (chưa thuộc cộng đồng nào) hoặc người dùng mới đăng ký.","1. Gõ dần số thẻ 4242424242424242 vào ô 'Số thẻ'
2. Quan sát biểu tượng bên trái",4242424242424242,Gõ chữ số đầu: biểu tượng chuyển từ thẻ xám sang nhãn VISA (nền xanh #1a1f71) (Visa); xóa số thì trở về biểu tượng thẻ xám. Số được nhóm 4: 4242 4242 4242 4242.,"Form nhập thẻ (số thẻ/MM-YY/CVC, nhận diện hãng, Luhn, token tok_mock_) trong hộp thoại tham gia đã bị gỡ khi chuyển sang chuyển khoản VietQR - thay bằng TC-BANK-042 (hộp thoại không có ô thẻ)"
TC-ANN-024,Gói năm & dialog tham gia,"Form thẻ (số thẻ, MM / YY, CVC)",Nhận diện hãng thẻ khi gõ 5555...: biểu tượng 'MC',Giao diện,Trung bình,"DB dev đã nạp seed (npm run db:reset); mật khẩu mọi tài khoản seed Passw0rd!x; backend :4000 (npm run dev), frontend :5173; xem sheet 'Tài khoản & dữ liệu test' mục A9 (dữ liệu seed wizard + gói năm). Cộng đồng 'annual-demo' (seed): 'Cộng đồng gói năm (demo)', công khai, owner@sofinhub.test làm chủ, $7/tháng + $48/năm (tiết kiệm 43%), dùng thử 7 ngày, màu #2563eb, promise 'Học đều mỗi tuần, tiết kiệm 43% khi trả theo năm', 2 lợi ích, 1 nội quy; 'paid-demo' chỉ có $19/tháng (không giá năm). Đăng nhập UI newbie@sofinhub.test / Passw0rd!x (chưa thuộc cộng đồng nào) hoặc người dùng mới đăng ký.","1. Gõ dần số thẻ 5555555555554444 vào ô 'Số thẻ'
2. Quan sát biểu tượng bên trái",5555555555554444,Gõ chữ số đầu: biểu tượng chuyển từ thẻ xám sang nhãn MC (nền đỏ) (Mastercard); xóa số thì trở về biểu tượng thẻ xám. Số được nhóm 4: 5555 5555 5555 4444.,"Form nhập thẻ (số thẻ/MM-YY/CVC, nhận diện hãng, Luhn, token tok_mock_) trong hộp thoại tham gia đã bị gỡ khi chuyển sang chuyển khoản VietQR - thay bằng TC-BANK-042 (hộp thoại không có ô thẻ)"
TC-ANN-025,Gói năm & dialog tham gia,"Form thẻ (số thẻ, MM / YY, CVC)",Nhận diện hãng thẻ khi gõ 3782...: biểu tượng 'AMEX',Giao diện,Trung bình,"DB dev đã nạp seed (npm run db:reset); mật khẩu mọi tài khoản seed Passw0rd!x; backend :4000 (npm run dev), frontend :5173; xem sheet 'Tài khoản & dữ liệu test' mục A9 (dữ liệu seed wizard + gói năm). Cộng đồng 'annual-demo' (seed): 'Cộng đồng gói năm (demo)', công khai, owner@sofinhub.test làm chủ, $7/tháng + $48/năm (tiết kiệm 43%), dùng thử 7 ngày, màu #2563eb, promise 'Học đều mỗi tuần, tiết kiệm 43% khi trả theo năm', 2 lợi ích, 1 nội quy; 'paid-demo' chỉ có $19/tháng (không giá năm). Đăng nhập UI newbie@sofinhub.test / Passw0rd!x (chưa thuộc cộng đồng nào) hoặc người dùng mới đăng ký.","1. Gõ dần số thẻ 378282246310005 vào ô 'Số thẻ'
2. Quan sát biểu tượng bên trái",378282246310005,Gõ chữ số đầu: biểu tượng chuyển từ thẻ xám sang nhãn AMEX (nền xanh dương) (American Express); xóa số thì trở về biểu tượng thẻ xám. Amex nhóm 4-6-5: '3782 822463 10005'.,"Form nhập thẻ (số thẻ/MM-YY/CVC, nhận diện hãng, Luhn, token tok_mock_) trong hộp thoại tham gia đã bị gỡ khi chuyển sang chuyển khoản VietQR - thay bằng TC-BANK-042 (hộp thoại không có ô thẻ)"
TC-ANN-026,Gói năm & dialog tham gia,"Form thẻ (số thẻ, MM / YY, CVC)",Nhận diện hãng thẻ khi gõ 6011...: biểu tượng 'DISC',Giao diện,Trung bình,"DB dev đã nạp seed (npm run db:reset); mật khẩu mọi tài khoản seed Passw0rd!x; backend :4000 (npm run dev), frontend :5173; xem sheet 'Tài khoản & dữ liệu test' mục A9 (dữ liệu seed wizard + gói năm). Cộng đồng 'annual-demo' (seed): 'Cộng đồng gói năm (demo)', công khai, owner@sofinhub.test làm chủ, $7/tháng + $48/năm (tiết kiệm 43%), dùng thử 7 ngày, màu #2563eb, promise 'Học đều mỗi tuần, tiết kiệm 43% khi trả theo năm', 2 lợi ích, 1 nội quy; 'paid-demo' chỉ có $19/tháng (không giá năm). Đăng nhập UI newbie@sofinhub.test / Passw0rd!x (chưa thuộc cộng đồng nào) hoặc người dùng mới đăng ký.","1. Gõ dần số thẻ 6011111111111117 vào ô 'Số thẻ'
2. Quan sát biểu tượng bên trái",6011111111111117,Gõ chữ số đầu: biểu tượng chuyển từ thẻ xám sang nhãn DISC (nền cam) (Discover); xóa số thì trở về biểu tượng thẻ xám. Số được nhóm 4: 6011 1111 1111 1117.,"Form nhập thẻ (số thẻ/MM-YY/CVC, nhận diện hãng, Luhn, token tok_mock_) trong hộp thoại tham gia đã bị gỡ khi chuyển sang chuyển khoản VietQR - thay bằng TC-BANK-042 (hộp thoại không có ô thẻ)"
TC-ANN-027,Gói năm & dialog tham gia,"Form thẻ (số thẻ, MM / YY, CVC)",Nhận diện hãng thẻ khi gõ 3530...: biểu tượng 'JCB',Giao diện,Trung bình,"DB dev đã nạp seed (npm run db:reset); mật khẩu mọi tài khoản seed Passw0rd!x; backend :4000 (npm run dev), frontend :5173; xem sheet 'Tài khoản & dữ liệu test' mục A9 (dữ liệu seed wizard + gói năm). Cộng đồng 'annual-demo' (seed): 'Cộng đồng gói năm (demo)', công khai, owner@sofinhub.test làm chủ, $7/tháng + $48/năm (tiết kiệm 43%), dùng thử 7 ngày, màu #2563eb, promise 'Học đều mỗi tuần, tiết kiệm 43% khi trả theo năm', 2 lợi ích, 1 nội quy; 'paid-demo' chỉ có $19/tháng (không giá năm). Đăng nhập UI newbie@sofinhub.test / Passw0rd!x (chưa thuộc cộng đồng nào) hoặc người dùng mới đăng ký.","1. Gõ dần số thẻ 3530111333300000 vào ô 'Số thẻ'
2. Quan sát biểu tượng bên trái",3530111333300000,Gõ chữ số đầu: biểu tượng chuyển từ thẻ xám sang nhãn JCB (nền xanh lá) (JCB); xóa số thì trở về biểu tượng thẻ xám. Số được nhóm 4: 3530 1113 3330 0000.,"Form nhập thẻ (số thẻ/MM-YY/CVC, nhận diện hãng, Luhn, token tok_mock_) trong hộp thoại tham gia đã bị gỡ khi chuyển sang chuyển khoản VietQR - thay bằng TC-BANK-042 (hộp thoại không có ô thẻ)"
TC-ANN-028,Gói năm & dialog tham gia,"Form thẻ (số thẻ, MM / YY, CVC)","Số thẻ tự định dạng khi gõ/dán: chỉ nhận chữ số, nhóm 4, tối đa 19 chữ số",Chức năng,Cao,"DB dev đã nạp seed (npm run db:reset); mật khẩu mọi tài khoản seed Passw0rd!x; backend :4000 (npm run dev), frontend :5173; xem sheet 'Tài khoản & dữ liệu test' mục A9 (dữ liệu seed wizard + gói năm). Cộng đồng 'annual-demo' (seed): 'Cộng đồng gói năm (demo)', công khai, owner@sofinhub.test làm chủ, $7/tháng + $48/năm (tiết kiệm 43%), dùng thử 7 ngày, màu #2563eb, promise 'Học đều mỗi tuần, tiết kiệm 43% khi trả theo năm', 2 lợi ích, 1 nội quy; 'paid-demo' chỉ có $19/tháng (không giá năm). Đăng nhập UI newbie@sofinhub.test / Passw0rd!x (chưa thuộc cộng đồng nào) hoặc người dùng mới đăng ký.","1. Gõ '4242abcd4242 4242-4242'
2. Dán '4242 4242 4242 4242 4242 99'",-,Chữ cái/ký tự lạ bị bỏ; hiển thị '4242 4242 4242 4242'; chuỗi dài bị cắt ở 19 chữ số; con trỏ không nhảy lung tung khi gõ tiếp.,"Form nhập thẻ (số thẻ/MM-YY/CVC, nhận diện hãng, Luhn, token tok_mock_) trong hộp thoại tham gia đã bị gỡ khi chuyển sang chuyển khoản VietQR - thay bằng TC-BANK-042 (hộp thoại không có ô thẻ)"
TC-ANN-029,Gói năm & dialog tham gia,"Form thẻ (số thẻ, MM / YY, CVC)",Ngày hết hạn tự định dạng 'MM / YY': gõ 1225 -> '12 / 25'; gõ '2' tự thêm '0' -> '02',Chức năng,Cao,"DB dev đã nạp seed (npm run db:reset); mật khẩu mọi tài khoản seed Passw0rd!x; backend :4000 (npm run dev), frontend :5173; xem sheet 'Tài khoản & dữ liệu test' mục A9 (dữ liệu seed wizard + gói năm). Cộng đồng 'annual-demo' (seed): 'Cộng đồng gói năm (demo)', công khai, owner@sofinhub.test làm chủ, $7/tháng + $48/năm (tiết kiệm 43%), dùng thử 7 ngày, màu #2563eb, promise 'Học đều mỗi tuần, tiết kiệm 43% khi trả theo năm', 2 lợi ích, 1 nội quy; 'paid-demo' chỉ có $19/tháng (không giá năm). Đăng nhập UI newbie@sofinhub.test / Passw0rd!x (chưa thuộc cộng đồng nào) hoặc người dùng mới đăng ký.","1. Gõ 1225 vào ô MM / YY
2. Xóa, gõ '2'
3. Gõ '1' rồi '3'","1225, 2, 13","'12 / 25'; '02'; '13' (giữ nguyên rồi báo lỗi khi kiểm tra); tối đa 7 ký tự hiển thị, chỉ nhận chữ số.","Form nhập thẻ (số thẻ/MM-YY/CVC, nhận diện hãng, Luhn, token tok_mock_) trong hộp thoại tham gia đã bị gỡ khi chuyển sang chuyển khoản VietQR - thay bằng TC-BANK-042 (hộp thoại không có ô thẻ)"
TC-ANN-030,Gói năm & dialog tham gia,"Form thẻ (số thẻ, MM / YY, CVC)","CVC: chỉ chữ số, tối đa 3 (thẻ thường) hoặc 4 (Amex)",Chức năng,Trung bình,"DB dev đã nạp seed (npm run db:reset); mật khẩu mọi tài khoản seed Passw0rd!x; backend :4000 (npm run dev), frontend :5173; xem sheet 'Tài khoản & dữ liệu test' mục A9 (dữ liệu seed wizard + gói năm). Cộng đồng 'annual-demo' (seed): 'Cộng đồng gói năm (demo)', công khai, owner@sofinhub.test làm chủ, $7/tháng + $48/năm (tiết kiệm 43%), dùng thử 7 ngày, màu #2563eb, promise 'Học đều mỗi tuần, tiết kiệm 43% khi trả theo năm', 2 lợi ích, 1 nội quy; 'paid-demo' chỉ có $19/tháng (không giá năm). Đăng nhập UI newbie@sofinhub.test / Passw0rd!x (chưa thuộc cộng đồng nào) hoặc người dùng mới đăng ký.","1. Số thẻ Visa: gõ CVC '12345'
2. Đổi số thẻ thành Amex 3782...: gõ '12345'",-,Visa: CVC cắt ở 3 ký tự '123'; Amex: cho tới 4 ký tự '1234'. Ký tự không phải số bị bỏ.,"Form nhập thẻ (số thẻ/MM-YY/CVC, nhận diện hãng, Luhn, token tok_mock_) trong hộp thoại tham gia đã bị gỡ khi chuyển sang chuyển khoản VietQR - thay bằng TC-BANK-042 (hộp thoại không có ô thẻ)"
TC-ANN-031,Gói năm & dialog tham gia,"Form thẻ (số thẻ, MM / YY, CVC)",Kiểm tra thẻ: Để trống cả 3 ô rồi bấm CTA -> lỗi hiển thị và chặn gửi,Chức năng,Cao,"DB dev đã nạp seed (npm run db:reset); mật khẩu mọi tài khoản seed Passw0rd!x; backend :4000 (npm run dev), frontend :5173; xem sheet 'Tài khoản & dữ liệu test' mục A9 (dữ liệu seed wizard + gói năm). Cộng đồng 'annual-demo' (seed): 'Cộng đồng gói năm (demo)', công khai, owner@sofinhub.test làm chủ, $7/tháng + $48/năm (tiết kiệm 43%), dùng thử 7 ngày, màu #2563eb, promise 'Học đều mỗi tuần, tiết kiệm 43% khi trả theo năm', 2 lợi ích, 1 nội quy; 'paid-demo' chỉ có $19/tháng (không giá năm). Đăng nhập UI newbie@sofinhub.test / Passw0rd!x (chưa thuộc cộng đồng nào) hoặc người dùng mới đăng ký.","1. Chọn gói bất kỳ, nhập dữ liệu như bên
2. Bấm nút CTA (xem Network)","'', '', ''","Dưới/viền ô tương ứng hiện 'Vui lòng nhập số thẻ', 'Nhập ngày hết hạn', 'Nhập mã CVC' (viền đỏ, aria-invalid); KHÔNG có request trial/checkout nào; sửa ô thì lỗi tự xóa.","Form nhập thẻ (số thẻ/MM-YY/CVC, nhận diện hãng, Luhn, token tok_mock_) trong hộp thoại tham gia đã bị gỡ khi chuyển sang chuyển khoản VietQR - thay bằng TC-BANK-042 (hộp thoại không có ô thẻ)"
TC-ANN-032,Gói năm & dialog tham gia,"Form thẻ (số thẻ, MM / YY, CVC)",Kiểm tra thẻ: Số thẻ ngắn '4242 4242' (8 số) -> lỗi hiển thị và chặn gửi,Chức năng,Cao,"DB dev đã nạp seed (npm run db:reset); mật khẩu mọi tài khoản seed Passw0rd!x; backend :4000 (npm run dev), frontend :5173; xem sheet 'Tài khoản & dữ liệu test' mục A9 (dữ liệu seed wizard + gói năm). Cộng đồng 'annual-demo' (seed): 'Cộng đồng gói năm (demo)', công khai, owner@sofinhub.test làm chủ, $7/tháng + $48/năm (tiết kiệm 43%), dùng thử 7 ngày, màu #2563eb, promise 'Học đều mỗi tuần, tiết kiệm 43% khi trả theo năm', 2 lợi ích, 1 nội quy; 'paid-demo' chỉ có $19/tháng (không giá năm). Đăng nhập UI newbie@sofinhub.test / Passw0rd!x (chưa thuộc cộng đồng nào) hoặc người dùng mới đăng ký.","1. Chọn gói bất kỳ, nhập dữ liệu như bên
2. Bấm nút CTA (xem Network)",4242 4242,"Dưới/viền ô tương ứng hiện 'Số thẻ chưa đủ chữ số' (viền đỏ, aria-invalid); KHÔNG có request trial/checkout nào; sửa ô thì lỗi tự xóa.","Form nhập thẻ (số thẻ/MM-YY/CVC, nhận diện hãng, Luhn, token tok_mock_) trong hộp thoại tham gia đã bị gỡ khi chuyển sang chuyển khoản VietQR - thay bằng TC-BANK-042 (hộp thoại không có ô thẻ)"
TC-ANN-033,Gói năm & dialog tham gia,"Form thẻ (số thẻ, MM / YY, CVC)",Kiểm tra thẻ: Số thẻ sai Luhn '4242 4242 4242 4241' -> lỗi hiển thị và chặn gửi,Chức năng,Cao,"DB dev đã nạp seed (npm run db:reset); mật khẩu mọi tài khoản seed Passw0rd!x; backend :4000 (npm run dev), frontend :5173; xem sheet 'Tài khoản & dữ liệu test' mục A9 (dữ liệu seed wizard + gói năm). Cộng đồng 'annual-demo' (seed): 'Cộng đồng gói năm (demo)', công khai, owner@sofinhub.test làm chủ, $7/tháng + $48/năm (tiết kiệm 43%), dùng thử 7 ngày, màu #2563eb, promise 'Học đều mỗi tuần, tiết kiệm 43% khi trả theo năm', 2 lợi ích, 1 nội quy; 'paid-demo' chỉ có $19/tháng (không giá năm). Đăng nhập UI newbie@sofinhub.test / Passw0rd!x (chưa thuộc cộng đồng nào) hoặc người dùng mới đăng ký.","1. Chọn gói bất kỳ, nhập dữ liệu như bên
2. Bấm nút CTA (xem Network)",4242 4242 4242 4241,"Dưới/viền ô tương ứng hiện 'Số thẻ không hợp lệ' (viền đỏ, aria-invalid); KHÔNG có request trial/checkout nào; sửa ô thì lỗi tự xóa.","Form nhập thẻ (số thẻ/MM-YY/CVC, nhận diện hãng, Luhn, token tok_mock_) trong hộp thoại tham gia đã bị gỡ khi chuyển sang chuyển khoản VietQR - thay bằng TC-BANK-042 (hộp thoại không có ô thẻ)"
TC-ANN-034,Gói năm & dialog tham gia,"Form thẻ (số thẻ, MM / YY, CVC)",Kiểm tra thẻ: Hạn trong quá khứ '01 / 20' -> lỗi hiển thị và chặn gửi,Chức năng,Cao,"DB dev đã nạp seed (npm run db:reset); mật khẩu mọi tài khoản seed Passw0rd!x; backend :4000 (npm run dev), frontend :5173; xem sheet 'Tài khoản & dữ liệu test' mục A9 (dữ liệu seed wizard + gói năm). Cộng đồng 'annual-demo' (seed): 'Cộng đồng gói năm (demo)', công khai, owner@sofinhub.test làm chủ, $7/tháng + $48/năm (tiết kiệm 43%), dùng thử 7 ngày, màu #2563eb, promise 'Học đều mỗi tuần, tiết kiệm 43% khi trả theo năm', 2 lợi ích, 1 nội quy; 'paid-demo' chỉ có $19/tháng (không giá năm). Đăng nhập UI newbie@sofinhub.test / Passw0rd!x (chưa thuộc cộng đồng nào) hoặc người dùng mới đăng ký.","1. Chọn gói bất kỳ, nhập dữ liệu như bên
2. Bấm nút CTA (xem Network)",01 / 20,"Dưới/viền ô tương ứng hiện 'Thẻ đã hết hạn' (viền đỏ, aria-invalid); KHÔNG có request trial/checkout nào; sửa ô thì lỗi tự xóa.","Form nhập thẻ (số thẻ/MM-YY/CVC, nhận diện hãng, Luhn, token tok_mock_) trong hộp thoại tham gia đã bị gỡ khi chuyển sang chuyển khoản VietQR - thay bằng TC-BANK-042 (hộp thoại không có ô thẻ)"
TC-ANN-035,Gói năm & dialog tham gia,"Form thẻ (số thẻ, MM / YY, CVC)",Kiểm tra thẻ: Hạn tháng 13 '13 / 30' -> lỗi hiển thị và chặn gửi,Chức năng,Cao,"DB dev đã nạp seed (npm run db:reset); mật khẩu mọi tài khoản seed Passw0rd!x; backend :4000 (npm run dev), frontend :5173; xem sheet 'Tài khoản & dữ liệu test' mục A9 (dữ liệu seed wizard + gói năm). Cộng đồng 'annual-demo' (seed): 'Cộng đồng gói năm (demo)', công khai, owner@sofinhub.test làm chủ, $7/tháng + $48/năm (tiết kiệm 43%), dùng thử 7 ngày, màu #2563eb, promise 'Học đều mỗi tuần, tiết kiệm 43% khi trả theo năm', 2 lợi ích, 1 nội quy; 'paid-demo' chỉ có $19/tháng (không giá năm). Đăng nhập UI newbie@sofinhub.test / Passw0rd!x (chưa thuộc cộng đồng nào) hoặc người dùng mới đăng ký.","1. Chọn gói bất kỳ, nhập dữ liệu như bên
2. Bấm nút CTA (xem Network)",13 / 30,"Dưới/viền ô tương ứng hiện 'Ngày hết hạn không hợp lệ (MM / YY)' (viền đỏ, aria-invalid); KHÔNG có request trial/checkout nào; sửa ô thì lỗi tự xóa.","Form nhập thẻ (số thẻ/MM-YY/CVC, nhận diện hãng, Luhn, token tok_mock_) trong hộp thoại tham gia đã bị gỡ khi chuyển sang chuyển khoản VietQR - thay bằng TC-BANK-042 (hộp thoại không có ô thẻ)"
TC-ANN-036,Gói năm & dialog tham gia,"Form thẻ (số thẻ, MM / YY, CVC)",Kiểm tra thẻ: Hạn quá xa (năm hiện tại + 25) -> lỗi hiển thị và chặn gửi,Chức năng,Cao,"DB dev đã nạp seed (npm run db:reset); mật khẩu mọi tài khoản seed Passw0rd!x; backend :4000 (npm run dev), frontend :5173; xem sheet 'Tài khoản & dữ liệu test' mục A9 (dữ liệu seed wizard + gói năm). Cộng đồng 'annual-demo' (seed): 'Cộng đồng gói năm (demo)', công khai, owner@sofinhub.test làm chủ, $7/tháng + $48/năm (tiết kiệm 43%), dùng thử 7 ngày, màu #2563eb, promise 'Học đều mỗi tuần, tiết kiệm 43% khi trả theo năm', 2 lợi ích, 1 nội quy; 'paid-demo' chỉ có $19/tháng (không giá năm). Đăng nhập UI newbie@sofinhub.test / Passw0rd!x (chưa thuộc cộng đồng nào) hoặc người dùng mới đăng ký.","1. Chọn gói bất kỳ, nhập dữ liệu như bên
2. Bấm nút CTA (xem Network)",12 / <năm+25>,"Dưới/viền ô tương ứng hiện 'Ngày hết hạn không hợp lệ' (viền đỏ, aria-invalid); KHÔNG có request trial/checkout nào; sửa ô thì lỗi tự xóa.","Form nhập thẻ (số thẻ/MM-YY/CVC, nhận diện hãng, Luhn, token tok_mock_) trong hộp thoại tham gia đã bị gỡ khi chuyển sang chuyển khoản VietQR - thay bằng TC-BANK-042 (hộp thoại không có ô thẻ)"
TC-ANN-037,Gói năm & dialog tham gia,"Form thẻ (số thẻ, MM / YY, CVC)",Kiểm tra thẻ: CVC thiếu số '12' (Visa) -> lỗi hiển thị và chặn gửi,Chức năng,Cao,"DB dev đã nạp seed (npm run db:reset); mật khẩu mọi tài khoản seed Passw0rd!x; backend :4000 (npm run dev), frontend :5173; xem sheet 'Tài khoản & dữ liệu test' mục A9 (dữ liệu seed wizard + gói năm). Cộng đồng 'annual-demo' (seed): 'Cộng đồng gói năm (demo)', công khai, owner@sofinhub.test làm chủ, $7/tháng + $48/năm (tiết kiệm 43%), dùng thử 7 ngày, màu #2563eb, promise 'Học đều mỗi tuần, tiết kiệm 43% khi trả theo năm', 2 lợi ích, 1 nội quy; 'paid-demo' chỉ có $19/tháng (không giá năm). Đăng nhập UI newbie@sofinhub.test / Passw0rd!x (chưa thuộc cộng đồng nào) hoặc người dùng mới đăng ký.","1. Chọn gói bất kỳ, nhập dữ liệu như bên
2. Bấm nút CTA (xem Network)",12,"Dưới/viền ô tương ứng hiện 'CVC gồm 3 chữ số' (viền đỏ, aria-invalid); KHÔNG có request trial/checkout nào; sửa ô thì lỗi tự xóa.","Form nhập thẻ (số thẻ/MM-YY/CVC, nhận diện hãng, Luhn, token tok_mock_) trong hộp thoại tham gia đã bị gỡ khi chuyển sang chuyển khoản VietQR - thay bằng TC-BANK-042 (hộp thoại không có ô thẻ)"
TC-ANN-038,Gói năm & dialog tham gia,"Form thẻ (số thẻ, MM / YY, CVC)",Kiểm tra thẻ: CVC Amex chỉ 3 số '123' -> lỗi hiển thị và chặn gửi,Chức năng,Cao,"DB dev đã nạp seed (npm run db:reset); mật khẩu mọi tài khoản seed Passw0rd!x; backend :4000 (npm run dev), frontend :5173; xem sheet 'Tài khoản & dữ liệu test' mục A9 (dữ liệu seed wizard + gói năm). Cộng đồng 'annual-demo' (seed): 'Cộng đồng gói năm (demo)', công khai, owner@sofinhub.test làm chủ, $7/tháng + $48/năm (tiết kiệm 43%), dùng thử 7 ngày, màu #2563eb, promise 'Học đều mỗi tuần, tiết kiệm 43% khi trả theo năm', 2 lợi ích, 1 nội quy; 'paid-demo' chỉ có $19/tháng (không giá năm). Đăng nhập UI newbie@sofinhub.test / Passw0rd!x (chưa thuộc cộng đồng nào) hoặc người dùng mới đăng ký.","1. Chọn gói bất kỳ, nhập dữ liệu như bên
2. Bấm nút CTA (xem Network)",123 với 3782 822463 10005,"Dưới/viền ô tương ứng hiện 'CVC gồm 4 chữ số' (viền đỏ, aria-invalid); KHÔNG có request trial/checkout nào; sửa ô thì lỗi tự xóa.","Form nhập thẻ (số thẻ/MM-YY/CVC, nhận diện hãng, Luhn, token tok_mock_) trong hộp thoại tham gia đã bị gỡ khi chuyển sang chuyển khoản VietQR - thay bằng TC-BANK-042 (hộp thoại không có ô thẻ)"
TC-ANN-039,Gói năm & dialog tham gia,"Form thẻ (số thẻ, MM / YY, CVC)","Thẻ hợp lệ 4242 4242 4242 4242, 12 / (năm+3), CVC 123 qua kiểm tra client và được gửi đi",Chức năng,Cao,"DB dev đã nạp seed (npm run db:reset); mật khẩu mọi tài khoản seed Passw0rd!x; backend :4000 (npm run dev), frontend :5173; xem sheet 'Tài khoản & dữ liệu test' mục A9 (dữ liệu seed wizard + gói năm). Cộng đồng 'annual-demo' (seed): 'Cộng đồng gói năm (demo)', công khai, owner@sofinhub.test làm chủ, $7/tháng + $48/năm (tiết kiệm 43%), dùng thử 7 ngày, màu #2563eb, promise 'Học đều mỗi tuần, tiết kiệm 43% khi trả theo năm', 2 lợi ích, 1 nội quy; 'paid-demo' chỉ có $19/tháng (không giá năm). Đăng nhập UI newbie@sofinhub.test / Passw0rd!x (chưa thuộc cộng đồng nào) hoặc người dùng mới đăng ký. Case làm thay đổi dữ liệu (MUTATE) - khôi phục bằng npm run db:reset (db:seed là create-only, KHÔNG hoàn tác); hoặc chỉ dùng người dùng/cộng đồng do chính case tạo ra.","1. Nhập thẻ hợp lệ như bên
2. Bấm CTA (Network)",4242 4242 4242 4242 | 12/<năm+3> | 123,"Không có lỗi; request gửi đi với paymentMethod {type:'card', token:'tok_mock_<24 hex>', brand:'visa', last4:'4242', expMonth:12, expYear} - xem nhóm Luồng tham gia.","Form nhập thẻ (số thẻ/MM-YY/CVC, nhận diện hãng, Luhn, token tok_mock_) trong hộp thoại tham gia đã bị gỡ khi chuyển sang chuyển khoản VietQR - thay bằng TC-BANK-042 (hộp thoại không có ô thẻ)"
TC-ANN-040,Gói năm & dialog tham gia,"Form thẻ (số thẻ, MM / YY, CVC)","Hạn của THÁNG HIỆN TẠI vẫn hợp lệ, tháng trước thì 'Thẻ đã hết hạn' (kiểm tra theo tháng)",Chức năng,Thấp,"DB dev đã nạp seed (npm run db:reset); mật khẩu mọi tài khoản seed Passw0rd!x; backend :4000 (npm run dev), frontend :5173; xem sheet 'Tài khoản & dữ liệu test' mục A9 (dữ liệu seed wizard + gói năm). Cộng đồng 'annual-demo' (seed): 'Cộng đồng gói năm (demo)', công khai, owner@sofinhub.test làm chủ, $7/tháng + $48/năm (tiết kiệm 43%), dùng thử 7 ngày, màu #2563eb, promise 'Học đều mỗi tuần, tiết kiệm 43% khi trả theo năm', 2 lợi ích, 1 nội quy; 'paid-demo' chỉ có $19/tháng (không giá năm). Đăng nhập UI newbie@sofinhub.test / Passw0rd!x (chưa thuộc cộng đồng nào) hoặc người dùng mới đăng ký.","1. Nhập hạn = tháng/năm hiện tại, rồi tháng trước",tháng hiện tại / trước,Tháng hiện tại: không lỗi hạn; tháng trước: 'Thẻ đã hết hạn'.,"Form nhập thẻ (số thẻ/MM-YY/CVC, nhận diện hãng, Luhn, token tok_mock_) trong hộp thoại tham gia đã bị gỡ khi chuyển sang chuyển khoản VietQR - thay bằng TC-BANK-042 (hộp thoại không có ô thẻ)"
TC-ANN-041,Gói năm & dialog tham gia,"Form thẻ (số thẻ, MM / YY, CVC)","Số thẻ test của các hãng đều qua Luhn: 5555 5555 5555 4444, 3782 822463 10005, 6011 1111 1111 1117, 3530 1113 3330 0000",Chức năng,Trung bình,"DB dev đã nạp seed (npm run db:reset); mật khẩu mọi tài khoản seed Passw0rd!x; backend :4000 (npm run dev), frontend :5173; xem sheet 'Tài khoản & dữ liệu test' mục A9 (dữ liệu seed wizard + gói năm). Cộng đồng 'annual-demo' (seed): 'Cộng đồng gói năm (demo)', công khai, owner@sofinhub.test làm chủ, $7/tháng + $48/năm (tiết kiệm 43%), dùng thử 7 ngày, màu #2563eb, promise 'Học đều mỗi tuần, tiết kiệm 43% khi trả theo năm', 2 lợi ích, 1 nội quy; 'paid-demo' chỉ có $19/tháng (không giá năm). Đăng nhập UI newbie@sofinhub.test / Passw0rd!x (chưa thuộc cộng đồng nào) hoặc người dùng mới đăng ký.","1. Nhập lần lượt từng số kèm hạn/CVC hợp lệ (Amex CVC 4 số)
2. Bấm CTA (có thể dừng ở bước kiểm tra hoặc hoàn tất thử)",4 số thẻ,"Không báo lỗi 'Số thẻ không hợp lệ'; brand gửi lên lần lượt mastercard, amex, discover, jcb; last4 đúng 4 số cuối.","Form nhập thẻ (số thẻ/MM-YY/CVC, nhận diện hãng, Luhn, token tok_mock_) trong hộp thoại tham gia đã bị gỡ khi chuyển sang chuyển khoản VietQR - thay bằng TC-BANK-042 (hộp thoại không có ô thẻ)"
TC-ANN-042,Gói năm & dialog tham gia,"Form thẻ (số thẻ, MM / YY, CVC)",Lỗi thẻ biến mất khi sửa ô và các ô bị vô hiệu hóa khi đang xử lý,Giao diện,Thấp,"DB dev đã nạp seed (npm run db:reset); mật khẩu mọi tài khoản seed Passw0rd!x; backend :4000 (npm run dev), frontend :5173; xem sheet 'Tài khoản & dữ liệu test' mục A9 (dữ liệu seed wizard + gói năm). Cộng đồng 'annual-demo' (seed): 'Cộng đồng gói năm (demo)', công khai, owner@sofinhub.test làm chủ, $7/tháng + $48/năm (tiết kiệm 43%), dùng thử 7 ngày, màu #2563eb, promise 'Học đều mỗi tuần, tiết kiệm 43% khi trả theo năm', 2 lợi ích, 1 nội quy; 'paid-demo' chỉ có $19/tháng (không giá năm). Đăng nhập UI newbie@sofinhub.test / Passw0rd!x (chưa thuộc cộng đồng nào) hoặc người dùng mới đăng ký.","1. Gây lỗi thẻ, sửa một ô
2. Gửi hợp lệ và quan sát ô lúc 'Đang xử lý…'",-,Sửa ô xóa toàn bộ lỗi thẻ; trong lúc busy ba ô nhập bị disabled.,"Form nhập thẻ (số thẻ/MM-YY/CVC, nhận diện hãng, Luhn, token tok_mock_) trong hộp thoại tham gia đã bị gỡ khi chuyển sang chuyển khoản VietQR - thay bằng TC-BANK-042 (hộp thoại không có ô thẻ)"
TC-ANN-043,Gói năm & dialog tham gia,"Form thẻ (số thẻ, MM / YY, CVC)",Số thẻ/CVC thô bị xóa khỏi ô sau khi tạo token (ngay cả khi gọi API lỗi),Bảo mật,Cao,"DB dev đã nạp seed (npm run db:reset); mật khẩu mọi tài khoản seed Passw0rd!x; backend :4000 (npm run dev), frontend :5173; xem sheet 'Tài khoản & dữ liệu test' mục A9 (dữ liệu seed wizard + gói năm). Cộng đồng 'annual-demo' (seed): 'Cộng đồng gói năm (demo)', công khai, owner@sofinhub.test làm chủ, $7/tháng + $48/năm (tiết kiệm 43%), dùng thử 7 ngày, màu #2563eb, promise 'Học đều mỗi tuần, tiết kiệm 43% khi trả theo năm', 2 lợi ích, 1 nội quy; 'paid-demo' chỉ có $19/tháng (không giá năm). Đăng nhập UI newbie@sofinhub.test / Passw0rd!x (chưa thuộc cộng đồng nào) hoặc người dùng mới đăng ký. Case làm thay đổi dữ liệu (MUTATE) - khôi phục bằng npm run db:reset (db:seed là create-only, KHÔNG hoàn tác); hoặc chỉ dùng người dùng/cộng đồng do chính case tạo ra.","1. Nhập thẻ hợp lệ, bấm CTA khi backend tắt (gây lỗi mạng)
2. Quan sát ba ô",-,"Sau khi bấm, ba ô rỗng (setCard(emptyCard)) dù lỗi - người dùng phải nhập lại thẻ (hành vi cố ý an toàn; ghi nhận trải nghiệm). Số thẻ không nằm trong localStorage/sessionStorage.","Form nhập thẻ (số thẻ/MM-YY/CVC, nhận diện hãng, Luhn, token tok_mock_) trong hộp thoại tham gia đã bị gỡ khi chuyển sang chuyển khoản VietQR - thay bằng TC-BANK-042 (hộp thoại không có ô thẻ)"
TC-ANN-044,Gói năm & dialog tham gia,"Form thẻ (số thẻ, MM / YY, CVC)","Trình duyệt gợi ý tự điền thẻ đúng thuộc tính autocomplete (cc-number, cc-exp, cc-csc)",Giao diện,Thấp,"DB dev đã nạp seed (npm run db:reset); mật khẩu mọi tài khoản seed Passw0rd!x; backend :4000 (npm run dev), frontend :5173; xem sheet 'Tài khoản & dữ liệu test' mục A9 (dữ liệu seed wizard + gói năm). Cộng đồng 'annual-demo' (seed): 'Cộng đồng gói năm (demo)', công khai, owner@sofinhub.test làm chủ, $7/tháng + $48/năm (tiết kiệm 43%), dùng thử 7 ngày, màu #2563eb, promise 'Học đều mỗi tuần, tiết kiệm 43% khi trả theo năm', 2 lợi ích, 1 nội quy; 'paid-demo' chỉ có $19/tháng (không giá năm). Đăng nhập UI newbie@sofinhub.test / Passw0rd!x (chưa thuộc cộng đồng nào) hoặc người dùng mới đăng ký.",1. Kiểm tra DOM ba ô thẻ,-,"name/autoComplete = cc-number, cc-exp, cc-csc; inputMode numeric.","Form nhập thẻ (số thẻ/MM-YY/CVC, nhận diện hãng, Luhn, token tok_mock_) trong hộp thoại tham gia đã bị gỡ khi chuyển sang chuyển khoản VietQR - thay bằng TC-BANK-042 (hộp thoại không có ô thẻ)"
TC-ANN-047,Gói năm & dialog tham gia,"Dòng tóm tắt, tổng, nút CTA, ghi chú dùng thử",CTA 'Bắt đầu dùng thử miễn phí' (biểu tượng vương miện) khi người dùng đủ điều kiện dùng thử (quote.trialEligible & trialDays > 0),Giao diện,Cao,"DB dev đã nạp seed (npm run db:reset); mật khẩu mọi tài khoản seed Passw0rd!x; backend :4000 (npm run dev), frontend :5173; xem sheet 'Tài khoản & dữ liệu test' mục A9 (dữ liệu seed wizard + gói năm). Cộng đồng 'annual-demo' (seed): 'Cộng đồng gói năm (demo)', công khai, owner@sofinhub.test làm chủ, $7/tháng + $48/năm (tiết kiệm 43%), dùng thử 7 ngày, màu #2563eb, promise 'Học đều mỗi tuần, tiết kiệm 43% khi trả theo năm', 2 lợi ích, 1 nội quy; 'paid-demo' chỉ có $19/tháng (không giá năm). Đăng nhập UI newbie@sofinhub.test / Passw0rd!x (chưa thuộc cộng đồng nào) hoặc người dùng mới đăng ký.",1. Mở hộp thoại annual-demo với newbie@ (chưa dùng thử),annual-demo,Nút gradient cam rộng 52px 'Bắt đầu dùng thử miễn phí' có biểu tượng vương miện và mũi tên (như 3.png).,"Hộp thoại/trang chi tiết không còn CTA ""Bắt đầu dùng thử miễn phí"", ghi chú dùng thử hay ""Miễn phí dùng thử N ngày"" (quote.trialDays luôn 0, trialEligible false, CTA luôn ""Thanh toán"") - thay bằng TC-BANK-050/051."
TC-ANN-049,Gói năm & dialog tham gia,"Dòng tóm tắt, tổng, nút CTA, ghi chú dùng thử","Ghi chú dùng thử (annual-demo, gói năm): 'Dùng thử miễn phí 7 ngày' + 'Lần thanh toán đầu tiên của bạn sẽ diễn ra vào ngày <d/M> với giá $48. Chúng tôi sẽ gửi email nhắc bạn trước 3 ngày. Hủy bất cứ lúc nào chỉ với 1 lần bấm.'",Giao diện,Cao,"DB dev đã nạp seed (npm run db:reset); mật khẩu mọi tài khoản seed Passw0rd!x; backend :4000 (npm run dev), frontend :5173; xem sheet 'Tài khoản & dữ liệu test' mục A9 (dữ liệu seed wizard + gói năm). Cộng đồng 'annual-demo' (seed): 'Cộng đồng gói năm (demo)', công khai, owner@sofinhub.test làm chủ, $7/tháng + $48/năm (tiết kiệm 43%), dùng thử 7 ngày, màu #2563eb, promise 'Học đều mỗi tuần, tiết kiệm 43% khi trả theo năm', 2 lợi ích, 1 nội quy; 'paid-demo' chỉ có $19/tháng (không giá năm). Đăng nhập UI newbie@sofinhub.test / Passw0rd!x (chưa thuộc cộng đồng nào) hoặc người dùng mới đăng ký. [PHỤ THUỘC QUYẾT ĐỊNH CHƯA CHỐT]","1. Mở hộp thoại, chọn gói năm
2. Đọc khung quà dưới nút
3. Đổi sang gói tháng",hôm nay + 7 ngày,"Ngày d/M = (hôm nay + 7 ngày) theo múi giờ trình duyệt, định dạng không đệm 0 (ví dụ chạy 1/10 -> '8/10' như 3.png); giá $48 (gói năm) / $7 (gói tháng, cùng ngày). Số ngày 7, nhắc 3 ngày, 'Hủy bất cứ lúc nào' lấy từ trialDays, remindDaysBefore, cancelAnytime của quote.","Hộp thoại/trang chi tiết không còn CTA ""Bắt đầu dùng thử miễn phí"", ghi chú dùng thử hay ""Miễn phí dùng thử N ngày"" (quote.trialDays luôn 0, trialEligible false, CTA luôn ""Thanh toán"") - thay bằng TC-BANK-050/051."
TC-ANN-052,Gói năm & dialog tham gia,"Dòng tóm tắt, tổng, nút CTA, ghi chú dùng thử","Số ngày dùng thử/nhắc trong ghi chú đổi theo Global Settings (payments.trialDays=14, trialReminderDays=5)",Chức năng,Trung bình,"DB dev đã nạp seed (npm run db:reset); mật khẩu mọi tài khoản seed Passw0rd!x; backend :4000 (npm run dev), frontend :5173; xem sheet 'Tài khoản & dữ liệu test' mục A9 (dữ liệu seed wizard + gói năm). Cộng đồng 'annual-demo' (seed): 'Cộng đồng gói năm (demo)', công khai, owner@sofinhub.test làm chủ, $7/tháng + $48/năm (tiết kiệm 43%), dùng thử 7 ngày, màu #2563eb, promise 'Học đều mỗi tuần, tiết kiệm 43% khi trả theo năm', 2 lợi ích, 1 nội quy; 'paid-demo' chỉ có $19/tháng (không giá năm). Đăng nhập UI newbie@sofinhub.test / Passw0rd!x (chưa thuộc cộng đồng nào) hoặc người dùng mới đăng ký. Case làm thay đổi dữ liệu (MUTATE) - khôi phục bằng npm run db:reset (db:seed là create-only, KHÔNG hoàn tác); hoặc chỉ dùng người dùng/cộng đồng do chính case tạo ra. Đặt lại: POST /api/admin/system/settings/reset hoặc npm run db:reset. [PHỤ THUỘC QUYẾT ĐỊNH CHƯA CHỐT]","1. admin PATCH /api/admin/system/settings {""payments"":{""trialDays"":14,""trialReminderDays"":5}}
2. Mở hộp thoại annual-demo",14 / 5,"Ghi chú 'Dùng thử miễn phí 14 ngày', ngày đầu = hôm nay + 14, 'nhắc bạn trước 5 ngày'; reminderDays=0 thì câu nhắc email biến mất (chỉ còn 'Hủy bất cứ lúc nào...').","checkout-quote luôn trả trialDays 0 / trialEligible false / firstChargeDate = startsAt / remindAt null / dueTodayUsd = giá kỳ (không còn phụ thuộc payments.trialDays hay người đã dùng thử) nên kết quả mong đợi (trialDays 7, ngày thu tiền lùi, nhắc trước) không còn đúng - thay bằng TC-BANK-050."
TC-ANN-054,Gói năm & dialog tham gia,Luồng tham gia từ giao diện,"Dùng thử có thẻ - gói năm: POST /trial {interval:'annual', paymentMethod} -> trialing, vào cộng đồng",Tích hợp,Cao,"DB dev đã nạp seed (npm run db:reset); mật khẩu mọi tài khoản seed Passw0rd!x; backend :4000 (npm run dev), frontend :5173; xem sheet 'Tài khoản & dữ liệu test' mục A9 (dữ liệu seed wizard + gói năm). Cộng đồng 'annual-demo' (seed): 'Cộng đồng gói năm (demo)', công khai, owner@sofinhub.test làm chủ, $7/tháng + $48/năm (tiết kiệm 43%), dùng thử 7 ngày, màu #2563eb, promise 'Học đều mỗi tuần, tiết kiệm 43% khi trả theo năm', 2 lợi ích, 1 nội quy; 'paid-demo' chỉ có $19/tháng (không giá năm). Đăng nhập UI newbie@sofinhub.test / Passw0rd!x (chưa thuộc cộng đồng nào) hoặc người dùng mới đăng ký. Case làm thay đổi dữ liệu (MUTATE) - khôi phục bằng npm run db:reset (db:seed là create-only, KHÔNG hoàn tác); hoặc chỉ dùng người dùng/cộng đồng do chính case tạo ra.","1. newbie@ mở hộp thoại annual-demo, giữ gói năm
2. Nhập 4242 4242 4242 4242, 12 / (năm+3), 123
3. Bấm 'Bắt đầu dùng thử miễn phí' (Network)",annual + Visa 4242,"POST /api/communities/annual-demo/trial body {interval:'annual', paymentMethod:{type,token,brand:'visa',last4:'4242',expMonth:12,expYear}} -> 201 SubscriptionView (status 'trialing', interval 'annual', nextChargeAmountCents 4800, currentPeriodEnd = +7 ngày); hộp thoại đóng và chuyển /communities/annual-demo/community; nút trang chi tiết thành 'Đã tham gia'.","Dùng thử có thẻ (paymentMethod trong POST /trial, lưu thẻ, nextCharge theo thẻ) không còn: trial không cần thẻ, paymentMethod bị bỏ qua - thay bằng TC-BANK-037"
TC-ANN-055,Gói năm & dialog tham gia,Luồng tham gia từ giao diện,Dùng thử có thẻ - gói tháng: POST /trial {interval:'monthly'} nextChargeAmountCents 700,Tích hợp,Cao,"DB dev đã nạp seed (npm run db:reset); mật khẩu mọi tài khoản seed Passw0rd!x; backend :4000 (npm run dev), frontend :5173; xem sheet 'Tài khoản & dữ liệu test' mục A9 (dữ liệu seed wizard + gói năm). Cộng đồng 'annual-demo' (seed): 'Cộng đồng gói năm (demo)', công khai, owner@sofinhub.test làm chủ, $7/tháng + $48/năm (tiết kiệm 43%), dùng thử 7 ngày, màu #2563eb, promise 'Học đều mỗi tuần, tiết kiệm 43% khi trả theo năm', 2 lợi ích, 1 nội quy; 'paid-demo' chỉ có $19/tháng (không giá năm). Đăng nhập UI newbie@sofinhub.test / Passw0rd!x (chưa thuộc cộng đồng nào) hoặc người dùng mới đăng ký. Case làm thay đổi dữ liệu (MUTATE) - khôi phục bằng npm run db:reset (db:seed là create-only, KHÔNG hoàn tác); hoặc chỉ dùng người dùng/cộng đồng do chính case tạo ra.","1. Chọn thẻ 'Hàng tháng', nhập thẻ hợp lệ, bấm CTA",monthly,"201 trialing, interval 'monthly', nextChargeAmountCents 700.","Không còn dùng thử miễn phí của thành viên (bỏ 2026-10-14): POST /courses/:id/trial và POST /communities/:id/trial trả 404 nên các bước bắt đầu dùng thử / kết quả 201, 409, 400, 403 của đường này không còn đúng - thay bằng TC-BANK-050."
TC-ANN-056,Gói năm & dialog tham gia,Luồng tham gia từ giao diện,"Trả tiền ngay (không đủ điều kiện thử): POST /checkout {method:'stripe', interval, paymentMethod} + Idempotency-Key, sau ~0,6s POST /payments/:id/confirm",Tích hợp,Cao,"DB dev đã nạp seed (npm run db:reset); mật khẩu mọi tài khoản seed Passw0rd!x; backend :4000 (npm run dev), frontend :5173; xem sheet 'Tài khoản & dữ liệu test' mục A9 (dữ liệu seed wizard + gói năm). Cộng đồng 'annual-demo' (seed): 'Cộng đồng gói năm (demo)', công khai, owner@sofinhub.test làm chủ, $7/tháng + $48/năm (tiết kiệm 43%), dùng thử 7 ngày, màu #2563eb, promise 'Học đều mỗi tuần, tiết kiệm 43% khi trả theo năm', 2 lợi ích, 1 nội quy; 'paid-demo' chỉ có $19/tháng (không giá năm). Đăng nhập UI newbie@sofinhub.test / Passw0rd!x (chưa thuộc cộng đồng nào) hoặc người dùng mới đăng ký. Case làm thay đổi dữ liệu (MUTATE) - khôi phục bằng npm run db:reset (db:seed là create-only, KHÔNG hoàn tác); hoặc chỉ dùng người dùng/cộng đồng do chính case tạo ra. Cộng đồng có phí do owner mới tạo: POST /api/communities {""title"":""Gói Năm <số ngẫu nhiên>"",""description"":""d"",""category"":""tech"",""priceUsd"":7,""priceAnnualUsd"":48,""visibility"":""public""} -> id (muốn không có gói năm thì bỏ priceAnnualUsd; muốn tắt thử thì thêm memberTrialEnabled:false).","1. Dùng cộng đồng memberTrialEnabled:false; mở hộp thoại với người dùng mới
2. Chọn gói năm, nhập thẻ, bấm 'Thanh toán' (Network)","annual, không thử","1) POST /communities/<id>/checkout 201 (amountCents 4800, interval 'annual') với header Idempotency-Key (uuid theo cộng đồng+kỳ hạn); 2) chờ ~600ms mô phỏng cổng; 3) POST /payments/<id>/confirm 200 (status 'succeeded', invoiceNumber INV-...); đóng hộp thoại, vào cộng đồng.","Luồng ""POST checkout {method:stripe, paymentMethod} + chờ 0,6s rồi POST confirm"" không còn; nay checkout trả refCode+QR và FE poll - thay bằng TC-BANK-001, TC-BANK-042, TC-BANK-043"
TC-ANN-057,Gói năm & dialog tham gia,Luồng tham gia từ giao diện,"Body gửi đi KHÔNG có số tiền, số thẻ hay CVC (số tiền do server quyết định)",Bảo mật,Cao,"DB dev đã nạp seed (npm run db:reset); mật khẩu mọi tài khoản seed Passw0rd!x; backend :4000 (npm run dev), frontend :5173; xem sheet 'Tài khoản & dữ liệu test' mục A9 (dữ liệu seed wizard + gói năm). Cộng đồng 'annual-demo' (seed): 'Cộng đồng gói năm (demo)', công khai, owner@sofinhub.test làm chủ, $7/tháng + $48/năm (tiết kiệm 43%), dùng thử 7 ngày, màu #2563eb, promise 'Học đều mỗi tuần, tiết kiệm 43% khi trả theo năm', 2 lợi ích, 1 nội quy; 'paid-demo' chỉ có $19/tháng (không giá năm). Đăng nhập UI newbie@sofinhub.test / Passw0rd!x (chưa thuộc cộng đồng nào) hoặc người dùng mới đăng ký. Case làm thay đổi dữ liệu (MUTATE) - khôi phục bằng npm run db:reset (db:seed là create-only, KHÔNG hoàn tác); hoặc chỉ dùng người dùng/cộng đồng do chính case tạo ra.","1. Thực hiện một lần tham gia, đọc body mọi request (trial/checkout/confirm)",-,"Body chỉ có interval, method/paymentMethod (token, brand, last4, expMonth, expYear); không có amount/amountCents/amountUsd; không có number/cvc; không có chuỗi 13-19 chữ số trong bất kỳ request/response nào.","Body gửi đi gồm method/paymentMethod (token, brand, last4...) không còn đúng: body chỉ cần interval, method/paymentMethod cũ bị bỏ qua - thay bằng TC-BANK-002"
TC-ANN-064,Gói năm & dialog tham gia,Luồng tham gia từ giao diện,Gói đang dùng thử rồi quay lại hộp thoại: người dùng đã thành viên không thấy hộp thoại mà thấy 'Đã tham gia',Chức năng,Thấp,"DB dev đã nạp seed (npm run db:reset); mật khẩu mọi tài khoản seed Passw0rd!x; backend :4000 (npm run dev), frontend :5173; xem sheet 'Tài khoản & dữ liệu test' mục A9 (dữ liệu seed wizard + gói năm). Cộng đồng 'annual-demo' (seed): 'Cộng đồng gói năm (demo)', công khai, owner@sofinhub.test làm chủ, $7/tháng + $48/năm (tiết kiệm 43%), dùng thử 7 ngày, màu #2563eb, promise 'Học đều mỗi tuần, tiết kiệm 43% khi trả theo năm', 2 lợi ích, 1 nội quy; 'paid-demo' chỉ có $19/tháng (không giá năm). Đăng nhập UI newbie@sofinhub.test / Passw0rd!x (chưa thuộc cộng đồng nào) hoặc người dùng mới đăng ký. Case làm thay đổi dữ liệu (MUTATE) - khôi phục bằng npm run db:reset (db:seed là create-only, KHÔNG hoàn tác); hoặc chỉ dùng người dùng/cộng đồng do chính case tạo ra.","1. Sau khi dùng thử, mở lại /communities/annual-demo/checkout",-,Trang checkout vẫn render form (BE sẽ trả 409 nếu gửi); trang chi tiết hiển thị 'Đã tham gia' - không mời mua lại.,"Không còn dùng thử miễn phí của thành viên (bỏ 2026-10-14): POST /courses/:id/trial và POST /communities/:id/trial trả 404 nên các bước bắt đầu dùng thử / kết quả 201, 409, 400, 403 của đường này không còn đúng - thay bằng TC-BANK-050."
TC-ANN-066,Gói năm & dialog tham gia,API báo giá checkout-quote,"GET /communities/:id/checkout-quote?interval=annual: plans[], selected, trialDays 7, firstChargeDate = start + 7 ngày, remindAt = firstCharge - 3 ngày",Tích hợp,Cao,"DB dev đã nạp seed (npm run db:reset); mật khẩu mọi tài khoản seed Passw0rd!x; backend :4000 (npm run dev), frontend :5173; xem sheet 'Tài khoản & dữ liệu test' mục A9 (dữ liệu seed wizard + gói năm). Người dùng MỚI (đăng ký ở /register hoặc POST /api/auth/register {firstName,lastName,email,password:'Passw0rd!x'}), dùng tài khoản mới cho mỗi case ghi dữ liệu. Cộng đồng có phí do owner mới tạo: POST /api/communities {""title"":""Gói Năm <số ngẫu nhiên>"",""description"":""d"",""category"":""tech"",""priceUsd"":7,""priceAnnualUsd"":48,""visibility"":""public""} -> id (muốn không có gói năm thì bỏ priceAnnualUsd; muốn tắt thử thì thêm memberTrialEnabled:false). Mọi API có tiền tố /api; thành công { data }, lỗi { error: { code, message } }. [PHỤ THUỘC QUYẾT ĐỊNH CHƯA CHỐT]",1. GET /api/communities/<id>/checkout-quote?interval=annual (không token),7/48,"200: currency 'USD', paid true, plans = [{interval:'monthly',label:'Hàng tháng',priceUsd:7,billedUsd:7,perMonthUsd:7,savingsPct:0,popular:true,periodDays:30}, {interval:'annual',label:'Hàng năm',priceUsd:48,billedUsd:48,perMonthUsd:4,savingsPct:43,popular:false,periodDays:365}], selected 'annual', trialDays 7, trialEligible (false khi chưa đăng nhập hoặc theo quyền), startsAt, firstChargeDate - startsAt = 7 ngày, firstChargeAmountUsd 48, firstChargeAmountCents 4800, dueTodayUsd 0, remindDaysBefore 3, remindAt = firstChargeDate - 3 ngày, cancelAnytime true, provider 'stripe'.","checkout-quote luôn trả trialDays 0 / trialEligible false / firstChargeDate = startsAt / remindAt null / dueTodayUsd = giá kỳ (không còn phụ thuộc payments.trialDays hay người đã dùng thử) nên kết quả mong đợi (trialDays 7, ngày thu tiền lùi, nhắc trước) không còn đúng - thay bằng TC-BANK-050."
TC-ANN-072,Gói năm & dialog tham gia,API báo giá checkout-quote,Người đã từng dùng thử: quote tiếp theo trialDays 0 và dueTodayUsd = giá tháng ($7),Chức năng,Cao,"DB dev đã nạp seed (npm run db:reset); mật khẩu mọi tài khoản seed Passw0rd!x; backend :4000 (npm run dev), frontend :5173; xem sheet 'Tài khoản & dữ liệu test' mục A9 (dữ liệu seed wizard + gói năm). Người dùng MỚI (đăng ký ở /register hoặc POST /api/auth/register {firstName,lastName,email,password:'Passw0rd!x'}), dùng tài khoản mới cho mỗi case ghi dữ liệu. Cộng đồng có phí do owner mới tạo: POST /api/communities {""title"":""Gói Năm <số ngẫu nhiên>"",""description"":""d"",""category"":""tech"",""priceUsd"":7,""priceAnnualUsd"":48,""visibility"":""public""} -> id (muốn không có gói năm thì bỏ priceAnnualUsd; muốn tắt thử thì thêm memberTrialEnabled:false). Mọi API có tiền tố /api; thành công { data }, lỗi { error: { code, message } }. Case làm thay đổi dữ liệu (MUTATE) - khôi phục bằng npm run db:reset (db:seed là create-only, KHÔNG hoàn tác); hoặc chỉ dùng người dùng/cộng đồng do chính case tạo ra.","1. U (có token) GET quote -> trialDays 7
2. U POST /trial {} rồi POST /subscription/cancel {atPeriodEnd:false}
3. U GET quote lại",-,"Sau khi đã dùng thử: trialDays 0, dueTodayUsd 7 (mỗi người chỉ thử một lần mỗi cộng đồng).","checkout-quote luôn trả trialDays 0 / trialEligible false / firstChargeDate = startsAt / remindAt null / dueTodayUsd = giá kỳ (không còn phụ thuộc payments.trialDays hay người đã dùng thử) nên kết quả mong đợi (trialDays 7, ngày thu tiền lùi, nhắc trước) không còn đúng - thay bằng TC-BANK-050."
TC-ANN-073,Gói năm & dialog tham gia,API báo giá checkout-quote,Quote tính lại ngay khi Global Settings payments.trialDays/trialReminderDays đổi,Chức năng,Trung bình,"DB dev đã nạp seed (npm run db:reset); mật khẩu mọi tài khoản seed Passw0rd!x; backend :4000 (npm run dev), frontend :5173; xem sheet 'Tài khoản & dữ liệu test' mục A9 (dữ liệu seed wizard + gói năm). Người dùng MỚI (đăng ký ở /register hoặc POST /api/auth/register {firstName,lastName,email,password:'Passw0rd!x'}), dùng tài khoản mới cho mỗi case ghi dữ liệu. Cộng đồng có phí do owner mới tạo: POST /api/communities {""title"":""Gói Năm <số ngẫu nhiên>"",""description"":""d"",""category"":""tech"",""priceUsd"":7,""priceAnnualUsd"":48,""visibility"":""public""} -> id (muốn không có gói năm thì bỏ priceAnnualUsd; muốn tắt thử thì thêm memberTrialEnabled:false). Mọi API có tiền tố /api; thành công { data }, lỗi { error: { code, message } }. Case làm thay đổi dữ liệu (MUTATE) - khôi phục bằng npm run db:reset (db:seed là create-only, KHÔNG hoàn tác); hoặc chỉ dùng người dùng/cộng đồng do chính case tạo ra. Đặt lại: POST /api/admin/system/settings/reset. [PHỤ THUỘC QUYẾT ĐỊNH CHƯA CHỐT]","1. admin PATCH settings {""payments"":{""trialDays"":14,""trialReminderDays"":5}}
2. GET checkout-quote",14/5,trialDays 14; remindDaysBefore 5; firstChargeDate = start + 14 ngày; remindAt = firstCharge - 5 ngày.,"checkout-quote luôn trả trialDays 0 / trialEligible false / firstChargeDate = startsAt / remindAt null / dueTodayUsd = giá kỳ (không còn phụ thuộc payments.trialDays hay người đã dùng thử) nên kết quả mong đợi (trialDays 7, ngày thu tiền lùi, nhắc trước) không còn đúng - thay bằng TC-BANK-050."
TC-ANN-074,Gói năm & dialog tham gia,API báo giá checkout-quote,"firstChargeDate/remindAt: remindAt không bao giờ sớm hơn startsAt (max(now, firstCharge - n ngày))",Chức năng,Thấp,"DB dev đã nạp seed (npm run db:reset); mật khẩu mọi tài khoản seed Passw0rd!x; backend :4000 (npm run dev), frontend :5173; xem sheet 'Tài khoản & dữ liệu test' mục A9 (dữ liệu seed wizard + gói năm). Người dùng MỚI (đăng ký ở /register hoặc POST /api/auth/register {firstName,lastName,email,password:'Passw0rd!x'}), dùng tài khoản mới cho mỗi case ghi dữ liệu. Cộng đồng có phí do owner mới tạo: POST /api/communities {""title"":""Gói Năm <số ngẫu nhiên>"",""description"":""d"",""category"":""tech"",""priceUsd"":7,""priceAnnualUsd"":48,""visibility"":""public""} -> id (muốn không có gói năm thì bỏ priceAnnualUsd; muốn tắt thử thì thêm memberTrialEnabled:false). Mọi API có tiền tố /api; thành công { data }, lỗi { error: { code, message } }. Case làm thay đổi dữ liệu (MUTATE) - khôi phục bằng npm run db:reset (db:seed là create-only, KHÔNG hoàn tác); hoặc chỉ dùng người dùng/cộng đồng do chính case tạo ra. Đặt payments.trialDays=2, trialReminderDays=5.",1. GET checkout-quote,"trial 2 ngày, nhắc 5","remindAt = startsAt (bị chặn dưới bởi thời điểm hiện tại), không nằm trong quá khứ.","checkout-quote luôn trả trialDays 0 / trialEligible false / firstChargeDate = startsAt / remindAt null / dueTodayUsd = giá kỳ (không còn phụ thuộc payments.trialDays hay người đã dùng thử) nên kết quả mong đợi (trialDays 7, ngày thu tiền lùi, nhắc trước) không còn đúng - thay bằng TC-BANK-050."
TC-ANN-075,Gói năm & dialog tham gia,API báo giá checkout-quote,Quote không cần đăng nhập nhưng người đăng nhập thấy đúng quyền dùng thử (trialEligible),Chức năng,Trung bình,"DB dev đã nạp seed (npm run db:reset); mật khẩu mọi tài khoản seed Passw0rd!x; backend :4000 (npm run dev), frontend :5173; xem sheet 'Tài khoản & dữ liệu test' mục A9 (dữ liệu seed wizard + gói năm). Người dùng MỚI (đăng ký ở /register hoặc POST /api/auth/register {firstName,lastName,email,password:'Passw0rd!x'}), dùng tài khoản mới cho mỗi case ghi dữ liệu. Cộng đồng có phí do owner mới tạo: POST /api/communities {""title"":""Gói Năm <số ngẫu nhiên>"",""description"":""d"",""category"":""tech"",""priceUsd"":7,""priceAnnualUsd"":48,""visibility"":""public""} -> id (muốn không có gói năm thì bỏ priceAnnualUsd; muốn tắt thử thì thêm memberTrialEnabled:false). Mọi API có tiền tố /api; thành công { data }, lỗi { error: { code, message } }.","1. GET quote không token
2. GET quote với token người dùng mới
3. GET quote với token owner của cộng đồng",-,"Người dùng mới: trialEligible true, trialDays 7. Khách: theo cấu hình cộng đồng. (Owner/đã thành viên: xem hành vi thực tế, ghi lại.)","checkout-quote luôn trả trialDays 0 / trialEligible false / firstChargeDate = startsAt / remindAt null / dueTodayUsd = giá kỳ (không còn phụ thuộc payments.trialDays hay người đã dùng thử) nên kết quả mong đợi (trialDays 7, ngày thu tiền lùi, nhắc trước) không còn đúng - thay bằng TC-BANK-050."
TC-ANN-077,Gói năm & dialog tham gia,API báo giá checkout-quote,Quote trả currency 'USD' và provider 'stripe' (hộp thoại ghi 'Thanh toán an toàn với Stripe'),Giao diện,Thấp,"DB dev đã nạp seed (npm run db:reset); mật khẩu mọi tài khoản seed Passw0rd!x; backend :4000 (npm run dev), frontend :5173; xem sheet 'Tài khoản & dữ liệu test' mục A9 (dữ liệu seed wizard + gói năm). Người dùng MỚI (đăng ký ở /register hoặc POST /api/auth/register {firstName,lastName,email,password:'Passw0rd!x'}), dùng tài khoản mới cho mỗi case ghi dữ liệu. Cộng đồng có phí do owner mới tạo: POST /api/communities {""title"":""Gói Năm <số ngẫu nhiên>"",""description"":""d"",""category"":""tech"",""priceUsd"":7,""priceAnnualUsd"":48,""visibility"":""public""} -> id (muốn không có gói năm thì bỏ priceAnnualUsd; muốn tắt thử thì thêm memberTrialEnabled:false). Mọi API có tiền tố /api; thành công { data }, lỗi { error: { code, message } }. [PHỤ THUỘC QUYẾT ĐỊNH CHƯA CHỐT]",1. GET checkout-quote,-,"currency 'USD', provider 'stripe', cancelAnytime true. Lưu ý: ảnh thiết kế dùng USD trong khi mockup wizard gói owner dùng VND (xem case tiền tệ lẫn lộn).","Quote không còn currency ""USD""/provider ""stripe"": nay currency ""VND"", provider ""bank_transfer"", hộp thoại không ghi Stripe - thay bằng TC-BANK-040, TC-BANK-042"
TC-ANN-081,Gói năm & dialog tham gia,API checkout tháng vs năm,"method không hợp lệ ('bitcoin') -> 400; 'vnpay'/'momo' vẫn nhận (gateway mock), mặc định 'stripe'",Chức năng,Thấp,"DB dev đã nạp seed (npm run db:reset); mật khẩu mọi tài khoản seed Passw0rd!x; backend :4000 (npm run dev), frontend :5173; xem sheet 'Tài khoản & dữ liệu test' mục A9 (dữ liệu seed wizard + gói năm). Người dùng MỚI (đăng ký ở /register hoặc POST /api/auth/register {firstName,lastName,email,password:'Passw0rd!x'}), dùng tài khoản mới cho mỗi case ghi dữ liệu. Cộng đồng có phí do owner mới tạo: POST /api/communities {""title"":""Gói Năm <số ngẫu nhiên>"",""description"":""d"",""category"":""tech"",""priceUsd"":7,""priceAnnualUsd"":48,""visibility"":""public""} -> id (muốn không có gói năm thì bỏ priceAnnualUsd; muốn tắt thử thì thêm memberTrialEnabled:false). Mọi API có tiền tố /api; thành công { data }, lỗi { error: { code, message } }. Case làm thay đổi dữ liệu (MUTATE) - khôi phục bằng npm run db:reset (db:seed là create-only, KHÔNG hoàn tác); hoặc chỉ dùng người dùng/cộng đồng do chính case tạo ra.","1. POST checkout {method:'bitcoin'}
2. POST checkout {} (không method)",-,Lệnh 1: 400; lệnh 2: 201 method 'stripe'.,"Kỳ vọng ""mặc định method stripe, vnpay/momo vẫn nhận (gateway mock)"" sai: method luôn bị bỏ qua và phiên là bank_transfer - thay bằng TC-BANK-001"
TC-ANN-086,Gói năm & dialog tham gia,API checkout tháng vs năm,"Chống trừ tiền trùng: hai intent khác kỳ hạn cùng người - confirm cái đầu OK, cái sau 409 và cổng KHÔNG bị gọi",Bảo mật,Cao,"DB dev đã nạp seed (npm run db:reset); mật khẩu mọi tài khoản seed Passw0rd!x; backend :4000 (npm run dev), frontend :5173; xem sheet 'Tài khoản & dữ liệu test' mục A9 (dữ liệu seed wizard + gói năm). Người dùng MỚI (đăng ký ở /register hoặc POST /api/auth/register {firstName,lastName,email,password:'Passw0rd!x'}), dùng tài khoản mới cho mỗi case ghi dữ liệu. Cộng đồng có phí do owner mới tạo: POST /api/communities {""title"":""Gói Năm <số ngẫu nhiên>"",""description"":""d"",""category"":""tech"",""priceUsd"":7,""priceAnnualUsd"":48,""visibility"":""public""} -> id (muốn không có gói năm thì bỏ priceAnnualUsd; muốn tắt thử thì thêm memberTrialEnabled:false). Mọi API có tiền tố /api; thành công { data }, lỗi { error: { code, message } }. Case làm thay đổi dữ liệu (MUTATE) - khôi phục bằng npm run db:reset (db:seed là create-only, KHÔNG hoàn tác); hoặc chỉ dùng người dùng/cộng đồng do chính case tạo ra. SQL: docker exec -it sofinhub-postgres psql -U sofinhub -d sofinhub (cột cộng đồng của mọi bảng tên ""courseId""). Job nền: payments.subscriptions mỗi 5 phút, payments.trialReminders mỗi 15 phút.","1. U tạo intent annual (A) và monthly (M)
2. Confirm A -> 200
3. Confirm M -> ?
4. SELECT status,""gatewayChargeId"" FROM ""Payment"" WHERE id='<M>'",A rồi M,"Confirm M trả 409; chỉ 1 Subscription sống (active/trialing) của người đó, interval 'annual'; Payment M vẫn 'pending' và gatewayChargeId NULL (không bị trừ tiền); checkout mới khi đang có gói active -> 409.","""Confirm cái đầu OK, cái sau 409 và cổng KHÔNG bị gọi"" không còn (không có cổng/confirm trừ tiền); nay hai phiên khác kỳ hạn: phiên trả sau bị void để admin hoàn - thay bằng TC-BANK-021, TC-BANK-004"
TC-ANN-090,Gói năm & dialog tham gia,API checkout tháng vs năm,paymentMethod trong checkout cũng STRICT: field cvc/number -> 400; hợp lệ -> lưu thẻ (paymentCardId trong intent),Bảo mật,Cao,"DB dev đã nạp seed (npm run db:reset); mật khẩu mọi tài khoản seed Passw0rd!x; backend :4000 (npm run dev), frontend :5173; xem sheet 'Tài khoản & dữ liệu test' mục A9 (dữ liệu seed wizard + gói năm). Người dùng MỚI (đăng ký ở /register hoặc POST /api/auth/register {firstName,lastName,email,password:'Passw0rd!x'}), dùng tài khoản mới cho mỗi case ghi dữ liệu. Cộng đồng có phí do owner mới tạo: POST /api/communities {""title"":""Gói Năm <số ngẫu nhiên>"",""description"":""d"",""category"":""tech"",""priceUsd"":7,""priceAnnualUsd"":48,""visibility"":""public""} -> id (muốn không có gói năm thì bỏ priceAnnualUsd; muốn tắt thử thì thêm memberTrialEnabled:false). Mọi API có tiền tố /api; thành công { data }, lỗi { error: { code, message } }. Case làm thay đổi dữ liệu (MUTATE) - khôi phục bằng npm run db:reset (db:seed là create-only, KHÔNG hoàn tác); hoặc chỉ dùng người dùng/cộng đồng do chính case tạo ra.","1. POST checkout {paymentMethod:{...thẻ hợp lệ, cvc:'123'}}
2. POST checkout {paymentMethod: thẻ hợp lệ}","paymentMethod = {""type"":""card"",""token"":""tok_mock_abcdef123456"",""brand"":""visa"",""last4"":""4242"",""expMonth"":12,""expYear"":<năm hiện tại + 3>}","Lệnh 1: 400 (không tạo PaymentCard/Payment); lệnh 2: 201, intent có interval + paymentCardId (id nội bộ), KHÔNG nhúng object paymentMethod/token. GET /me/payment-methods có đúng 1 thẻ chỉ brand/last4/hạn.","Checkout kèm paymentMethod hợp lệ -> lưu thẻ và gắn paymentCardId không còn: thẻ hợp lệ bị BỎ QUA, không lưu thẻ (số thẻ/cvc lạ vẫn 400) - xem TC-BANK-002"
TC-ANN-093,Gói năm & dialog tham gia,API checkout tháng vs năm,"Gia hạn gói năm: sau 31 ngày chưa gia hạn; sau 366 ngày trừ 4800¢ và gia hạn thêm 365 ngày, hóa đơn mới",Chức năng,Cao,"DB dev đã nạp seed (npm run db:reset); mật khẩu mọi tài khoản seed Passw0rd!x; backend :4000 (npm run dev), frontend :5173; xem sheet 'Tài khoản & dữ liệu test' mục A9 (dữ liệu seed wizard + gói năm). Người dùng MỚI (đăng ký ở /register hoặc POST /api/auth/register {firstName,lastName,email,password:'Passw0rd!x'}), dùng tài khoản mới cho mỗi case ghi dữ liệu. Cộng đồng có phí do owner mới tạo: POST /api/communities {""title"":""Gói Năm <số ngẫu nhiên>"",""description"":""d"",""category"":""tech"",""priceUsd"":7,""priceAnnualUsd"":48,""visibility"":""public""} -> id (muốn không có gói năm thì bỏ priceAnnualUsd; muốn tắt thử thì thêm memberTrialEnabled:false). Mọi API có tiền tố /api; thành công { data }, lỗi { error: { code, message } }. Case làm thay đổi dữ liệu (MUTATE) - khôi phục bằng npm run db:reset (db:seed là create-only, KHÔNG hoàn tác); hoặc chỉ dùng người dùng/cộng đồng do chính case tạo ra. SQL: docker exec -it sofinhub-postgres psql -U sofinhub -d sofinhub (cột cộng đồng của mọi bảng tên ""courseId""). Job nền: payments.subscriptions mỗi 5 phút, payments.trialReminders mỗi 15 phút. [PHỤ THUỘC QUYẾT ĐỊNH CHƯA CHỐT]","1. U mua gói năm
2. Ép đến hạn sau 31 ngày: UPDATE ""Subscription"" SET ""currentPeriodEnd""=now()+interval '334 days' WHERE ... (giả lập mới qua 31 ngày) -> chờ job
3. Ép quá hạn: SET ""currentPeriodEnd""=now()-interval '1 minute' -> chờ job payments.subscriptions (~5 phút)
4. SELECT kind,interval,""amountCents"",""invoiceNumber"" FROM ""Payment"" WHERE ""userId""='<U>' ORDER BY ""createdAt""",annual,"Chưa đến hạn: không có Payment 'renewal'. Sau khi quá hạn: có Payment kind 'renewal', interval 'annual', amountCents 4800, invoiceNumber khác lần đầu; currentPeriodEnd tiến thêm đúng 365 ngày. (Test BE giả lập đồng hồ; QA thủ công dùng SQL.)","Gia hạn gói năm tự trừ 4800 cent không còn; nay phát hóa đơn năm (QR) và chỉ nối thêm 365 ngày khi tiền về - thay bằng TC-BANK-032, TC-BANK-033"
TC-ANN-094,Gói năm & dialog tham gia,API checkout tháng vs năm,"Gia hạn gói năm thất bại (thẻ lỗi) -> gói 'expired', mất quyền",Chức năng,Trung bình,"DB dev đã nạp seed (npm run db:reset); mật khẩu mọi tài khoản seed Passw0rd!x; backend :4000 (npm run dev), frontend :5173; xem sheet 'Tài khoản & dữ liệu test' mục A9 (dữ liệu seed wizard + gói năm). Người dùng MỚI (đăng ký ở /register hoặc POST /api/auth/register {firstName,lastName,email,password:'Passw0rd!x'}), dùng tài khoản mới cho mỗi case ghi dữ liệu. Cộng đồng có phí do owner mới tạo: POST /api/communities {""title"":""Gói Năm <số ngẫu nhiên>"",""description"":""d"",""category"":""tech"",""priceUsd"":7,""priceAnnualUsd"":48,""visibility"":""public""} -> id (muốn không có gói năm thì bỏ priceAnnualUsd; muốn tắt thử thì thêm memberTrialEnabled:false). Mọi API có tiền tố /api; thành công { data }, lỗi { error: { code, message } }. Case làm thay đổi dữ liệu (MUTATE) - khôi phục bằng npm run db:reset (db:seed là create-only, KHÔNG hoàn tác); hoặc chỉ dùng người dùng/cộng đồng do chính case tạo ra. SQL: docker exec -it sofinhub-postgres psql -U sofinhub -d sofinhub (cột cộng đồng của mọi bảng tên ""courseId""). Job nền: payments.subscriptions mỗi 5 phút, payments.trialReminders mỗi 15 phút.",1. Cổng giả lập chỉ ép lỗi được bằng test BE (mockGateway.failFor): chạy tests/annual-subscription.test.ts mục 'gia hạn năm' hoặc dùng token tok_mock_declined ở gói dùng thử (xem nhóm Job),-,"Subscription 'expired', người dùng không còn là thành viên. Không thể giả lập bằng UI.",Gia hạn gói năm thất bại do thẻ lỗi -> expired ngay không còn; nay hết kỳ chưa trả có ân hạn 2 ngày - thay bằng TC-BANK-034
TC-ANN-096,Gói năm & dialog tham gia,API dùng thử (trial) có thẻ,"POST /trial không body: giống cũ - monthly, nextChargeAmountCents = giá kỳ đầu (priceCents, VND), không thẻ",Chức năng,Cao,"DB dev đã nạp seed (npm run db:reset); mật khẩu mọi tài khoản seed Passw0rd!x; backend :4000 (npm run dev), frontend :5173; xem sheet 'Tài khoản & dữ liệu test' mục A9 (dữ liệu seed wizard + gói năm). Người dùng MỚI (đăng ký ở /register hoặc POST /api/auth/register {firstName,lastName,email,password:'Passw0rd!x'}), dùng tài khoản mới cho mỗi case ghi dữ liệu. Cộng đồng có phí do owner mới tạo: POST /api/communities {""title"":""Gói Năm <số ngẫu nhiên>"",""description"":""d"",""category"":""tech"",""priceUsd"":7,""priceAnnualUsd"":48,""visibility"":""public""} -> id (muốn không có gói năm thì bỏ priceAnnualUsd; muốn tắt thử thì thêm memberTrialEnabled:false). Mọi API có tiền tố /api; thành công { data }, lỗi { error: { code, message } }. Case làm thay đổi dữ liệu (MUTATE) - khôi phục bằng npm run db:reset (db:seed là create-only, KHÔNG hoàn tác); hoặc chỉ dùng người dùng/cộng đồng do chính case tạo ra.",1. U POST /communities/<id>/trial (không body),-,"201 SubscriptionView: status 'trialing', interval 'monthly', nextChargeAmountCents = priceCents (giá kỳ đầu, VND; hết thử khách tự trả QR), paymentMethod null, kỳ 7 ngày.","Không còn dùng thử miễn phí của thành viên (bỏ 2026-10-14): POST /courses/:id/trial và POST /communities/:id/trial trả 404 nên các bước bắt đầu dùng thử / kết quả 201, 409, 400, 403 của đường này không còn đúng - thay bằng TC-BANK-050."
TC-ANN-097,Gói năm & dialog tham gia,API dùng thử (trial) có thẻ,"POST /trial {interval:'annual', paymentMethod}: trialing, nextChargeAmountCents 4800, paymentMethod chỉ brand/last4/hạn, token không lộ",Bảo mật,Cao,"DB dev đã nạp seed (npm run db:reset); mật khẩu mọi tài khoản seed Passw0rd!x; backend :4000 (npm run dev), frontend :5173; xem sheet 'Tài khoản & dữ liệu test' mục A9 (dữ liệu seed wizard + gói năm). Người dùng MỚI (đăng ký ở /register hoặc POST /api/auth/register {firstName,lastName,email,password:'Passw0rd!x'}), dùng tài khoản mới cho mỗi case ghi dữ liệu. Cộng đồng có phí do owner mới tạo: POST /api/communities {""title"":""Gói Năm <số ngẫu nhiên>"",""description"":""d"",""category"":""tech"",""priceUsd"":7,""priceAnnualUsd"":48,""visibility"":""public""} -> id (muốn không có gói năm thì bỏ priceAnnualUsd; muốn tắt thử thì thêm memberTrialEnabled:false). Mọi API có tiền tố /api; thành công { data }, lỗi { error: { code, message } }. Case làm thay đổi dữ liệu (MUTATE) - khôi phục bằng npm run db:reset (db:seed là create-only, KHÔNG hoàn tác); hoặc chỉ dùng người dùng/cộng đồng do chính case tạo ra. SQL: docker exec -it sofinhub-postgres psql -U sofinhub -d sofinhub (cột cộng đồng của mọi bảng tên ""courseId""). Job nền: payments.subscriptions mỗi 5 phút, payments.trialReminders mỗi 15 phút.","1. U POST /trial {interval:'annual', paymentMethod:{...token 'tok_mock_safe123456'}}
2. Tìm chuỗi 'tok_mock_safe123456' trong response
3. SELECT * FROM ""PaymentCard"" WHERE ""userId""='<U>'",tok_mock_safe123456,"201: status 'trialing', interval 'annual', nextChargeAmountCents 4800; paymentMethod có đúng khóa brand, createdAt, expMonth, expYear, id, last4; response KHÔNG chứa token; PaymentCard 1 dòng last4 '4242', không có chuỗi 13-19 chữ số.","Trial gói năm có thẻ (nextChargeAmountCents 4800, paymentMethod brand/last4, lưu PaymentCard) không còn: trial không thẻ, paymentMethod null - thay bằng TC-BANK-037"
TC-ANN-098,Gói năm & dialog tham gia,API dùng thử (trial) có thẻ,"POST /trial với paymentMethod sai (thêm number, cvc, hết hạn, tháng 13, token là số thẻ, brand lạ) -> 400, không lưu thẻ/gói",Bảo mật,Cao,"DB dev đã nạp seed (npm run db:reset); mật khẩu mọi tài khoản seed Passw0rd!x; backend :4000 (npm run dev), frontend :5173; xem sheet 'Tài khoản & dữ liệu test' mục A9 (dữ liệu seed wizard + gói năm). Người dùng MỚI (đăng ký ở /register hoặc POST /api/auth/register {firstName,lastName,email,password:'Passw0rd!x'}), dùng tài khoản mới cho mỗi case ghi dữ liệu. Cộng đồng có phí do owner mới tạo: POST /api/communities {""title"":""Gói Năm <số ngẫu nhiên>"",""description"":""d"",""category"":""tech"",""priceUsd"":7,""priceAnnualUsd"":48,""visibility"":""public""} -> id (muốn không có gói năm thì bỏ priceAnnualUsd; muốn tắt thử thì thêm memberTrialEnabled:false). Mọi API có tiền tố /api; thành công { data }, lỗi { error: { code, message } }. Case làm thay đổi dữ liệu (MUTATE) - khôi phục bằng npm run db:reset (db:seed là create-only, KHÔNG hoàn tác); hoặc chỉ dùng người dùng/cộng đồng do chính case tạo ra.","1. Gọi POST /trial {interval:'annual', paymentMethod} với lần lượt 6 biến thể: thêm trường number; thêm trường cvc; thẻ hết hạn (expYear năm ngoái); expMonth 13; token là số thẻ; brand 'bitcoin'
2. SELECT count(*) FROM ""PaymentCard"" / ""Subscription"" của U",6 biến thể,"Cả 6 trả 400 VALIDATION_ERROR (object strict); 0 PaymentCard, 0 Subscription của người dùng.","Không còn dùng thử miễn phí của thành viên (bỏ 2026-10-14): POST /courses/:id/trial và POST /communities/:id/trial trả 404 nên các bước bắt đầu dùng thử / kết quả 201, 409, 400, 403 của đường này không còn đúng - thay bằng TC-BANK-050."
TC-ANN-099,Gói năm & dialog tham gia,API dùng thử (trial) có thẻ,POST /trial khi cộng đồng tắt thử -> 400 TRIAL_NOT_AVAILABLE; annual không có -> 400 INTERVAL_UNAVAILABLE,Chức năng,Cao,"DB dev đã nạp seed (npm run db:reset); mật khẩu mọi tài khoản seed Passw0rd!x; backend :4000 (npm run dev), frontend :5173; xem sheet 'Tài khoản & dữ liệu test' mục A9 (dữ liệu seed wizard + gói năm). Người dùng MỚI (đăng ký ở /register hoặc POST /api/auth/register {firstName,lastName,email,password:'Passw0rd!x'}), dùng tài khoản mới cho mỗi case ghi dữ liệu. Cộng đồng có phí do owner mới tạo: POST /api/communities {""title"":""Gói Năm <số ngẫu nhiên>"",""description"":""d"",""category"":""tech"",""priceUsd"":7,""priceAnnualUsd"":48,""visibility"":""public""} -> id (muốn không có gói năm thì bỏ priceAnnualUsd; muốn tắt thử thì thêm memberTrialEnabled:false). Mọi API có tiền tố /api; thành công { data }, lỗi { error: { code, message } }. Case làm thay đổi dữ liệu (MUTATE) - khôi phục bằng npm run db:reset (db:seed là create-only, KHÔNG hoàn tác); hoặc chỉ dùng người dùng/cộng đồng do chính case tạo ra.","1. U POST /trial ở cộng đồng memberTrialEnabled:false
2. POST /trial {interval:'annual'} ở cộng đồng không giá năm",-,400 TRIAL_NOT_AVAILABLE; 400 INTERVAL_UNAVAILABLE.,"Không còn dùng thử miễn phí của thành viên (bỏ 2026-10-14): POST /courses/:id/trial và POST /communities/:id/trial trả 404 nên các bước bắt đầu dùng thử / kết quả 201, 409, 400, 403 của đường này không còn đúng - thay bằng TC-BANK-050."
TC-ANN-100,Gói năm & dialog tham gia,API dùng thử (trial) có thẻ,POST /trial lần hai (đã dùng thử/đã có gói/đã là thành viên) -> 409,Chức năng,Cao,"DB dev đã nạp seed (npm run db:reset); mật khẩu mọi tài khoản seed Passw0rd!x; backend :4000 (npm run dev), frontend :5173; xem sheet 'Tài khoản & dữ liệu test' mục A9 (dữ liệu seed wizard + gói năm). Người dùng MỚI (đăng ký ở /register hoặc POST /api/auth/register {firstName,lastName,email,password:'Passw0rd!x'}), dùng tài khoản mới cho mỗi case ghi dữ liệu. Cộng đồng có phí do owner mới tạo: POST /api/communities {""title"":""Gói Năm <số ngẫu nhiên>"",""description"":""d"",""category"":""tech"",""priceUsd"":7,""priceAnnualUsd"":48,""visibility"":""public""} -> id (muốn không có gói năm thì bỏ priceAnnualUsd; muốn tắt thử thì thêm memberTrialEnabled:false). Mọi API có tiền tố /api; thành công { data }, lỗi { error: { code, message } }. Case làm thay đổi dữ liệu (MUTATE) - khôi phục bằng npm run db:reset (db:seed là create-only, KHÔNG hoàn tác); hoặc chỉ dùng người dùng/cộng đồng do chính case tạo ra.","1. U POST /trial hai lần
2. U (đã mua) POST /trial",-,Lần hai 409; không tạo gói thứ hai.,"Không còn dùng thử miễn phí của thành viên (bỏ 2026-10-14): POST /courses/:id/trial và POST /communities/:id/trial trả 404 nên các bước bắt đầu dùng thử / kết quả 201, 409, 400, 403 của đường này không còn đúng - thay bằng TC-BANK-050."
TC-ANN-101,Gói năm & dialog tham gia,API dùng thử (trial) có thẻ,Cộng đồng riêng tư: /trial -> 403 JOIN_REQUEST_REQUIRED trừ khi autoApprovePaid; bị khóa -> 403 COMMUNITY_LOCKED,Chức năng,Trung bình,"DB dev đã nạp seed (npm run db:reset); mật khẩu mọi tài khoản seed Passw0rd!x; backend :4000 (npm run dev), frontend :5173; xem sheet 'Tài khoản & dữ liệu test' mục A9 (dữ liệu seed wizard + gói năm). Người dùng MỚI (đăng ký ở /register hoặc POST /api/auth/register {firstName,lastName,email,password:'Passw0rd!x'}), dùng tài khoản mới cho mỗi case ghi dữ liệu. Cộng đồng có phí do owner mới tạo: POST /api/communities {""title"":""Gói Năm <số ngẫu nhiên>"",""description"":""d"",""category"":""tech"",""priceUsd"":7,""priceAnnualUsd"":48,""visibility"":""public""} -> id (muốn không có gói năm thì bỏ priceAnnualUsd; muốn tắt thử thì thêm memberTrialEnabled:false). Mọi API có tiền tố /api; thành công { data }, lỗi { error: { code, message } }. Case làm thay đổi dữ liệu (MUTATE) - khôi phục bằng npm run db:reset (db:seed là create-only, KHÔNG hoàn tác); hoặc chỉ dùng người dùng/cộng đồng do chính case tạo ra.","1. U POST /trial ở private (autoApprovePaid false/true)
2. ở cộng đồng bị khóa",-,403 JOIN_REQUEST_REQUIRED / 201 / 403 COMMUNITY_LOCKED.,"Không còn dùng thử miễn phí của thành viên (bỏ 2026-10-14): POST /courses/:id/trial và POST /communities/:id/trial trả 404 nên các bước bắt đầu dùng thử / kết quả 201, 409, 400, 403 của đường này không còn đúng - thay bằng TC-BANK-050."
TC-ANN-102,Gói năm & dialog tham gia,API dùng thử (trial) có thẻ,GET /communities/:id/subscription và GET /me/payment-methods: chỉ brand/last4/hạn; chưa token -> 401,Bảo mật,Trung bình,"DB dev đã nạp seed (npm run db:reset); mật khẩu mọi tài khoản seed Passw0rd!x; backend :4000 (npm run dev), frontend :5173; xem sheet 'Tài khoản & dữ liệu test' mục A9 (dữ liệu seed wizard + gói năm). Người dùng MỚI (đăng ký ở /register hoặc POST /api/auth/register {firstName,lastName,email,password:'Passw0rd!x'}), dùng tài khoản mới cho mỗi case ghi dữ liệu. Cộng đồng có phí do owner mới tạo: POST /api/communities {""title"":""Gói Năm <số ngẫu nhiên>"",""description"":""d"",""category"":""tech"",""priceUsd"":7,""priceAnnualUsd"":48,""visibility"":""public""} -> id (muốn không có gói năm thì bỏ priceAnnualUsd; muốn tắt thử thì thêm memberTrialEnabled:false). Mọi API có tiền tố /api; thành công { data }, lỗi { error: { code, message } }. Case làm thay đổi dữ liệu (MUTATE) - khôi phục bằng npm run db:reset (db:seed là create-only, KHÔNG hoàn tác); hoặc chỉ dùng người dùng/cộng đồng do chính case tạo ra.","1. U POST /trial {paymentMethod: mastercard 4444}
2. GET /communities/<id>/subscription
3. GET /me/payment-methods
4. GET /me/payment-methods không token",mastercard 4444,"subscription.paymentMethod.last4 '4444', interval 'monthly'; danh sách 1 thẻ brand 'mastercard'; không token: 401. Không có gatewayToken ở đâu.","GET subscription/me/payment-methods trả thẻ 4444 của gói dùng thử không còn: gói thành viên không gắn thẻ (paymentMethod null, /me/payment-methods rỗng khi chỉ mua thành viên) - thay bằng TC-BANK-037, TC-BANK-045"
TC-ANN-103,Gói năm & dialog tham gia,API dùng thử (trial) có thẻ,"Trial hết hạn không thẻ giữ hành vi cũ: hết thử là hết quyền, không trừ tiền",Chức năng,Cao,"DB dev đã nạp seed (npm run db:reset); mật khẩu mọi tài khoản seed Passw0rd!x; backend :4000 (npm run dev), frontend :5173; xem sheet 'Tài khoản & dữ liệu test' mục A9 (dữ liệu seed wizard + gói năm). Người dùng MỚI (đăng ký ở /register hoặc POST /api/auth/register {firstName,lastName,email,password:'Passw0rd!x'}), dùng tài khoản mới cho mỗi case ghi dữ liệu. Cộng đồng có phí do owner mới tạo: POST /api/communities {""title"":""Gói Năm <số ngẫu nhiên>"",""description"":""d"",""category"":""tech"",""priceUsd"":7,""priceAnnualUsd"":48,""visibility"":""public""} -> id (muốn không có gói năm thì bỏ priceAnnualUsd; muốn tắt thử thì thêm memberTrialEnabled:false). Mọi API có tiền tố /api; thành công { data }, lỗi { error: { code, message } }. Case làm thay đổi dữ liệu (MUTATE) - khôi phục bằng npm run db:reset (db:seed là create-only, KHÔNG hoàn tác); hoặc chỉ dùng người dùng/cộng đồng do chính case tạo ra. SQL: docker exec -it sofinhub-postgres psql -U sofinhub -d sofinhub (cột cộng đồng của mọi bảng tên ""courseId""). Job nền: payments.subscriptions mỗi 5 phút, payments.trialReminders mỗi 15 phút.","1. U POST /trial (không body)
2. SQL: UPDATE ""Subscription"" SET ""currentPeriodEnd""=now()-interval '1 minute',""trialEndsAt""=now()-interval '1 minute' WHERE ""userId""='<U>'
3. Chờ job payments.subscriptions (~5 phút)
4. Kiểm tra quyền + Payment",trial không thẻ,U không còn là thành viên (isEnrolled false); gói 'expired'; KHÔNG có Payment.,"Không còn dùng thử miễn phí của thành viên (bỏ 2026-10-14): POST /courses/:id/trial và POST /communities/:id/trial trả 404 nên các bước bắt đầu dùng thử / kết quả 201, 409, 400, 403 của đường này không còn đúng - thay bằng TC-BANK-050."
TC-ANN-104,Gói năm & dialog tham gia,"Job nền: tự trừ cuối dùng thử, nhắc 3 ngày, gia hạn","Hết dùng thử CÓ THẺ: job tự trừ 4800¢ (MockGateway), chuyển 'active', kỳ 365 ngày tính từ cuối thử, có hóa đơn, vẫn là thành viên",Chức năng,Cao,"DB dev đã nạp seed (npm run db:reset); mật khẩu mọi tài khoản seed Passw0rd!x; backend :4000 (npm run dev), frontend :5173; xem sheet 'Tài khoản & dữ liệu test' mục A9 (dữ liệu seed wizard + gói năm). Người dùng MỚI (đăng ký ở /register hoặc POST /api/auth/register {firstName,lastName,email,password:'Passw0rd!x'}), dùng tài khoản mới cho mỗi case ghi dữ liệu. Cộng đồng có phí do owner mới tạo: POST /api/communities {""title"":""Gói Năm <số ngẫu nhiên>"",""description"":""d"",""category"":""tech"",""priceUsd"":7,""priceAnnualUsd"":48,""visibility"":""public""} -> id (muốn không có gói năm thì bỏ priceAnnualUsd; muốn tắt thử thì thêm memberTrialEnabled:false). Mọi API có tiền tố /api; thành công { data }, lỗi { error: { code, message } }. Case làm thay đổi dữ liệu (MUTATE) - khôi phục bằng npm run db:reset (db:seed là create-only, KHÔNG hoàn tác); hoặc chỉ dùng người dùng/cộng đồng do chính case tạo ra. SQL: docker exec -it sofinhub-postgres psql -U sofinhub -d sofinhub (cột cộng đồng của mọi bảng tên ""courseId""). Job nền: payments.subscriptions mỗi 5 phút, payments.trialReminders mỗi 15 phút. [PHỤ THUỘC QUYẾT ĐỊNH CHƯA CHỐT]","1. U POST /trial {interval:'annual', paymentMethod hợp lệ}
2. SQL ép hết thử: UPDATE ""Subscription"" SET ""currentPeriodEnd""=now()-interval '1 minute',""trialEndsAt""=now()-interval '1 minute' WHERE ""userId""='<U>'
3. Chờ job payments.subscriptions (~5 phút) hoặc khởi động lại BE
4. SELECT status,interval,""currentPeriodStart"",""currentPeriodEnd"" FROM ""Subscription""; SELECT kind,status,""amountCents"",interval,""invoiceNumber"",""subscriptionId"" FROM ""Payment"" WHERE ""userId""='<U>'",annual + Visa,"Subscription 'active' interval 'annual', currentPeriodStart = trialEnd cũ, kỳ = 365 ngày; đúng 1 Payment: kind 'initial', status 'succeeded', amountCents 4800, interval 'annual', có invoiceNumber, subscriptionId trỏ gói; U vẫn là thành viên.","Job tự trừ 4800 cent bằng MockGateway cuối dùng thử có thẻ không còn; hết thử không trả -> expired, khách trả QR để lên gói - thay bằng TC-BANK-037, TC-BANK-038"
TC-ANN-105,Gói năm & dialog tham gia,"Job nền: tự trừ cuối dùng thử, nhắc 3 ngày, gia hạn",Job chạy lại sau khi đã trừ: không trừ lần hai (idempotent theo khóa '<sub>:trial-end'),Chức năng,Cao,"DB dev đã nạp seed (npm run db:reset); mật khẩu mọi tài khoản seed Passw0rd!x; backend :4000 (npm run dev), frontend :5173; xem sheet 'Tài khoản & dữ liệu test' mục A9 (dữ liệu seed wizard + gói năm). Người dùng MỚI (đăng ký ở /register hoặc POST /api/auth/register {firstName,lastName,email,password:'Passw0rd!x'}), dùng tài khoản mới cho mỗi case ghi dữ liệu. Cộng đồng có phí do owner mới tạo: POST /api/communities {""title"":""Gói Năm <số ngẫu nhiên>"",""description"":""d"",""category"":""tech"",""priceUsd"":7,""priceAnnualUsd"":48,""visibility"":""public""} -> id (muốn không có gói năm thì bỏ priceAnnualUsd; muốn tắt thử thì thêm memberTrialEnabled:false). Mọi API có tiền tố /api; thành công { data }, lỗi { error: { code, message } }. Case làm thay đổi dữ liệu (MUTATE) - khôi phục bằng npm run db:reset (db:seed là create-only, KHÔNG hoàn tác); hoặc chỉ dùng người dùng/cộng đồng do chính case tạo ra. SQL: docker exec -it sofinhub-postgres psql -U sofinhub -d sofinhub (cột cộng đồng của mọi bảng tên ""courseId""). Job nền: payments.subscriptions mỗi 5 phút, payments.trialReminders mỗi 15 phút.","1. Sau khi gói chuyển active ở case trước, chờ thêm 1-2 chu kỳ job
2. Đếm Payment của U",-,Vẫn đúng 1 Payment; Subscription không đổi.,"Idempotent theo khóa ""<sub>:trial-end"" của auto-charge không còn; không có charge tự động cuối thử - thay bằng TC-BANK-038"
TC-ANN-106,Gói năm & dialog tham gia,"Job nền: tự trừ cuối dùng thử, nhắc 3 ngày, gia hạn","Sau khi tự trừ, người dùng vẫn xin hoàn tiền trong cửa sổ hoàn tiền được (approved)",Chức năng,Trung bình,"DB dev đã nạp seed (npm run db:reset); mật khẩu mọi tài khoản seed Passw0rd!x; backend :4000 (npm run dev), frontend :5173; xem sheet 'Tài khoản & dữ liệu test' mục A9 (dữ liệu seed wizard + gói năm). Người dùng MỚI (đăng ký ở /register hoặc POST /api/auth/register {firstName,lastName,email,password:'Passw0rd!x'}), dùng tài khoản mới cho mỗi case ghi dữ liệu. Cộng đồng có phí do owner mới tạo: POST /api/communities {""title"":""Gói Năm <số ngẫu nhiên>"",""description"":""d"",""category"":""tech"",""priceUsd"":7,""priceAnnualUsd"":48,""visibility"":""public""} -> id (muốn không có gói năm thì bỏ priceAnnualUsd; muốn tắt thử thì thêm memberTrialEnabled:false). Mọi API có tiền tố /api; thành công { data }, lỗi { error: { code, message } }. Case làm thay đổi dữ liệu (MUTATE) - khôi phục bằng npm run db:reset (db:seed là create-only, KHÔNG hoàn tác); hoặc chỉ dùng người dùng/cộng đồng do chính case tạo ra. SQL: docker exec -it sofinhub-postgres psql -U sofinhub -d sofinhub (cột cộng đồng của mọi bảng tên ""courseId""). Job nền: payments.subscriptions mỗi 5 phút, payments.trialReminders mỗi 15 phút. [PHỤ THUỘC QUYẾT ĐỊNH CHƯA CHỐT]",1. POST /payments/<id>/refund-request {reason:'Không dùng nữa'},-,201 status 'approved'; mất quyền.,"Tiền đề ""sau khi tự trừ cuối thử"" không còn (không tự trừ); hoàn tiền sau khi trả QR vẫn đúng ở TC-BANK-046 / TC-PAY-088"
TC-ANN-107,Gói năm & dialog tham gia,"Job nền: tự trừ cuối dùng thử, nhắc 3 ngày, gia hạn","Thẻ bị từ chối lúc trừ cuối thử (token tok_mock_declined) -> 'expired', mất quyền, Payment 'failed' lý do card_declined",Chức năng,Cao,"DB dev đã nạp seed (npm run db:reset); mật khẩu mọi tài khoản seed Passw0rd!x; backend :4000 (npm run dev), frontend :5173; xem sheet 'Tài khoản & dữ liệu test' mục A9 (dữ liệu seed wizard + gói năm). Người dùng MỚI (đăng ký ở /register hoặc POST /api/auth/register {firstName,lastName,email,password:'Passw0rd!x'}), dùng tài khoản mới cho mỗi case ghi dữ liệu. Cộng đồng có phí do owner mới tạo: POST /api/communities {""title"":""Gói Năm <số ngẫu nhiên>"",""description"":""d"",""category"":""tech"",""priceUsd"":7,""priceAnnualUsd"":48,""visibility"":""public""} -> id (muốn không có gói năm thì bỏ priceAnnualUsd; muốn tắt thử thì thêm memberTrialEnabled:false). Mọi API có tiền tố /api; thành công { data }, lỗi { error: { code, message } }. Case làm thay đổi dữ liệu (MUTATE) - khôi phục bằng npm run db:reset (db:seed là create-only, KHÔNG hoàn tác); hoặc chỉ dùng người dùng/cộng đồng do chính case tạo ra. SQL: docker exec -it sofinhub-postgres psql -U sofinhub -d sofinhub (cột cộng đồng của mọi bảng tên ""courseId""). Job nền: payments.subscriptions mỗi 5 phút, payments.trialReminders mỗi 15 phút.","1. U POST /trial {interval:'annual', paymentMethod:{..., token:'tok_mock_declined'}} (chỉ gọi được bằng API; FE sinh token ngẫu nhiên)
2. Ép hết thử bằng SQL như trên, chờ job
3. Kiểm tra Subscription, quyền, Payment, thông báo",tok_mock_declined,"Subscription 'expired'; U không còn là thành viên; Payment duy nhất kind 'initial', status 'failed', failureReason 'card_declined'; có thông báo cho U (theo luồng gia hạn lỗi).","Token tok_mock_declined/thẻ bị từ chối lúc trừ cuối thử (failureReason card_declined) không còn - thay bằng TC-BANK-038 (hết thử không trả -> expired, không có giao dịch)"
TC-ANN-108,Gói năm & dialog tham gia,"Job nền: tự trừ cuối dùng thử, nhắc 3 ngày, gia hạn","Hủy trong lúc dùng thử: không bị trừ, gói hết thử thành 'expired' (KHÔNG phải 'canceled'), mất quyền",Chức năng,Cao,"DB dev đã nạp seed (npm run db:reset); mật khẩu mọi tài khoản seed Passw0rd!x; backend :4000 (npm run dev), frontend :5173; xem sheet 'Tài khoản & dữ liệu test' mục A9 (dữ liệu seed wizard + gói năm). Người dùng MỚI (đăng ký ở /register hoặc POST /api/auth/register {firstName,lastName,email,password:'Passw0rd!x'}), dùng tài khoản mới cho mỗi case ghi dữ liệu. Cộng đồng có phí do owner mới tạo: POST /api/communities {""title"":""Gói Năm <số ngẫu nhiên>"",""description"":""d"",""category"":""tech"",""priceUsd"":7,""priceAnnualUsd"":48,""visibility"":""public""} -> id (muốn không có gói năm thì bỏ priceAnnualUsd; muốn tắt thử thì thêm memberTrialEnabled:false). Mọi API có tiền tố /api; thành công { data }, lỗi { error: { code, message } }. Case làm thay đổi dữ liệu (MUTATE) - khôi phục bằng npm run db:reset (db:seed là create-only, KHÔNG hoàn tác); hoặc chỉ dùng người dùng/cộng đồng do chính case tạo ra. SQL: docker exec -it sofinhub-postgres psql -U sofinhub -d sofinhub (cột cộng đồng của mọi bảng tên ""courseId""). Job nền: payments.subscriptions mỗi 5 phút, payments.trialReminders mỗi 15 phút. [PHỤ THUỘC QUYẾT ĐỊNH CHƯA CHỐT]","1. U POST /trial {interval:'annual', paymentMethod hợp lệ}
2. POST /communities/<id>/subscription/cancel {atPeriodEnd:true}
3. SQL ép hết thử, chờ job
4. Kiểm tra Payment/Subscription/quyền",cancel khi trial,0 Payment của U; Subscription 'expired' (nhánh dùng thử sẵn có - docs mục 10: hết thử đã hủy chuyển 'expired' không phải 'canceled'); không còn là thành viên.,"Không còn dùng thử miễn phí của thành viên (bỏ 2026-10-14): POST /courses/:id/trial và POST /communities/:id/trial trả 404 nên các bước bắt đầu dùng thử / kết quả 201, 409, 400, 403 của đường này không còn đúng - thay bằng TC-BANK-050."
TC-ANN-109,Gói năm & dialog tham gia,"Job nền: tự trừ cuối dùng thử, nhắc 3 ngày, gia hạn","Nhắc 3 ngày trước ngày trừ: chỉ khi trial có thẻ, không hủy, trong cửa sổ - email (outbox) + thông báo 'Dùng thử sắp kết thúc'",Chức năng,Cao,"DB dev đã nạp seed (npm run db:reset); mật khẩu mọi tài khoản seed Passw0rd!x; backend :4000 (npm run dev), frontend :5173; xem sheet 'Tài khoản & dữ liệu test' mục A9 (dữ liệu seed wizard + gói năm). Người dùng MỚI (đăng ký ở /register hoặc POST /api/auth/register {firstName,lastName,email,password:'Passw0rd!x'}), dùng tài khoản mới cho mỗi case ghi dữ liệu. Cộng đồng có phí do owner mới tạo: POST /api/communities {""title"":""Gói Năm <số ngẫu nhiên>"",""description"":""d"",""category"":""tech"",""priceUsd"":7,""priceAnnualUsd"":48,""visibility"":""public""} -> id (muốn không có gói năm thì bỏ priceAnnualUsd; muốn tắt thử thì thêm memberTrialEnabled:false). Mọi API có tiền tố /api; thành công { data }, lỗi { error: { code, message } }. Case làm thay đổi dữ liệu (MUTATE) - khôi phục bằng npm run db:reset (db:seed là create-only, KHÔNG hoàn tác); hoặc chỉ dùng người dùng/cộng đồng do chính case tạo ra. SQL: docker exec -it sofinhub-postgres psql -U sofinhub -d sofinhub (cột cộng đồng của mọi bảng tên ""courseId""). Job nền: payments.subscriptions mỗi 5 phút, payments.trialReminders mỗi 15 phút. Cần ENABLE_DEV_OUTBOX=1 (backend/.env). [PHỤ THUỘC QUYẾT ĐỊNH CHƯA CHỐT]","1. U POST /trial {interval:'annual', paymentMethod:{last4 4242}}
2. Chờ ngay: GET /api/dev/outbox?to=<email U> -> chưa có thư (còn 7 ngày)
3. SQL: UPDATE ""Subscription"" SET ""currentPeriodEnd""=now()+interval '2.5 days',""trialEndsAt""=now()+interval '2.5 days' WHERE ""userId""='<U>'
4. Chờ job payments.trialReminders (<= 15 phút) rồi GET outbox và GET /api/notifications của U","còn 2,5 ngày","Còn 5+ ngày: chưa gửi gì; còn 2,5 ngày (<= 3): đúng 1 thư có '48.00 USD' và '4242' trong nội dung + 1 thông báo in-app tiêu đề chứa 'Dùng thử sắp kết thúc'; Subscription.trialReminderSentAt có giá trị.","Email/thông báo nhắc 3 ngày chỉ khi trial CÓ THẺ, nội dung ""48.00 USD"" và thẻ ""4242"" không còn: nhắc nay áp cho mọi gói thử, email hướng dẫn chuyển khoản VND - cần viết lại case nhắc (đối chiếu tests/annual-subscription.test.ts)"
TC-ANN-110,Gói năm & dialog tham gia,"Job nền: tự trừ cuối dùng thử, nhắc 3 ngày, gia hạn",Nhắc idempotent: chạy lại/hai instance song song vẫn chỉ 1 thư và 1 thông báo cho mỗi gói,Chức năng,Cao,"DB dev đã nạp seed (npm run db:reset); mật khẩu mọi tài khoản seed Passw0rd!x; backend :4000 (npm run dev), frontend :5173; xem sheet 'Tài khoản & dữ liệu test' mục A9 (dữ liệu seed wizard + gói năm). Người dùng MỚI (đăng ký ở /register hoặc POST /api/auth/register {firstName,lastName,email,password:'Passw0rd!x'}), dùng tài khoản mới cho mỗi case ghi dữ liệu. Cộng đồng có phí do owner mới tạo: POST /api/communities {""title"":""Gói Năm <số ngẫu nhiên>"",""description"":""d"",""category"":""tech"",""priceUsd"":7,""priceAnnualUsd"":48,""visibility"":""public""} -> id (muốn không có gói năm thì bỏ priceAnnualUsd; muốn tắt thử thì thêm memberTrialEnabled:false). Mọi API có tiền tố /api; thành công { data }, lỗi { error: { code, message } }. Case làm thay đổi dữ liệu (MUTATE) - khôi phục bằng npm run db:reset (db:seed là create-only, KHÔNG hoàn tác); hoặc chỉ dùng người dùng/cộng đồng do chính case tạo ra. SQL: docker exec -it sofinhub-postgres psql -U sofinhub -d sofinhub (cột cộng đồng của mọi bảng tên ""courseId""). Job nền: payments.subscriptions mỗi 5 phút, payments.trialReminders mỗi 15 phút. Hai instance BE (xem sheet Tài khoản & dữ liệu test, SETUP 16) hoặc chờ nhiều chu kỳ job.","1. Sau khi đã nhận nhắc, chờ thêm >= 2 chu kỳ job (hoặc chạy 2 instance cùng DB)
2. Đếm thư trong outbox và thông báo",-,Vẫn đúng 1 thư và 1 thông báo (cờ trialReminderSentAt được giành nguyên tử; chỉ một job thắng).,"Không còn dùng thử miễn phí của thành viên (bỏ 2026-10-14): POST /courses/:id/trial và POST /communities/:id/trial trả 404 nên các bước bắt đầu dùng thử / kết quả 201, 409, 400, 403 của đường này không còn đúng - thay bằng TC-BANK-050."
TC-ANN-111,Gói năm & dialog tham gia,"Job nền: tự trừ cuối dùng thử, nhắc 3 ngày, gia hạn","Không nhắc cho: gói đã hủy, gói trial KHÔNG thẻ, gói còn > 3 ngày",Chức năng,Trung bình,"DB dev đã nạp seed (npm run db:reset); mật khẩu mọi tài khoản seed Passw0rd!x; backend :4000 (npm run dev), frontend :5173; xem sheet 'Tài khoản & dữ liệu test' mục A9 (dữ liệu seed wizard + gói năm). Người dùng MỚI (đăng ký ở /register hoặc POST /api/auth/register {firstName,lastName,email,password:'Passw0rd!x'}), dùng tài khoản mới cho mỗi case ghi dữ liệu. Cộng đồng có phí do owner mới tạo: POST /api/communities {""title"":""Gói Năm <số ngẫu nhiên>"",""description"":""d"",""category"":""tech"",""priceUsd"":7,""priceAnnualUsd"":48,""visibility"":""public""} -> id (muốn không có gói năm thì bỏ priceAnnualUsd; muốn tắt thử thì thêm memberTrialEnabled:false). Mọi API có tiền tố /api; thành công { data }, lỗi { error: { code, message } }. Case làm thay đổi dữ liệu (MUTATE) - khôi phục bằng npm run db:reset (db:seed là create-only, KHÔNG hoàn tác); hoặc chỉ dùng người dùng/cộng đồng do chính case tạo ra. SQL: docker exec -it sofinhub-postgres psql -U sofinhub -d sofinhub (cột cộng đồng của mọi bảng tên ""courseId""). Job nền: payments.subscriptions mỗi 5 phút, payments.trialReminders mỗi 15 phút.","1. Tạo 3 người: V (có thẻ + đã hủy), W (không thẻ), X (có thẻ, còn 7 ngày)
2. Ép V,W còn 2,5 ngày
3. Chờ job trialReminders",-,"V, W: trialReminderSentAt vẫn NULL và không có thư; X chưa nhắc.","Tiền đề ""không nhắc cho trial KHÔNG thẻ"" không còn đúng (trial không còn thẻ, nhắc áp dụng cho trial) - cần viết lại case nhắc"
TC-ANN-112,Gói năm & dialog tham gia,"Job nền: tự trừ cuối dùng thử, nhắc 3 ngày, gia hạn","payments.trialReminderDays=0 tắt nhắc; đặt 5 thì nhắc sớm hơn (còn 4,5 ngày đã nhắc)",Chức năng,Thấp,"DB dev đã nạp seed (npm run db:reset); mật khẩu mọi tài khoản seed Passw0rd!x; backend :4000 (npm run dev), frontend :5173; xem sheet 'Tài khoản & dữ liệu test' mục A9 (dữ liệu seed wizard + gói năm). Người dùng MỚI (đăng ký ở /register hoặc POST /api/auth/register {firstName,lastName,email,password:'Passw0rd!x'}), dùng tài khoản mới cho mỗi case ghi dữ liệu. Cộng đồng có phí do owner mới tạo: POST /api/communities {""title"":""Gói Năm <số ngẫu nhiên>"",""description"":""d"",""category"":""tech"",""priceUsd"":7,""priceAnnualUsd"":48,""visibility"":""public""} -> id (muốn không có gói năm thì bỏ priceAnnualUsd; muốn tắt thử thì thêm memberTrialEnabled:false). Mọi API có tiền tố /api; thành công { data }, lỗi { error: { code, message } }. Case làm thay đổi dữ liệu (MUTATE) - khôi phục bằng npm run db:reset (db:seed là create-only, KHÔNG hoàn tác); hoặc chỉ dùng người dùng/cộng đồng do chính case tạo ra. SQL: docker exec -it sofinhub-postgres psql -U sofinhub -d sofinhub (cột cộng đồng của mọi bảng tên ""courseId""). Job nền: payments.subscriptions mỗi 5 phút, payments.trialReminders mỗi 15 phút. [PHỤ THUỘC QUYẾT ĐỊNH CHƯA CHỐT]","1. admin PATCH {""payments"":{""trialReminderDays"":5}}
2. U có thẻ, ép còn 4,5 ngày
3. Chờ job",5,Có thư nhắc (cửa sổ 5 ngày); đặt 0: không có thư.,"Không còn dùng thử miễn phí của thành viên (bỏ 2026-10-14): POST /courses/:id/trial và POST /communities/:id/trial trả 404 nên các bước bắt đầu dùng thử / kết quả 201, 409, 400, 403 của đường này không còn đúng - thay bằng TC-BANK-050."
TC-ANN-115,Gói năm & dialog tham gia,"Job nền: tự trừ cuối dùng thử, nhắc 3 ngày, gia hạn",Cổng thanh toán giả (MockGateway): luôn thành công trừ token tok_mock_declined hoặc người bị ép lỗi trong test,Tích hợp,Thấp,"DB dev đã nạp seed (npm run db:reset); mật khẩu mọi tài khoản seed Passw0rd!x; backend :4000 (npm run dev), frontend :5173; xem sheet 'Tài khoản & dữ liệu test' mục A9 (dữ liệu seed wizard + gói năm).","1. Dùng thẻ UI bất kỳ (token ngẫu nhiên) -> luôn thành công
2. Dùng API với tok_mock_declined -> từ chối ở bước trừ tiền",-,UI không thể giả lập thẻ bị từ chối (token do FE sinh ngẫu nhiên); chỉ API/test BE. Gateway thanh toán thật (Stripe/PayOS) chưa nối.,MockGateway (luôn thành công trừ token tok_mock_declined) đã bị thay bằng BankTransferGateway (chỉ ghi nhận hoàn) - thay bằng TC-BANK-046
TC-ANN-119,Gói năm & dialog tham gia,"Hồi quy, điểm chưa làm, lệch UI-docs-code",Chưa có giao diện quản lý thẻ đã lưu (xem/xóa/đổi thẻ); chỉ có GET /me/payment-methods,Chức năng,Trung bình,"DB dev đã nạp seed (npm run db:reset); mật khẩu mọi tài khoản seed Passw0rd!x; backend :4000 (npm run dev), frontend :5173; xem sheet 'Tài khoản & dữ liệu test' mục A9 (dữ liệu seed wizard + gói năm). Cộng đồng 'annual-demo' (seed): 'Cộng đồng gói năm (demo)', công khai, owner@sofinhub.test làm chủ, $7/tháng + $48/năm (tiết kiệm 43%), dùng thử 7 ngày, màu #2563eb, promise 'Học đều mỗi tuần, tiết kiệm 43% khi trả theo năm', 2 lợi ích, 1 nội quy; 'paid-demo' chỉ có $19/tháng (không giá năm). Đăng nhập UI newbie@sofinhub.test / Passw0rd!x (chưa thuộc cộng đồng nào) hoặc người dùng mới đăng ký. Case làm thay đổi dữ liệu (MUTATE) - khôi phục bằng npm run db:reset (db:seed là create-only, KHÔNG hoàn tác); hoặc chỉ dùng người dùng/cộng đồng do chính case tạo ra.",1. Tìm trong /billing hoặc Cài đặt mục thẻ thanh toán,-,HIỆN TẠI: không có màn; thẻ chỉ được lưu khi nhập ở dialog/wizard và dùng cho tự trừ. Muốn đổi thẻ trước khi hết thử phải hủy rồi (không thể thử lần hai). Kế hoạch.,"""Chưa có giao diện quản lý thẻ đã lưu"" lỗi thời: tính năng thẻ cho gói thành viên đã bỏ (Cài đặt > Thanh toán không còn quản lý thẻ) - thay bằng TC-BANK-045"
TC-ANN-120,Gói năm & dialog tham gia,"Hồi quy, điểm chưa làm, lệch UI-docs-code",Tiền tệ lẫn lộn: hộp thoại gói thành viên theo USD ($7/$48) còn mockup/gói owner tính VND (mockup 3.png dùng $),Giao diện,Trung bình,"DB dev đã nạp seed (npm run db:reset); mật khẩu mọi tài khoản seed Passw0rd!x; backend :4000 (npm run dev), frontend :5173; xem sheet 'Tài khoản & dữ liệu test' mục A9 (dữ liệu seed wizard + gói năm). Cộng đồng 'annual-demo' (seed): 'Cộng đồng gói năm (demo)', công khai, owner@sofinhub.test làm chủ, $7/tháng + $48/năm (tiết kiệm 43%), dùng thử 7 ngày, màu #2563eb, promise 'Học đều mỗi tuần, tiết kiệm 43% khi trả theo năm', 2 lợi ích, 1 nội quy; 'paid-demo' chỉ có $19/tháng (không giá năm). Đăng nhập UI newbie@sofinhub.test / Passw0rd!x (chưa thuộc cộng đồng nào) hoặc người dùng mới đăng ký. [PHỤ THUỘC QUYẾT ĐỊNH CHƯA CHỐT]","1. Đọc giá ở hộp thoại ($) và ở bước 2 wizard (₫)
2. Admin > Cài đặt chung: payments.currency",USD vs VND,payments.currency chỉ lưu (USD mặc định) không đổi giao diện; hộp thoại luôn dùng quote.currency 'USD'. Cần chủ sở hữu chốt tiền tệ thống nhất (A16). Ghi nhận hiện trạng.,"""Tiền tệ lẫn lộn USD/VND"" lỗi thời: toàn hệ thống nay là VND nguyên - thay bằng TC-BANK-040"
TC-ANN-123,Gói năm & dialog tham gia,"Hồi quy, điểm chưa làm, lệch UI-docs-code",Hồi quy: dùng thử KHÔNG thẻ qua API cũ (POST /trial {}) vẫn tạo gói trialing 7 ngày như trước,Chức năng,Cao,"DB dev đã nạp seed (npm run db:reset); mật khẩu mọi tài khoản seed Passw0rd!x; backend :4000 (npm run dev), frontend :5173; xem sheet 'Tài khoản & dữ liệu test' mục A9 (dữ liệu seed wizard + gói năm). Người dùng MỚI (đăng ký ở /register hoặc POST /api/auth/register {firstName,lastName,email,password:'Passw0rd!x'}), dùng tài khoản mới cho mỗi case ghi dữ liệu. Cộng đồng có phí do owner mới tạo: POST /api/communities {""title"":""Gói Năm <số ngẫu nhiên>"",""description"":""d"",""category"":""tech"",""priceUsd"":7,""priceAnnualUsd"":48,""visibility"":""public""} -> id (muốn không có gói năm thì bỏ priceAnnualUsd; muốn tắt thử thì thêm memberTrialEnabled:false). Mọi API có tiền tố /api; thành công { data }, lỗi { error: { code, message } }. Case làm thay đổi dữ liệu (MUTATE) - khôi phục bằng npm run db:reset (db:seed là create-only, KHÔNG hoàn tác); hoặc chỉ dùng người dùng/cộng đồng do chính case tạo ra.",1. POST /communities/paid-demo/trial (không body),-,201 trialing; hết thử là hết quyền (không tự trừ).,"Không còn dùng thử miễn phí của thành viên (bỏ 2026-10-14): POST /courses/:id/trial và POST /communities/:id/trial trả 404 nên các bước bắt đầu dùng thử / kết quả 201, 409, 400, 403 của đường này không còn đúng - thay bằng TC-BANK-050."
TC-ANN-128,Gói năm & dialog tham gia,"Hồi quy, điểm chưa làm, lệch UI-docs-code",Hộp thoại gói không thể chọn phương thức khác (vnpay/momo) - luôn 'stripe' dù API cho phép,Chức năng,Thấp,"DB dev đã nạp seed (npm run db:reset); mật khẩu mọi tài khoản seed Passw0rd!x; backend :4000 (npm run dev), frontend :5173; xem sheet 'Tài khoản & dữ liệu test' mục A9 (dữ liệu seed wizard + gói năm). Cộng đồng 'annual-demo' (seed): 'Cộng đồng gói năm (demo)', công khai, owner@sofinhub.test làm chủ, $7/tháng + $48/năm (tiết kiệm 43%), dùng thử 7 ngày, màu #2563eb, promise 'Học đều mỗi tuần, tiết kiệm 43% khi trả theo năm', 2 lợi ích, 1 nội quy; 'paid-demo' chỉ có $19/tháng (không giá năm). Đăng nhập UI newbie@sofinhub.test / Passw0rd!x (chưa thuộc cộng đồng nào) hoặc người dùng mới đăng ký.",1. Tìm lựa chọn phương thức thanh toán trong hộp thoại,-,HIỆN TẠI: chỉ form thẻ (method 'stripe'); vnpay/momo chỉ tồn tại ở API. Kế hoạch khi nối cổng thật.,"""Hộp thoại luôn method stripe, vnpay/momo chỉ ở API"" lỗi thời: hộp thoại không còn form thẻ/phương thức, chỉ chuyển khoản - thay bằng TC-BANK-042"
TC-ANN-130,Gói năm & dialog tham gia,Giá trong hộp thoại cho cộng đồng catalogue (chỉ gói tháng),"Cộng đồng 'ai' ($7): hộp thoại có 1 thẻ 'Hàng tháng $7/tháng', tổng $7, CTA dùng thử",Giao diện,Thấp,"DB dev đã nạp seed (npm run db:reset); mật khẩu mọi tài khoản seed Passw0rd!x; backend :4000 (npm run dev), frontend :5173; xem sheet 'Tài khoản & dữ liệu test' mục A9 (dữ liệu seed wizard + gói năm). Đăng nhập UI newbie@sofinhub.test / Passw0rd!x hoặc người dùng mới. Cộng đồng catalogue có phí công khai (xem sheet 'Tài khoản & dữ liệu test' mục A7).","1. Mở /communities/ai, bấm 'Tham gia ngay'
2. Đọc thẻ gói, dòng tóm tắt, khung quà",ai $7,Một thẻ 'Hàng tháng' '$7/tháng' + '$7 thanh toán hàng tháng'; tóm tắt '$7/tháng · thanh toán hàng tháng' và tổng '$7'; không nhãn 'Tiết kiệm'; CTA 'Bắt đầu dùng thử miễn phí' (dùng thử 7 ngày) và ghi chú lần thanh toán đầu = giá $7.,"Hộp thoại/trang chi tiết không còn CTA ""Bắt đầu dùng thử miễn phí"", ghi chú dùng thử hay ""Miễn phí dùng thử N ngày"" (quote.trialDays luôn 0, trialEligible false, CTA luôn ""Thanh toán"") - thay bằng TC-BANK-050/051."
TC-ANN-131,Gói năm & dialog tham gia,Giá trong hộp thoại cho cộng đồng catalogue (chỉ gói tháng),"Cộng đồng 'biz' ($9): hộp thoại có 1 thẻ 'Hàng tháng $9/tháng', tổng $9, CTA dùng thử",Giao diện,Thấp,"DB dev đã nạp seed (npm run db:reset); mật khẩu mọi tài khoản seed Passw0rd!x; backend :4000 (npm run dev), frontend :5173; xem sheet 'Tài khoản & dữ liệu test' mục A9 (dữ liệu seed wizard + gói năm). Đăng nhập UI newbie@sofinhub.test / Passw0rd!x hoặc người dùng mới. Cộng đồng catalogue có phí công khai (xem sheet 'Tài khoản & dữ liệu test' mục A7).","1. Mở /communities/biz, bấm 'Tham gia ngay'
2. Đọc thẻ gói, dòng tóm tắt, khung quà",biz $9,Một thẻ 'Hàng tháng' '$9/tháng' + '$9 thanh toán hàng tháng'; tóm tắt '$9/tháng · thanh toán hàng tháng' và tổng '$9'; không nhãn 'Tiết kiệm'; CTA 'Bắt đầu dùng thử miễn phí' (dùng thử 7 ngày) và ghi chú lần thanh toán đầu = giá $9.,"Hộp thoại/trang chi tiết không còn CTA ""Bắt đầu dùng thử miễn phí"", ghi chú dùng thử hay ""Miễn phí dùng thử N ngày"" (quote.trialDays luôn 0, trialEligible false, CTA luôn ""Thanh toán"") - thay bằng TC-BANK-050/051."
TC-ANN-132,Gói năm & dialog tham gia,Giá trong hộp thoại cho cộng đồng catalogue (chỉ gói tháng),"Cộng đồng 'des' ($10): hộp thoại có 1 thẻ 'Hàng tháng $10/tháng', tổng $10, CTA dùng thử",Giao diện,Thấp,"DB dev đã nạp seed (npm run db:reset); mật khẩu mọi tài khoản seed Passw0rd!x; backend :4000 (npm run dev), frontend :5173; xem sheet 'Tài khoản & dữ liệu test' mục A9 (dữ liệu seed wizard + gói năm). Đăng nhập UI newbie@sofinhub.test / Passw0rd!x hoặc người dùng mới. Cộng đồng catalogue có phí công khai (xem sheet 'Tài khoản & dữ liệu test' mục A7).","1. Mở /communities/des, bấm 'Tham gia ngay'
2. Đọc thẻ gói, dòng tóm tắt, khung quà",des $10,Một thẻ 'Hàng tháng' '$10/tháng' + '$10 thanh toán hàng tháng'; tóm tắt '$10/tháng · thanh toán hàng tháng' và tổng '$10'; không nhãn 'Tiết kiệm'; CTA 'Bắt đầu dùng thử miễn phí' (dùng thử 7 ngày) và ghi chú lần thanh toán đầu = giá $10.,"Hộp thoại/trang chi tiết không còn CTA ""Bắt đầu dùng thử miễn phí"", ghi chú dùng thử hay ""Miễn phí dùng thử N ngày"" (quote.trialDays luôn 0, trialEligible false, CTA luôn ""Thanh toán"") - thay bằng TC-BANK-050/051."
TC-ANN-133,Gói năm & dialog tham gia,Giá trong hộp thoại cho cộng đồng catalogue (chỉ gói tháng),"Cộng đồng 'write' ($12): hộp thoại có 1 thẻ 'Hàng tháng $12/tháng', tổng $12, CTA dùng thử",Giao diện,Thấp,"DB dev đã nạp seed (npm run db:reset); mật khẩu mọi tài khoản seed Passw0rd!x; backend :4000 (npm run dev), frontend :5173; xem sheet 'Tài khoản & dữ liệu test' mục A9 (dữ liệu seed wizard + gói năm). Đăng nhập UI newbie@sofinhub.test / Passw0rd!x hoặc người dùng mới. Cộng đồng catalogue có phí công khai (xem sheet 'Tài khoản & dữ liệu test' mục A7).","1. Mở /communities/write, bấm 'Tham gia ngay'
2. Đọc thẻ gói, dòng tóm tắt, khung quà",write $12,Một thẻ 'Hàng tháng' '$12/tháng' + '$12 thanh toán hàng tháng'; tóm tắt '$12/tháng · thanh toán hàng tháng' và tổng '$12'; không nhãn 'Tiết kiệm'; CTA 'Bắt đầu dùng thử miễn phí' (dùng thử 7 ngày) và ghi chú lần thanh toán đầu = giá $12.,"Hộp thoại/trang chi tiết không còn CTA ""Bắt đầu dùng thử miễn phí"", ghi chú dùng thử hay ""Miễn phí dùng thử N ngày"" (quote.trialDays luôn 0, trialEligible false, CTA luôn ""Thanh toán"") - thay bằng TC-BANK-050/051."
TC-ANN-134,Gói năm & dialog tham gia,Giá trong hộp thoại cho cộng đồng catalogue (chỉ gói tháng),"Cộng đồng 'mkt' ($15): hộp thoại có 1 thẻ 'Hàng tháng $15/tháng', tổng $15, CTA dùng thử",Giao diện,Thấp,"DB dev đã nạp seed (npm run db:reset); mật khẩu mọi tài khoản seed Passw0rd!x; backend :4000 (npm run dev), frontend :5173; xem sheet 'Tài khoản & dữ liệu test' mục A9 (dữ liệu seed wizard + gói năm). Đăng nhập UI newbie@sofinhub.test / Passw0rd!x hoặc người dùng mới. Cộng đồng catalogue có phí công khai (xem sheet 'Tài khoản & dữ liệu test' mục A7).","1. Mở /communities/mkt, bấm 'Tham gia ngay'
2. Đọc thẻ gói, dòng tóm tắt, khung quà",mkt $15,Một thẻ 'Hàng tháng' '$15/tháng' + '$15 thanh toán hàng tháng'; tóm tắt '$15/tháng · thanh toán hàng tháng' và tổng '$15'; không nhãn 'Tiết kiệm'; CTA 'Bắt đầu dùng thử miễn phí' (dùng thử 7 ngày) và ghi chú lần thanh toán đầu = giá $15.,"Hộp thoại/trang chi tiết không còn CTA ""Bắt đầu dùng thử miễn phí"", ghi chú dùng thử hay ""Miễn phí dùng thử N ngày"" (quote.trialDays luôn 0, trialEligible false, CTA luôn ""Thanh toán"") - thay bằng TC-BANK-050/051."
TC-ANN-135,Gói năm & dialog tham gia,Giá trong hộp thoại cho cộng đồng catalogue (chỉ gói tháng),"Cộng đồng 'py' ($7): hộp thoại có 1 thẻ 'Hàng tháng $7/tháng', tổng $7, CTA dùng thử",Giao diện,Thấp,"DB dev đã nạp seed (npm run db:reset); mật khẩu mọi tài khoản seed Passw0rd!x; backend :4000 (npm run dev), frontend :5173; xem sheet 'Tài khoản & dữ liệu test' mục A9 (dữ liệu seed wizard + gói năm). Đăng nhập UI newbie@sofinhub.test / Passw0rd!x hoặc người dùng mới. Cộng đồng catalogue có phí công khai (xem sheet 'Tài khoản & dữ liệu test' mục A7).","1. Mở /communities/py, bấm 'Tham gia ngay'
2. Đọc thẻ gói, dòng tóm tắt, khung quà",py $7,Một thẻ 'Hàng tháng' '$7/tháng' + '$7 thanh toán hàng tháng'; tóm tắt '$7/tháng · thanh toán hàng tháng' và tổng '$7'; không nhãn 'Tiết kiệm'; CTA 'Bắt đầu dùng thử miễn phí' (dùng thử 7 ngày) và ghi chú lần thanh toán đầu = giá $7.,"Hộp thoại/trang chi tiết không còn CTA ""Bắt đầu dùng thử miễn phí"", ghi chú dùng thử hay ""Miễn phí dùng thử N ngày"" (quote.trialDays luôn 0, trialEligible false, CTA luôn ""Thanh toán"") - thay bằng TC-BANK-050/051."
TC-ANN-136,Gói năm & dialog tham gia,Giá trong hộp thoại cho cộng đồng catalogue (chỉ gói tháng),"Cộng đồng 'data' ($5): hộp thoại có 1 thẻ 'Hàng tháng $5/tháng', tổng $5, CTA dùng thử",Giao diện,Thấp,"DB dev đã nạp seed (npm run db:reset); mật khẩu mọi tài khoản seed Passw0rd!x; backend :4000 (npm run dev), frontend :5173; xem sheet 'Tài khoản & dữ liệu test' mục A9 (dữ liệu seed wizard + gói năm). Đăng nhập UI newbie@sofinhub.test / Passw0rd!x hoặc người dùng mới. Cộng đồng catalogue có phí công khai (xem sheet 'Tài khoản & dữ liệu test' mục A7).","1. Mở /communities/data, bấm 'Tham gia ngay'
2. Đọc thẻ gói, dòng tóm tắt, khung quà",data $5,Một thẻ 'Hàng tháng' '$5/tháng' + '$5 thanh toán hàng tháng'; tóm tắt '$5/tháng · thanh toán hàng tháng' và tổng '$5'; không nhãn 'Tiết kiệm'; CTA 'Bắt đầu dùng thử miễn phí' (dùng thử 7 ngày) và ghi chú lần thanh toán đầu = giá $5.,"Hộp thoại/trang chi tiết không còn CTA ""Bắt đầu dùng thử miễn phí"", ghi chú dùng thử hay ""Miễn phí dùng thử N ngày"" (quote.trialDays luôn 0, trialEligible false, CTA luôn ""Thanh toán"") - thay bằng TC-BANK-050/051."
TC-ANN-137,Gói năm & dialog tham gia,Giá trong hộp thoại cho cộng đồng catalogue (chỉ gói tháng),"Cộng đồng 'yoga' ($8): hộp thoại có 1 thẻ 'Hàng tháng $8/tháng', tổng $8, CTA dùng thử",Giao diện,Thấp,"DB dev đã nạp seed (npm run db:reset); mật khẩu mọi tài khoản seed Passw0rd!x; backend :4000 (npm run dev), frontend :5173; xem sheet 'Tài khoản & dữ liệu test' mục A9 (dữ liệu seed wizard + gói năm). Đăng nhập UI newbie@sofinhub.test / Passw0rd!x hoặc người dùng mới. Cộng đồng catalogue có phí công khai (xem sheet 'Tài khoản & dữ liệu test' mục A7).","1. Mở /communities/yoga, bấm 'Tham gia ngay'
2. Đọc thẻ gói, dòng tóm tắt, khung quà",yoga $8,Một thẻ 'Hàng tháng' '$8/tháng' + '$8 thanh toán hàng tháng'; tóm tắt '$8/tháng · thanh toán hàng tháng' và tổng '$8'; không nhãn 'Tiết kiệm'; CTA 'Bắt đầu dùng thử miễn phí' (dùng thử 7 ngày) và ghi chú lần thanh toán đầu = giá $8.,"Hộp thoại/trang chi tiết không còn CTA ""Bắt đầu dùng thử miễn phí"", ghi chú dùng thử hay ""Miễn phí dùng thử N ngày"" (quote.trialDays luôn 0, trialEligible false, CTA luôn ""Thanh toán"") - thay bằng TC-BANK-050/051."
TC-ANN-138,Gói năm & dialog tham gia,Giá trong hộp thoại cho cộng đồng catalogue (chỉ gói tháng),"Cộng đồng 'cook' ($19): hộp thoại có 1 thẻ 'Hàng tháng $19/tháng', tổng $19, CTA dùng thử",Giao diện,Thấp,"DB dev đã nạp seed (npm run db:reset); mật khẩu mọi tài khoản seed Passw0rd!x; backend :4000 (npm run dev), frontend :5173; xem sheet 'Tài khoản & dữ liệu test' mục A9 (dữ liệu seed wizard + gói năm). Đăng nhập UI newbie@sofinhub.test / Passw0rd!x hoặc người dùng mới. Cộng đồng catalogue có phí công khai (xem sheet 'Tài khoản & dữ liệu test' mục A7).","1. Mở /communities/cook, bấm 'Tham gia ngay'
2. Đọc thẻ gói, dòng tóm tắt, khung quà",cook $19,Một thẻ 'Hàng tháng' '$19/tháng' + '$19 thanh toán hàng tháng'; tóm tắt '$19/tháng · thanh toán hàng tháng' và tổng '$19'; không nhãn 'Tiết kiệm'; CTA 'Bắt đầu dùng thử miễn phí' (dùng thử 7 ngày) và ghi chú lần thanh toán đầu = giá $19.,"Hộp thoại/trang chi tiết không còn CTA ""Bắt đầu dùng thử miễn phí"", ghi chú dùng thử hay ""Miễn phí dùng thử N ngày"" (quote.trialDays luôn 0, trialEligible false, CTA luôn ""Thanh toán"") - thay bằng TC-BANK-050/051."
TC-ANN-139,Gói năm & dialog tham gia,Cộng đồng annual-demo & hiển thị giá năm ngoài hộp thoại,"annual-demo: GET /communities/annual-demo có priceAnnualUsd 48, annualSavingsPct 43, memberTrialEnabled true, brandColor, promise, benefits, rules",Tích hợp,Cao,"DB dev đã nạp seed (npm run db:reset); mật khẩu mọi tài khoản seed Passw0rd!x; backend :4000 (npm run dev), frontend :5173; xem sheet 'Tài khoản & dữ liệu test' mục A9 (dữ liệu seed wizard + gói năm).",1. GET /api/communities/annual-demo (không token),annual-demo,"200: priceUsd 7, priceAnnualUsd 48, annualSavingsPct 43, memberTrialEnabled true, brandColor '#2563eb', promise 'Học đều mỗi tuần, tiết kiệm 43% khi trả theo năm', benefits 2 mục, rules 1 mục ('Tôn trọng lẫn nhau'), joinQuestions [], visibility 'public', pricing 'paid'.","Community.memberTrialEnabled luôn false trong API và bị bỏ qua khi tạo/sửa/wizard (schema vẫn nhận field nhưng không lưu); trialDays của bước thành viên luôn 0 nên kết quả mong đợi (memberTrialEnabled true, trialDays 7, tóm tắt ""dùng thử 7 ngày"") không còn đúng - thay bằng TC-BANK-050."
TC-ANN-144,Gói năm & dialog tham gia,"Kịch bản bổ sung (an toàn, đồng thời, UX)","Hai request /trial song song cùng người: một 201, một 409, đúng 1 gói sống",Hiệu năng,Cao,"DB dev đã nạp seed (npm run db:reset); mật khẩu mọi tài khoản seed Passw0rd!x; backend :4000 (npm run dev), frontend :5173; xem sheet 'Tài khoản & dữ liệu test' mục A9 (dữ liệu seed wizard + gói năm). Người dùng MỚI (đăng ký ở /register hoặc POST /api/auth/register). Mọi API có tiền tố /api. Cộng đồng có phí do owner mới tạo: POST /api/communities {title, description, category:'tech', priceUsd:7, priceAnnualUsd:48, visibility:'public'}. Case làm thay đổi dữ liệu (MUTATE) - khôi phục bằng npm run db:reset (db:seed là create-only, KHÔNG hoàn tác); hoặc chỉ dùng người dùng/cộng đồng do chính case tạo ra. SQL: docker exec -it sofinhub-postgres psql -U sofinhub -d sofinhub.","1. U gửi 2 POST /communities/<id>/trial cùng lúc (Promise.all)
2. SELECT count(*) FROM ""Subscription"" WHERE ""userId""='<U>' AND status IN ('trialing','active')",song song,"Một 201 + một 409; count = 1 (partial unique index 1 gói sống/(user, cộng đồng)).","Không còn dùng thử miễn phí của thành viên (bỏ 2026-10-14): POST /courses/:id/trial và POST /communities/:id/trial trả 404 nên các bước bắt đầu dùng thử / kết quả 201, 409, 400, 403 của đường này không còn đúng - thay bằng TC-BANK-050."
TC-ANN-145,Gói năm & dialog tham gia,"Kịch bản bổ sung (an toàn, đồng thời, UX)","Hai confirm song song cùng một intent: cổng chỉ bị gọi 1 lần, chỉ 1 Payment succeeded",Hiệu năng,Cao,"DB dev đã nạp seed (npm run db:reset); mật khẩu mọi tài khoản seed Passw0rd!x; backend :4000 (npm run dev), frontend :5173; xem sheet 'Tài khoản & dữ liệu test' mục A9 (dữ liệu seed wizard + gói năm). Người dùng MỚI (đăng ký ở /register hoặc POST /api/auth/register). Mọi API có tiền tố /api. Cộng đồng có phí do owner mới tạo: POST /api/communities {title, description, category:'tech', priceUsd:7, priceAnnualUsd:48, visibility:'public'}. Case làm thay đổi dữ liệu (MUTATE) - khôi phục bằng npm run db:reset (db:seed là create-only, KHÔNG hoàn tác); hoặc chỉ dùng người dùng/cộng đồng do chính case tạo ra. SQL: docker exec -it sofinhub-postgres psql -U sofinhub -d sofinhub.","1. U POST checkout, rồi 2 POST /payments/<id>/confirm cùng lúc
2. SELECT count(*) FROM ""Payment"" WHERE ""userId""='<U>' AND status='succeeded'",song song,Cả hai trả cùng kết quả succeeded; count = 1 (idempotent / chống double-confirm).,"Hai confirm song song ""cổng chỉ bị gọi 1 lần"" không còn: confirm không gọi cổng/không trừ tiền - thay bằng TC-BANK-025, TC-BANK-011"
TC-ANN-148,Gói năm & dialog tham gia,"Kịch bản bổ sung (an toàn, đồng thời, UX)",Hủy dùng thử từ /billing: 'Hủy gói' (cuối kỳ/ngay); hết thử khi đã hủy -> không bị trừ,Chức năng,Cao,"DB dev đã nạp seed (npm run db:reset); mật khẩu mọi tài khoản seed Passw0rd!x; backend :4000 (npm run dev), frontend :5173; xem sheet 'Tài khoản & dữ liệu test' mục A9 (dữ liệu seed wizard + gói năm). Đăng nhập UI newbie@sofinhub.test / Passw0rd!x hoặc người dùng mới. Case làm thay đổi dữ liệu (MUTATE) - khôi phục bằng npm run db:reset (db:seed là create-only, KHÔNG hoàn tác); hoặc chỉ dùng người dùng/cộng đồng do chính case tạo ra.","1. Dùng thử gói năm ở annual-demo
2. Mở /billing, bấm 'Hủy gói', chọn 'Hủy vào cuối kỳ'
3. Quan sát trạng thái",-,Modal 'Hủy gói thành viên' với 2 lựa chọn ('Hủy vào cuối kỳ' / 'Hủy ngay'); trạng thái hiển thị đã hủy cuối kỳ; sau khi hết thử: không Payment (xem case job). Khung quà ở dialog hứa 'Hủy bất cứ lúc nào chỉ với 1 lần bấm' - cần 2 bước (mở modal + chọn) ở /billing: ghi nhận.,"Không còn dùng thử miễn phí của thành viên (bỏ 2026-10-14): POST /courses/:id/trial và POST /communities/:id/trial trả 404 nên các bước bắt đầu dùng thử / kết quả 201, 409, 400, 403 của đường này không còn đúng - thay bằng TC-BANK-050."
TC-ANN-150,Gói năm & dialog tham gia,"Kịch bản bổ sung (an toàn, đồng thời, UX)",Thông báo in-app 'Dùng thử sắp kết thúc' hiển thị ở chuông thông báo và dẫn tới cộng đồng,Chức năng,Trung bình,"DB dev đã nạp seed (npm run db:reset); mật khẩu mọi tài khoản seed Passw0rd!x; backend :4000 (npm run dev), frontend :5173; xem sheet 'Tài khoản & dữ liệu test' mục A9 (dữ liệu seed wizard + gói năm). Đăng nhập UI newbie@sofinhub.test / Passw0rd!x hoặc người dùng mới. Case làm thay đổi dữ liệu (MUTATE) - khôi phục bằng npm run db:reset (db:seed là create-only, KHÔNG hoàn tác); hoặc chỉ dùng người dùng/cộng đồng do chính case tạo ra. SQL: docker exec -it sofinhub-postgres psql -U sofinhub -d sofinhub. Job nền trialReminders (15 phút).","1. Dùng thử có thẻ, ép còn 2,5 ngày bằng SQL, chờ job
2. Mở chuông thông báo trên Header",-,Có thông báo 'Dùng thử sắp kết thúc' (kèm số tiền/ngày trừ) và bấm vào mở trang cộng đồng; đã đọc/chưa đọc hoạt động như thông báo khác.,"Không còn dùng thử miễn phí của thành viên (bỏ 2026-10-14): POST /courses/:id/trial và POST /communities/:id/trial trả 404 nên các bước bắt đầu dùng thử / kết quả 201, 409, 400, 403 của đường này không còn đúng - thay bằng TC-BANK-050."
TC-ANN-151,Gói năm & dialog tham gia,"Kịch bản bổ sung (an toàn, đồng thời, UX)","Mô phỏng thời gian xử lý: sau checkout đợi ~0,6s rồi confirm, người dùng thấy 'Đang xử lý…' liên tục",Giao diện,Thấp,"DB dev đã nạp seed (npm run db:reset); mật khẩu mọi tài khoản seed Passw0rd!x; backend :4000 (npm run dev), frontend :5173; xem sheet 'Tài khoản & dữ liệu test' mục A9 (dữ liệu seed wizard + gói năm). Đăng nhập UI newbie@sofinhub.test / Passw0rd!x hoặc người dùng mới. Case làm thay đổi dữ liệu (MUTATE) - khôi phục bằng npm run db:reset (db:seed là create-only, KHÔNG hoàn tác); hoặc chỉ dùng người dùng/cộng đồng do chính case tạo ra.","1. Thanh toán (không thử) và quan sát nhãn nút qua 3 request (checkout, chờ, confirm)",-,Nhãn 'Đang xử lý…' suốt quá trình; không nhấp nháy về 'Thanh toán' giữa hai request.,"Mô phỏng ~0,6s sau checkout rồi confirm với nhãn ""Đang xử lý…"" không còn; nay hiện mã+QR và poll trạng thái ~4s - thay bằng TC-BANK-042, TC-BANK-043"
TC-SETB-001,Cài đặt - Thanh toán,Bố cục & trạng thái trống,"Tab Thanh toán đối chiếu mockup: thẻ 'Phương thức thanh toán' + thẻ tối 'Lần trừ tiền tiếp theo', 'Gói thành viên của tôi', 'Lịch sử thanh toán'",Giao diện,Cao,"DB dev đã nạp seed (npm run db:reset); mật khẩu mọi tài khoản seed Passw0rd!x; backend :4000 (npm run dev), frontend :5173; xem sheet 'Tài khoản & dữ liệu test' mục A10 (dữ liệu/ môi trường cho Cài đặt). Đăng nhập UI member1@sofinhub.test / Passw0rd!x (có gói thành viên ở paid-demo; xem sheet Tài khoản) rồi mở /settings/thanh-toan. Mockup template.html 'Cai dat ho so' mở song song để đối chiếu.","1. Mở /settings/thanh-toan
2. So sánh 4 khối với template.html",-,"Hàng 1 (>= 1180px hai cột 1.15fr/1fr, hẹp hơn xếp dọc): 'Phương thức thanh toán' ('Quản lý thẻ thanh toán của bạn.') và thẻ tối gradient xanh rêu 'Lần trừ tiền tiếp theo' (số tiền 38px, ngày · tên cộng đồng, đường kẻ, 'Tổng mỗi tháng'). Hàng 2 'Gói thành viên của tôi' ('Danh sách các cộng đồng bạn đang tham gia.'). Hàng 3 'Lịch sử thanh toán' ('Xem lại các giao dịch thanh toán của bạn.') với nút 'Tải tất cả (CSV)'.","Quản lý thẻ ở Cài đặt > Thanh toán (danh sách thẻ, menu thẻ, thêm/cập nhật/xóa thẻ, hộp thoại thẻ, trạng thái trống ""chưa lưu thẻ"") đã bị gỡ khi chuyển sang chuyển khoản VietQR (CardModal bị xóa; tab nay có ""Thanh toán ngay"" cho hóa đơn gia hạn đang chờ) - thay bằng TC-BANK-045"
TC-SETB-002,Cài đặt - Thanh toán,Bố cục & trạng thái trống,"Tài khoản mới (không thẻ/gói/giao dịch): ba trạng thái trống đúng chữ, thẻ tối $0.00",Giao diện,Cao,"DB dev đã nạp seed (npm run db:reset); mật khẩu mọi tài khoản seed Passw0rd!x; backend :4000 (npm run dev), frontend :5173; xem sheet 'Tài khoản & dữ liệu test' mục A10 (dữ liệu/ môi trường cho Cài đặt). Người dùng MỚI (đăng ký ở /register hoặc POST /api/auth/register {firstName,lastName,email,password:'Passw0rd!x'}) - dùng tài khoản mới mỗi lần chạy để không dính dữ liệu cũ (handle, 2FA, thẻ, giới hạn). Đăng nhập UI bằng tài khoản mới đó, mở /settings/thanh-toan. Case làm thay đổi dữ liệu (MUTATE) - khôi phục bằng npm run db:reset (db:seed là create-only, KHÔNG hoàn tác); hoặc chỉ dùng người dùng do chính case tạo ra.",1. Mở /settings/thanh-toan,-,"Thẻ: 'Bạn chưa lưu thẻ nào. Thêm thẻ để gia hạn gói thành viên tự động.'; thẻ tối: '$0.00', 'Không có gói nào đang hoạt động', 'Tổng mỗi tháng' = $0.00; gói: 'Bạn chưa có gói thành viên trả phí hoặc dùng thử nào.'; lịch sử: 'Chưa có giao dịch nào.' (nút 'Cập nhật thẻ' xanh bị vô hiệu).","Quản lý thẻ ở Cài đặt > Thanh toán (danh sách thẻ, menu thẻ, thêm/cập nhật/xóa thẻ, hộp thoại thẻ, trạng thái trống ""chưa lưu thẻ"") đã bị gỡ khi chuyển sang chuyển khoản VietQR (CardModal bị xóa; tab nay có ""Thanh toán ngay"" cho hóa đơn gia hạn đang chờ) - thay bằng TC-BANK-045"
TC-SETB-004,Cài đặt - Thanh toán,Thẻ thanh toán - danh sách & menu,"Hàng thẻ: ô thương hiệu 74x54, '•••• <4 số cuối>', 'Hết hạn MM/YY', nhãn xanh 'Mặc định' cho thẻ mặc định",Giao diện,Cao,"DB dev đã nạp seed (npm run db:reset); mật khẩu mọi tài khoản seed Passw0rd!x; backend :4000 (npm run dev), frontend :5173; xem sheet 'Tài khoản & dữ liệu test' mục A10 (dữ liệu/ môi trường cho Cài đặt). Người dùng MỚI (đăng ký ở /register hoặc POST /api/auth/register {firstName,lastName,email,password:'Passw0rd!x'}) - dùng tài khoản mới mỗi lần chạy để không dính dữ liệu cũ (handle, 2FA, thẻ, giới hạn). Đăng nhập UI bằng tài khoản mới đó, mở /settings/thanh-toan. Case làm thay đổi dữ liệu (MUTATE) - khôi phục bằng npm run db:reset (db:seed là create-only, KHÔNG hoàn tác); hoặc chỉ dùng người dùng do chính case tạo ra. Đã thêm 2 thẻ (Visa 4242 rồi Mastercard 4444).",1. Quan sát danh sách thẻ,-,"Thẻ đầu tiên (Visa) là 'Mặc định' và đứng đầu; thẻ sau không đổi mặc định; ô thương hiệu hiển thị chữ nghiêng đậm (VISA/MC/AMEX/DISC/JCB/UP/DC, loại khác 'CARD').","Quản lý thẻ ở Cài đặt > Thanh toán (danh sách thẻ, menu thẻ, thêm/cập nhật/xóa thẻ, hộp thoại thẻ, trạng thái trống ""chưa lưu thẻ"") đã bị gỡ khi chuyển sang chuyển khoản VietQR (CardModal bị xóa; tab nay có ""Thanh toán ngay"" cho hóa đơn gia hạn đang chờ) - thay bằng TC-BANK-045"
TC-SETB-005,Cài đặt - Thanh toán,Thẻ thanh toán - danh sách & menu,Thẻ đã hết hạn: dòng chữ đỏ đậm 'Đã hết hạn MM/YY',Giao diện,Thấp,"DB dev đã nạp seed (npm run db:reset); mật khẩu mọi tài khoản seed Passw0rd!x; backend :4000 (npm run dev), frontend :5173; xem sheet 'Tài khoản & dữ liệu test' mục A10 (dữ liệu/ môi trường cho Cài đặt). Người dùng MỚI (đăng ký ở /register hoặc POST /api/auth/register {firstName,lastName,email,password:'Passw0rd!x'}) - dùng tài khoản mới mỗi lần chạy để không dính dữ liệu cũ (handle, 2FA, thẻ, giới hạn). Đăng nhập UI bằng tài khoản mới đó, mở /settings/thanh-toan. Case làm thay đổi dữ liệu (MUTATE) - khôi phục bằng npm run db:reset (db:seed là create-only, KHÔNG hoàn tác); hoặc chỉ dùng người dùng do chính case tạo ra. Có psql: docker exec -it sofinhub-postgres psql -U <user> -d <db> (xem DEPLOY.md) để ép dữ liệu/ thời gian. Ép hạn quá khứ: UPDATE ""PaymentCard"" SET ""expYear""=2024 WHERE last4='4242' AND ""userId""='<id>';",1. Mở tab sau khi ép hạn,exp 2024,Hàng hiển thị 'Đã hết hạn 12/24' màu đỏ #dc2626 thay vì 'Hết hạn …'.,"Quản lý thẻ ở Cài đặt > Thanh toán (danh sách thẻ, menu thẻ, thêm/cập nhật/xóa thẻ, hộp thoại thẻ, trạng thái trống ""chưa lưu thẻ"") đã bị gỡ khi chuyển sang chuyển khoản VietQR (CardModal bị xóa; tab nay có ""Thanh toán ngay"" cho hóa đơn gia hạn đang chờ) - thay bằng TC-BANK-045"
TC-SETB-006,Cài đặt - Thanh toán,Thẻ thanh toán - danh sách & menu,"Menu ⋯ (aria-label 'Tùy chọn thẻ <4 số>'): thẻ không mặc định có 'Đặt làm mặc định', 'Cập nhật thẻ', 'Xóa thẻ'; thẻ mặc định KHÔNG có 'Đặt làm mặc định'",Chức năng,Cao,"DB dev đã nạp seed (npm run db:reset); mật khẩu mọi tài khoản seed Passw0rd!x; backend :4000 (npm run dev), frontend :5173; xem sheet 'Tài khoản & dữ liệu test' mục A10 (dữ liệu/ môi trường cho Cài đặt). Người dùng MỚI (đăng ký ở /register hoặc POST /api/auth/register {firstName,lastName,email,password:'Passw0rd!x'}) - dùng tài khoản mới mỗi lần chạy để không dính dữ liệu cũ (handle, 2FA, thẻ, giới hạn). Đăng nhập UI bằng tài khoản mới đó, mở /settings/thanh-toan. Case làm thay đổi dữ liệu (MUTATE) - khôi phục bằng npm run db:reset (db:seed là create-only, KHÔNG hoàn tác); hoặc chỉ dùng người dùng do chính case tạo ra. Đã có 2 thẻ.","1. Mở ⋯ của thẻ mặc định
2. Mở ⋯ của thẻ còn lại",-,"Mặc định: 2 mục (Cập nhật thẻ, Xóa thẻ đỏ); thẻ khác: 3 mục. 'Xóa thẻ' luôn có (mockup ẩn khi chỉ còn 1 thẻ - xem case Kế hoạch).","Quản lý thẻ ở Cài đặt > Thanh toán (danh sách thẻ, menu thẻ, thêm/cập nhật/xóa thẻ, hộp thoại thẻ, trạng thái trống ""chưa lưu thẻ"") đã bị gỡ khi chuyển sang chuyển khoản VietQR (CardModal bị xóa; tab nay có ""Thanh toán ngay"" cho hóa đơn gia hạn đang chờ) - thay bằng TC-BANK-045"
TC-SETB-007,Cài đặt - Thanh toán,Thẻ thanh toán - danh sách & menu,"'Đặt làm mặc định': toast 'Đã đặt thẻ •••• <4 số> làm mặc định', thẻ đó lên đầu + nhãn 'Mặc định'; gói đang gia hạn chuyển sang thẻ này",Chức năng,Cao,"DB dev đã nạp seed (npm run db:reset); mật khẩu mọi tài khoản seed Passw0rd!x; backend :4000 (npm run dev), frontend :5173; xem sheet 'Tài khoản & dữ liệu test' mục A10 (dữ liệu/ môi trường cho Cài đặt). Người dùng MỚI (đăng ký ở /register hoặc POST /api/auth/register {firstName,lastName,email,password:'Passw0rd!x'}) - dùng tài khoản mới mỗi lần chạy để không dính dữ liệu cũ (handle, 2FA, thẻ, giới hạn). Đăng nhập UI bằng tài khoản mới đó, mở /settings/thanh-toan. Case làm thay đổi dữ liệu (MUTATE) - khôi phục bằng npm run db:reset (db:seed là create-only, KHÔNG hoàn tác); hoặc chỉ dùng người dùng do chính case tạo ra. Cộng đồng có phí để mua gói: 'paid-demo' ($19/tháng) hoặc 'annual-demo' ($7/tháng + $48/năm, thử 7 ngày); mua ở /communities/<id>/checkout bằng thẻ test 4242 4242 4242 4242, hạn tương lai, CVC 123. Đã có 2 thẻ và 1 gói đang chạy.","1. Chọn 'Đặt làm mặc định' ở thẻ thứ hai
2. F5",-,Toast thành công; thứ tự thẻ đảo; PATCH /me/payment-methods/<id>/default trả mảng đã sắp xếp; subscription.paymentCardId = thẻ mới (kiểm tra SQL hoặc API).,"Quản lý thẻ ở Cài đặt > Thanh toán (danh sách thẻ, menu thẻ, thêm/cập nhật/xóa thẻ, hộp thoại thẻ, trạng thái trống ""chưa lưu thẻ"") đã bị gỡ khi chuyển sang chuyển khoản VietQR (CardModal bị xóa; tab nay có ""Thanh toán ngay"" cho hóa đơn gia hạn đang chờ) - thay bằng TC-BANK-045"
TC-SETB-008,Cài đặt - Thanh toán,Thẻ thanh toán - danh sách & menu,"Nút 'Cập nhật thẻ' (xanh, cạnh 'Thêm thẻ') mở modal cập nhật cho THẺ MẶC ĐỊNH",Chức năng,Trung bình,"DB dev đã nạp seed (npm run db:reset); mật khẩu mọi tài khoản seed Passw0rd!x; backend :4000 (npm run dev), frontend :5173; xem sheet 'Tài khoản & dữ liệu test' mục A10 (dữ liệu/ môi trường cho Cài đặt). Người dùng MỚI (đăng ký ở /register hoặc POST /api/auth/register {firstName,lastName,email,password:'Passw0rd!x'}) - dùng tài khoản mới mỗi lần chạy để không dính dữ liệu cũ (handle, 2FA, thẻ, giới hạn). Đăng nhập UI bằng tài khoản mới đó, mở /settings/thanh-toan. Case làm thay đổi dữ liệu (MUTATE) - khôi phục bằng npm run db:reset (db:seed là create-only, KHÔNG hoàn tác); hoặc chỉ dùng người dùng do chính case tạo ra. Đã có 2 thẻ.",1. Bấm 'Cập nhật thẻ' ở dưới danh sách,-,Modal 'Cập nhật thẻ mặc định'; menu ⋯ của thẻ khác mở 'Cập nhật thẻ •••• <4 số>'.,"Quản lý thẻ ở Cài đặt > Thanh toán (danh sách thẻ, menu thẻ, thêm/cập nhật/xóa thẻ, hộp thoại thẻ, trạng thái trống ""chưa lưu thẻ"") đã bị gỡ khi chuyển sang chuyển khoản VietQR (CardModal bị xóa; tab nay có ""Thanh toán ngay"" cho hóa đơn gia hạn đang chờ) - thay bằng TC-BANK-045"
TC-SETB-009,Cài đặt - Thanh toán,Thẻ thanh toán - thêm / cập nhật (modal),"Modal 'Thêm thẻ mới': tiêu đề, lời nhắn bảo mật, 3 ô và placeholder, CTA 'Thêm thẻ'",Giao diện,Cao,"DB dev đã nạp seed (npm run db:reset); mật khẩu mọi tài khoản seed Passw0rd!x; backend :4000 (npm run dev), frontend :5173; xem sheet 'Tài khoản & dữ liệu test' mục A10 (dữ liệu/ môi trường cho Cài đặt). Người dùng MỚI (đăng ký ở /register hoặc POST /api/auth/register {firstName,lastName,email,password:'Passw0rd!x'}) - dùng tài khoản mới mỗi lần chạy để không dính dữ liệu cũ (handle, 2FA, thẻ, giới hạn). Đăng nhập UI bằng tài khoản mới đó, mở /settings/thanh-toan. Case làm thay đổi dữ liệu (MUTATE) - khôi phục bằng npm run db:reset (db:seed là create-only, KHÔNG hoàn tác); hoặc chỉ dùng người dùng do chính case tạo ra.",1. Bấm 'Thêm thẻ',-,"Tiêu đề 'Thêm thẻ mới', mô tả 'Thông tin thẻ được mã hóa và lưu an toàn.', ô 'Số thẻ' (1234 1234 1234 1234, autofocus), 'Hết hạn' (MM/YY), 'CVC' (123), nút Hủy + 'Thêm thẻ'. Esc/nền/Hủy đóng modal.","Quản lý thẻ ở Cài đặt > Thanh toán (danh sách thẻ, menu thẻ, thêm/cập nhật/xóa thẻ, hộp thoại thẻ, trạng thái trống ""chưa lưu thẻ"") đã bị gỡ khi chuyển sang chuyển khoản VietQR (CardModal bị xóa; tab nay có ""Thanh toán ngay"" cho hóa đơn gia hạn đang chờ) - thay bằng TC-BANK-045"
TC-SETB-010,Cài đặt - Thanh toán,Thẻ thanh toán - thêm / cập nhật (modal),"Thêm thẻ Visa 4242 4242 4242 4242 -> toast 'Đã thêm thẻ •••• 4242', ô thương hiệu 'VISA'",Chức năng,Cao,"DB dev đã nạp seed (npm run db:reset); mật khẩu mọi tài khoản seed Passw0rd!x; backend :4000 (npm run dev), frontend :5173; xem sheet 'Tài khoản & dữ liệu test' mục A10 (dữ liệu/ môi trường cho Cài đặt). Người dùng MỚI (đăng ký ở /register hoặc POST /api/auth/register {firstName,lastName,email,password:'Passw0rd!x'}) - dùng tài khoản mới mỗi lần chạy để không dính dữ liệu cũ (handle, 2FA, thẻ, giới hạn). Đăng nhập UI bằng tài khoản mới đó, mở /settings/thanh-toan. Case làm thay đổi dữ liệu (MUTATE) - khôi phục bằng npm run db:reset (db:seed là create-only, KHÔNG hoàn tác); hoặc chỉ dùng người dùng do chính case tạo ra.","1. Bấm 'Thêm thẻ'
2. Số thẻ 4242 4242 4242 4242, hết hạn 12/29, CVC 123
3. Bấm 'Thêm thẻ'",4242 4242 4242 4242,"Số thẻ được tự nhóm (4-4-4-4); thành công: toast 'Đã thêm thẻ •••• 4242', hàng mới 'VISA'; thẻ đầu tiên là Mặc định, thẻ sau không. Payload POST /me/payment-methods CHỈ có {token:'tok_mock_<hex>', brand, last4, expMonth, expYear} - KHÔNG có số thẻ/ CVC.","Quản lý thẻ ở Cài đặt > Thanh toán (danh sách thẻ, menu thẻ, thêm/cập nhật/xóa thẻ, hộp thoại thẻ, trạng thái trống ""chưa lưu thẻ"") đã bị gỡ khi chuyển sang chuyển khoản VietQR (CardModal bị xóa; tab nay có ""Thanh toán ngay"" cho hóa đơn gia hạn đang chờ) - thay bằng TC-BANK-045"
TC-SETB-011,Cài đặt - Thanh toán,Thẻ thanh toán - thêm / cập nhật (modal),"Thêm thẻ Mastercard 5555 5555 5555 4444 -> toast 'Đã thêm thẻ •••• 4444', ô thương hiệu 'MC'",Chức năng,Cao,"DB dev đã nạp seed (npm run db:reset); mật khẩu mọi tài khoản seed Passw0rd!x; backend :4000 (npm run dev), frontend :5173; xem sheet 'Tài khoản & dữ liệu test' mục A10 (dữ liệu/ môi trường cho Cài đặt). Người dùng MỚI (đăng ký ở /register hoặc POST /api/auth/register {firstName,lastName,email,password:'Passw0rd!x'}) - dùng tài khoản mới mỗi lần chạy để không dính dữ liệu cũ (handle, 2FA, thẻ, giới hạn). Đăng nhập UI bằng tài khoản mới đó, mở /settings/thanh-toan. Case làm thay đổi dữ liệu (MUTATE) - khôi phục bằng npm run db:reset (db:seed là create-only, KHÔNG hoàn tác); hoặc chỉ dùng người dùng do chính case tạo ra.","1. Bấm 'Thêm thẻ'
2. Số thẻ 5555 5555 5555 4444, hết hạn 12/29, CVC 123
3. Bấm 'Thêm thẻ'",5555 5555 5555 4444,"Số thẻ được tự nhóm (4-4-4-4); thành công: toast 'Đã thêm thẻ •••• 4444', hàng mới 'MC'; thẻ đầu tiên là Mặc định, thẻ sau không. Payload POST /me/payment-methods CHỈ có {token:'tok_mock_<hex>', brand, last4, expMonth, expYear} - KHÔNG có số thẻ/ CVC.","Quản lý thẻ ở Cài đặt > Thanh toán (danh sách thẻ, menu thẻ, thêm/cập nhật/xóa thẻ, hộp thoại thẻ, trạng thái trống ""chưa lưu thẻ"") đã bị gỡ khi chuyển sang chuyển khoản VietQR (CardModal bị xóa; tab nay có ""Thanh toán ngay"" cho hóa đơn gia hạn đang chờ) - thay bằng TC-BANK-045"
TC-SETB-012,Cài đặt - Thanh toán,Thẻ thanh toán - thêm / cập nhật (modal),"Thêm thẻ Amex 3782 822463 10005 -> toast 'Đã thêm thẻ •••• 0005', ô thương hiệu 'AMEX'",Chức năng,Trung bình,"DB dev đã nạp seed (npm run db:reset); mật khẩu mọi tài khoản seed Passw0rd!x; backend :4000 (npm run dev), frontend :5173; xem sheet 'Tài khoản & dữ liệu test' mục A10 (dữ liệu/ môi trường cho Cài đặt). Người dùng MỚI (đăng ký ở /register hoặc POST /api/auth/register {firstName,lastName,email,password:'Passw0rd!x'}) - dùng tài khoản mới mỗi lần chạy để không dính dữ liệu cũ (handle, 2FA, thẻ, giới hạn). Đăng nhập UI bằng tài khoản mới đó, mở /settings/thanh-toan. Case làm thay đổi dữ liệu (MUTATE) - khôi phục bằng npm run db:reset (db:seed là create-only, KHÔNG hoàn tác); hoặc chỉ dùng người dùng do chính case tạo ra.","1. Bấm 'Thêm thẻ'
2. Số thẻ 3782 822463 10005, hết hạn 12/29, CVC 1234
3. Bấm 'Thêm thẻ'",3782 822463 10005,"Số thẻ được tự nhóm (4-6-5); thành công: toast 'Đã thêm thẻ •••• 0005', hàng mới 'AMEX'; thẻ đầu tiên là Mặc định, thẻ sau không. Payload POST /me/payment-methods CHỈ có {token:'tok_mock_<hex>', brand, last4, expMonth, expYear} - KHÔNG có số thẻ/ CVC. CVC Amex 4 số.","Quản lý thẻ ở Cài đặt > Thanh toán (danh sách thẻ, menu thẻ, thêm/cập nhật/xóa thẻ, hộp thoại thẻ, trạng thái trống ""chưa lưu thẻ"") đã bị gỡ khi chuyển sang chuyển khoản VietQR (CardModal bị xóa; tab nay có ""Thanh toán ngay"" cho hóa đơn gia hạn đang chờ) - thay bằng TC-BANK-045"
TC-SETB-013,Cài đặt - Thanh toán,Thẻ thanh toán - thêm / cập nhật (modal),Thêm thẻ Discover 6011 1111 1111 1117 và JCB 3530 1113 3330 0000 -> ô thương hiệu 'DISC' và 'JCB',Chức năng,Thấp,"DB dev đã nạp seed (npm run db:reset); mật khẩu mọi tài khoản seed Passw0rd!x; backend :4000 (npm run dev), frontend :5173; xem sheet 'Tài khoản & dữ liệu test' mục A10 (dữ liệu/ môi trường cho Cài đặt). Người dùng MỚI (đăng ký ở /register hoặc POST /api/auth/register {firstName,lastName,email,password:'Passw0rd!x'}) - dùng tài khoản mới mỗi lần chạy để không dính dữ liệu cũ (handle, 2FA, thẻ, giới hạn). Đăng nhập UI bằng tài khoản mới đó, mở /settings/thanh-toan. Case làm thay đổi dữ liệu (MUTATE) - khôi phục bằng npm run db:reset (db:seed là create-only, KHÔNG hoàn tác); hoặc chỉ dùng người dùng do chính case tạo ra.","1. Thêm lần lượt 2 thẻ, hạn 12/29, CVC 123",Discover | JCB,Toast 'Đã thêm thẻ •••• 1117' / '•••• 0000'; ô thương hiệu 'DISC' (cam) và 'JCB' (xanh lá).,"Quản lý thẻ ở Cài đặt > Thanh toán (danh sách thẻ, menu thẻ, thêm/cập nhật/xóa thẻ, hộp thoại thẻ, trạng thái trống ""chưa lưu thẻ"") đã bị gỡ khi chuyển sang chuyển khoản VietQR (CardModal bị xóa; tab nay có ""Thanh toán ngay"" cho hóa đơn gia hạn đang chờ) - thay bằng TC-BANK-045"
TC-SETB-014,Cài đặt - Thanh toán,Thẻ thanh toán - thêm / cập nhật (modal),"Thêm thẻ: lỗi số thẻ ở client - trống 'Vui lòng nhập số thẻ', thiếu số '4242 4242 42' 'Số thẻ chưa đủ chữ số', sai Luhn '4242 4242 4242 4241' 'Số thẻ không hợp lệ'",Chức năng,Trung bình,"DB dev đã nạp seed (npm run db:reset); mật khẩu mọi tài khoản seed Passw0rd!x; backend :4000 (npm run dev), frontend :5173; xem sheet 'Tài khoản & dữ liệu test' mục A10 (dữ liệu/ môi trường cho Cài đặt). Người dùng MỚI (đăng ký ở /register hoặc POST /api/auth/register {firstName,lastName,email,password:'Passw0rd!x'}) - dùng tài khoản mới mỗi lần chạy để không dính dữ liệu cũ (handle, 2FA, thẻ, giới hạn). Đăng nhập UI bằng tài khoản mới đó, mở /settings/thanh-toan. Case làm thay đổi dữ liệu (MUTATE) - khôi phục bằng npm run db:reset (db:seed là create-only, KHÔNG hoàn tác); hoặc chỉ dùng người dùng do chính case tạo ra.","1. Mở 'Thêm thẻ'
2. Lần lượt nhập 3 số thẻ trên (hạn 12/29, CVC 123) và bấm 'Thêm thẻ'",'' | 4242 4242 42 | 4242 4242 4242 4241,"Lỗi đỏ tương ứng dưới ô, Network không có POST /me/payment-methods. Gõ lại thì lỗi xóa.","Quản lý thẻ ở Cài đặt > Thanh toán (danh sách thẻ, menu thẻ, thêm/cập nhật/xóa thẻ, hộp thoại thẻ, trạng thái trống ""chưa lưu thẻ"") đã bị gỡ khi chuyển sang chuyển khoản VietQR (CardModal bị xóa; tab nay có ""Thanh toán ngay"" cho hóa đơn gia hạn đang chờ) - thay bằng TC-BANK-045"
TC-SETB-015,Cài đặt - Thanh toán,Thẻ thanh toán - thêm / cập nhật (modal),"Thêm thẻ: lỗi hạn ở client - trống 'Nhập ngày hết hạn', '13/29' 'Ngày hết hạn không hợp lệ (MM / YY)', '01/20' 'Thẻ đã hết hạn', '12/60' (> 20 năm) 'Ngày hết hạn không hợp lệ'",Chức năng,Trung bình,"DB dev đã nạp seed (npm run db:reset); mật khẩu mọi tài khoản seed Passw0rd!x; backend :4000 (npm run dev), frontend :5173; xem sheet 'Tài khoản & dữ liệu test' mục A10 (dữ liệu/ môi trường cho Cài đặt). Người dùng MỚI (đăng ký ở /register hoặc POST /api/auth/register {firstName,lastName,email,password:'Passw0rd!x'}) - dùng tài khoản mới mỗi lần chạy để không dính dữ liệu cũ (handle, 2FA, thẻ, giới hạn). Đăng nhập UI bằng tài khoản mới đó, mở /settings/thanh-toan. Case làm thay đổi dữ liệu (MUTATE) - khôi phục bằng npm run db:reset (db:seed là create-only, KHÔNG hoàn tác); hoặc chỉ dùng người dùng do chính case tạo ra.","1. Nhập số thẻ 4242 4242 4242 4242, CVC 123
2. Lần lượt nhập 4 hạn trên và bấm 'Thêm thẻ'",'' | 13/29 | 01/20 | 12/60,Lỗi đỏ tương ứng; không gọi API.,"Quản lý thẻ ở Cài đặt > Thanh toán (danh sách thẻ, menu thẻ, thêm/cập nhật/xóa thẻ, hộp thoại thẻ, trạng thái trống ""chưa lưu thẻ"") đã bị gỡ khi chuyển sang chuyển khoản VietQR (CardModal bị xóa; tab nay có ""Thanh toán ngay"" cho hóa đơn gia hạn đang chờ) - thay bằng TC-BANK-045"
TC-SETB-016,Cài đặt - Thanh toán,Thẻ thanh toán - thêm / cập nhật (modal),Thêm thẻ: CVC trống -> 'Nhập mã CVC'; ưu tiên hiển thị lỗi số thẻ -> hạn -> CVC khi nhiều lỗi,Chức năng,Thấp,"DB dev đã nạp seed (npm run db:reset); mật khẩu mọi tài khoản seed Passw0rd!x; backend :4000 (npm run dev), frontend :5173; xem sheet 'Tài khoản & dữ liệu test' mục A10 (dữ liệu/ môi trường cho Cài đặt). Người dùng MỚI (đăng ký ở /register hoặc POST /api/auth/register {firstName,lastName,email,password:'Passw0rd!x'}) - dùng tài khoản mới mỗi lần chạy để không dính dữ liệu cũ (handle, 2FA, thẻ, giới hạn). Đăng nhập UI bằng tài khoản mới đó, mở /settings/thanh-toan. Case làm thay đổi dữ liệu (MUTATE) - khôi phục bằng npm run db:reset (db:seed là create-only, KHÔNG hoàn tác); hoặc chỉ dùng người dùng do chính case tạo ra.","1. Nhập số thẻ hợp lệ, hạn 12/29, CVC trống
2. Xóa cả số thẻ và hạn rồi bấm lại",CVC '',Lần 1: 'Nhập mã CVC'; lần 2: chỉ báo lỗi đầu tiên theo thứ tự số thẻ -> hạn -> CVC ('Vui lòng nhập số thẻ').,"Quản lý thẻ ở Cài đặt > Thanh toán (danh sách thẻ, menu thẻ, thêm/cập nhật/xóa thẻ, hộp thoại thẻ, trạng thái trống ""chưa lưu thẻ"") đã bị gỡ khi chuyển sang chuyển khoản VietQR (CardModal bị xóa; tab nay có ""Thanh toán ngay"" cho hóa đơn gia hạn đang chờ) - thay bằng TC-BANK-045"
TC-SETB-017,Cài đặt - Thanh toán,Thẻ thanh toán - thêm / cập nhật (modal),"CVC Amex thiếu (3 số) / CVC thường 4 số -> lỗi CVC theo hãng (Amex 4 số, còn lại 3 số)",Chức năng,Thấp,"DB dev đã nạp seed (npm run db:reset); mật khẩu mọi tài khoản seed Passw0rd!x; backend :4000 (npm run dev), frontend :5173; xem sheet 'Tài khoản & dữ liệu test' mục A10 (dữ liệu/ môi trường cho Cài đặt). Người dùng MỚI (đăng ký ở /register hoặc POST /api/auth/register {firstName,lastName,email,password:'Passw0rd!x'}) - dùng tài khoản mới mỗi lần chạy để không dính dữ liệu cũ (handle, 2FA, thẻ, giới hạn). Đăng nhập UI bằng tài khoản mới đó, mở /settings/thanh-toan. Case làm thay đổi dữ liệu (MUTATE) - khôi phục bằng npm run db:reset (db:seed là create-only, KHÔNG hoàn tác); hoặc chỉ dùng người dùng do chính case tạo ra.","1. Nhập Amex 3782 822463 10005, hạn tương lai, CVC 123
2. Nhập Visa 4242…, CVC 1234",-,Amex với 3 số: lỗi CVC; Visa với 4 số: lỗi CVC (hoặc ô giới hạn 3 số theo hãng). Không gọi API khi lỗi.,"Quản lý thẻ ở Cài đặt > Thanh toán (danh sách thẻ, menu thẻ, thêm/cập nhật/xóa thẻ, hộp thoại thẻ, trạng thái trống ""chưa lưu thẻ"") đã bị gỡ khi chuyển sang chuyển khoản VietQR (CardModal bị xóa; tab nay có ""Thanh toán ngay"" cho hóa đơn gia hạn đang chờ) - thay bằng TC-BANK-045"
TC-SETB-018,Cài đặt - Thanh toán,Thẻ thanh toán - thêm / cập nhật (modal),"Ô hạn tự thêm '/' khi gõ (1229 -> 12/29), ô CVC chỉ nhận số tối đa 4, ô số thẻ bỏ ký tự chữ",Chức năng,Thấp,"DB dev đã nạp seed (npm run db:reset); mật khẩu mọi tài khoản seed Passw0rd!x; backend :4000 (npm run dev), frontend :5173; xem sheet 'Tài khoản & dữ liệu test' mục A10 (dữ liệu/ môi trường cho Cài đặt). Người dùng MỚI (đăng ký ở /register hoặc POST /api/auth/register {firstName,lastName,email,password:'Passw0rd!x'}) - dùng tài khoản mới mỗi lần chạy để không dính dữ liệu cũ (handle, 2FA, thẻ, giới hạn). Đăng nhập UI bằng tài khoản mới đó, mở /settings/thanh-toan. Case làm thay đổi dữ liệu (MUTATE) - khôi phục bằng npm run db:reset (db:seed là create-only, KHÔNG hoàn tác); hoặc chỉ dùng người dùng do chính case tạo ra.","1. Gõ '1229' vào Hết hạn
2. Gõ 'ab12' vào CVC
3. Gõ '4242abcd4242' vào Số thẻ",-,Hạn '12/29'; CVC '12'; số thẻ '4242 4242 42'.,"Quản lý thẻ ở Cài đặt > Thanh toán (danh sách thẻ, menu thẻ, thêm/cập nhật/xóa thẻ, hộp thoại thẻ, trạng thái trống ""chưa lưu thẻ"") đã bị gỡ khi chuyển sang chuyển khoản VietQR (CardModal bị xóa; tab nay có ""Thanh toán ngay"" cho hóa đơn gia hạn đang chờ) - thay bằng TC-BANK-045"
TC-SETB-019,Cài đặt - Thanh toán,Thẻ thanh toán - thêm / cập nhật (modal),"Thêm lại đúng thẻ đã có (cùng brand + 4 số cuối + hạn): lỗi 409 CARD_EXISTS hiển thị trong modal, không tạo thẻ trùng",Chức năng,Cao,"DB dev đã nạp seed (npm run db:reset); mật khẩu mọi tài khoản seed Passw0rd!x; backend :4000 (npm run dev), frontend :5173; xem sheet 'Tài khoản & dữ liệu test' mục A10 (dữ liệu/ môi trường cho Cài đặt). Người dùng MỚI (đăng ký ở /register hoặc POST /api/auth/register {firstName,lastName,email,password:'Passw0rd!x'}) - dùng tài khoản mới mỗi lần chạy để không dính dữ liệu cũ (handle, 2FA, thẻ, giới hạn). Đăng nhập UI bằng tài khoản mới đó, mở /settings/thanh-toan. Case làm thay đổi dữ liệu (MUTATE) - khôi phục bằng npm run db:reset (db:seed là create-only, KHÔNG hoàn tác); hoặc chỉ dùng người dùng do chính case tạo ra.","1. Thêm Visa 4242 hạn 12/29
2. Thêm lại đúng thẻ đó",-,Lỗi từ API trong modal (thẻ đã tồn tại); danh sách vẫn 1 thẻ. (Mỗi lần FE tạo token mock mới nên trùng được phát hiện theo brand+4 số+hạn.),"Quản lý thẻ ở Cài đặt > Thanh toán (danh sách thẻ, menu thẻ, thêm/cập nhật/xóa thẻ, hộp thoại thẻ, trạng thái trống ""chưa lưu thẻ"") đã bị gỡ khi chuyển sang chuyển khoản VietQR (CardModal bị xóa; tab nay có ""Thanh toán ngay"" cho hóa đơn gia hạn đang chờ) - thay bằng TC-BANK-045"
TC-SETB-020,Cài đặt - Thanh toán,Thẻ thanh toán - thêm / cập nhật (modal),Thẻ thứ 11: bị chặn bởi giới hạn 10 thẻ (400 CARD_LIMIT) với thông báo trong modal,Chức năng,Trung bình,"DB dev đã nạp seed (npm run db:reset); mật khẩu mọi tài khoản seed Passw0rd!x; backend :4000 (npm run dev), frontend :5173; xem sheet 'Tài khoản & dữ liệu test' mục A10 (dữ liệu/ môi trường cho Cài đặt). Người dùng MỚI (đăng ký ở /register hoặc POST /api/auth/register {firstName,lastName,email,password:'Passw0rd!x'}) - dùng tài khoản mới mỗi lần chạy để không dính dữ liệu cũ (handle, 2FA, thẻ, giới hạn). Đăng nhập UI bằng tài khoản mới đó, mở /settings/thanh-toan. Case làm thay đổi dữ liệu (MUTATE) - khôi phục bằng npm run db:reset (db:seed là create-only, KHÔNG hoàn tác); hoặc chỉ dùng người dùng do chính case tạo ra. Đã thêm 10 thẻ khác nhau (đổi 4 số cuối/hạn).",1. Thêm thẻ thứ 11,11 thẻ,Lỗi 400 CARD_LIMIT hiển thị trong modal; vẫn 10 thẻ.,"Quản lý thẻ ở Cài đặt > Thanh toán (danh sách thẻ, menu thẻ, thêm/cập nhật/xóa thẻ, hộp thoại thẻ, trạng thái trống ""chưa lưu thẻ"") đã bị gỡ khi chuyển sang chuyển khoản VietQR (CardModal bị xóa; tab nay có ""Thanh toán ngay"" cho hóa đơn gia hạn đang chờ) - thay bằng TC-BANK-045"
TC-SETB-021,Cài đặt - Thanh toán,Thẻ thanh toán - thêm / cập nhật (modal),"Cập nhật thẻ: giữ id, vị trí mặc định và gói đang gắn; toast 'Đã cập nhật thẻ'; hạn quá khứ bị từ chối",Chức năng,Cao,"DB dev đã nạp seed (npm run db:reset); mật khẩu mọi tài khoản seed Passw0rd!x; backend :4000 (npm run dev), frontend :5173; xem sheet 'Tài khoản & dữ liệu test' mục A10 (dữ liệu/ môi trường cho Cài đặt). Người dùng MỚI (đăng ký ở /register hoặc POST /api/auth/register {firstName,lastName,email,password:'Passw0rd!x'}) - dùng tài khoản mới mỗi lần chạy để không dính dữ liệu cũ (handle, 2FA, thẻ, giới hạn). Đăng nhập UI bằng tài khoản mới đó, mở /settings/thanh-toan. Case làm thay đổi dữ liệu (MUTATE) - khôi phục bằng npm run db:reset (db:seed là create-only, KHÔNG hoàn tác); hoặc chỉ dùng người dùng do chính case tạo ra. Cộng đồng có phí để mua gói: 'paid-demo' ($19/tháng) hoặc 'annual-demo' ($7/tháng + $48/năm, thử 7 ngày); mua ở /communities/<id>/checkout bằng thẻ test 4242 4242 4242 4242, hạn tương lai, CVC 123.","1. Mua gói bằng Visa 4242
2. Cập nhật thẻ mặc định sang Amex 3782…0005 hạn 03/(năm+4)
3. Cập nhật lại bằng hạn quá khứ",-,"Lần 1: toast 'Đã cập nhật thẻ', hàng đổi thành AMEX •••• 0005 vẫn 'Mặc định', gói vẫn trỏ cùng thẻ (id không đổi). Lần 2: 'Thẻ đã hết hạn' (client).","Quản lý thẻ ở Cài đặt > Thanh toán (danh sách thẻ, menu thẻ, thêm/cập nhật/xóa thẻ, hộp thoại thẻ, trạng thái trống ""chưa lưu thẻ"") đã bị gỡ khi chuyển sang chuyển khoản VietQR (CardModal bị xóa; tab nay có ""Thanh toán ngay"" cho hóa đơn gia hạn đang chờ) - thay bằng TC-BANK-045"
TC-SETB-022,Cài đặt - Thanh toán,Thẻ thanh toán - thêm / cập nhật (modal),Bảo mật dữ liệu thẻ: số thẻ + CVC chỉ nằm trong state modal; DevTools Network/Storage/log không chứa PAN/CVC,Bảo mật,Cao,"DB dev đã nạp seed (npm run db:reset); mật khẩu mọi tài khoản seed Passw0rd!x; backend :4000 (npm run dev), frontend :5173; xem sheet 'Tài khoản & dữ liệu test' mục A10 (dữ liệu/ môi trường cho Cài đặt). Người dùng MỚI (đăng ký ở /register hoặc POST /api/auth/register {firstName,lastName,email,password:'Passw0rd!x'}) - dùng tài khoản mới mỗi lần chạy để không dính dữ liệu cũ (handle, 2FA, thẻ, giới hạn). Đăng nhập UI bằng tài khoản mới đó, mở /settings/thanh-toan. Case làm thay đổi dữ liệu (MUTATE) - khôi phục bằng npm run db:reset (db:seed là create-only, KHÔNG hoàn tác); hoặc chỉ dùng người dùng do chính case tạo ra.","1. Mở DevTools Network + Application
2. Thêm thẻ 4242 4242 4242 4242 CVC 123
3. Tìm chuỗi số thẻ/ CVC trong request body, localStorage, sessionStorage, console",4242…,Chỉ token tok_mock_<hex> + brand + last4 + hạn được gửi; không PAN/CVC ở bất kỳ đâu; đóng modal xóa state.,"Quản lý thẻ ở Cài đặt > Thanh toán (danh sách thẻ, menu thẻ, thêm/cập nhật/xóa thẻ, hộp thoại thẻ, trạng thái trống ""chưa lưu thẻ"") đã bị gỡ khi chuyển sang chuyển khoản VietQR (CardModal bị xóa; tab nay có ""Thanh toán ngay"" cho hóa đơn gia hạn đang chờ) - thay bằng TC-BANK-045"
TC-SETB-023,Cài đặt - Thanh toán,Thẻ thanh toán - xóa,Xóa thẻ không dùng: modal 'Xóa thẻ •••• <4 số>?' + giải thích + CTA 'Xóa thẻ' (đỏ); toast 'Đã xóa thẻ •••• <4 số>',Chức năng,Cao,"DB dev đã nạp seed (npm run db:reset); mật khẩu mọi tài khoản seed Passw0rd!x; backend :4000 (npm run dev), frontend :5173; xem sheet 'Tài khoản & dữ liệu test' mục A10 (dữ liệu/ môi trường cho Cài đặt). Người dùng MỚI (đăng ký ở /register hoặc POST /api/auth/register {firstName,lastName,email,password:'Passw0rd!x'}) - dùng tài khoản mới mỗi lần chạy để không dính dữ liệu cũ (handle, 2FA, thẻ, giới hạn). Đăng nhập UI bằng tài khoản mới đó, mở /settings/thanh-toan. Case làm thay đổi dữ liệu (MUTATE) - khôi phục bằng npm run db:reset (db:seed là create-only, KHÔNG hoàn tác); hoặc chỉ dùng người dùng do chính case tạo ra. Đã có 2 thẻ, chưa gói.","1. Bấm ⋯ -> 'Xóa thẻ' ở thẻ không mặc định
2. Đọc modal
3. Xác nhận",-,"Body: 'Thẻ sẽ bị gỡ khỏi tài khoản. Gói đang dùng thẻ này (nếu có) sẽ chuyển sang thẻ mặc định còn lại; nếu đây là thẻ duy nhất của một gói đang chạy, bạn cần thêm thẻ khác trước.'; sau xác nhận thẻ biến mất + toast.","Quản lý thẻ ở Cài đặt > Thanh toán (danh sách thẻ, menu thẻ, thêm/cập nhật/xóa thẻ, hộp thoại thẻ, trạng thái trống ""chưa lưu thẻ"") đã bị gỡ khi chuyển sang chuyển khoản VietQR (CardModal bị xóa; tab nay có ""Thanh toán ngay"" cho hóa đơn gia hạn đang chờ) - thay bằng TC-BANK-045"
TC-SETB-024,Cài đặt - Thanh toán,Thẻ thanh toán - xóa,"Xóa thẻ MẶC ĐỊNH khi còn thẻ khác: thẻ còn lại thành mặc định, gói chuyển sang thẻ còn lại",Chức năng,Cao,"DB dev đã nạp seed (npm run db:reset); mật khẩu mọi tài khoản seed Passw0rd!x; backend :4000 (npm run dev), frontend :5173; xem sheet 'Tài khoản & dữ liệu test' mục A10 (dữ liệu/ môi trường cho Cài đặt). Người dùng MỚI (đăng ký ở /register hoặc POST /api/auth/register {firstName,lastName,email,password:'Passw0rd!x'}) - dùng tài khoản mới mỗi lần chạy để không dính dữ liệu cũ (handle, 2FA, thẻ, giới hạn). Đăng nhập UI bằng tài khoản mới đó, mở /settings/thanh-toan. Case làm thay đổi dữ liệu (MUTATE) - khôi phục bằng npm run db:reset (db:seed là create-only, KHÔNG hoàn tác); hoặc chỉ dùng người dùng do chính case tạo ra. Cộng đồng có phí để mua gói: 'paid-demo' ($19/tháng) hoặc 'annual-demo' ($7/tháng + $48/năm, thử 7 ngày); mua ở /communities/<id>/checkout bằng thẻ test 4242 4242 4242 4242, hạn tương lai, CVC 123.","1. Mua gói bằng Visa 4242
2. Thêm Mastercard 4444
3. Xóa Visa 4242",-,Còn Mastercard với nhãn 'Mặc định'; subscription.paymentCardId = thẻ Mastercard; lịch sử thanh toán vẫn giữ nguyên.,"Quản lý thẻ ở Cài đặt > Thanh toán (danh sách thẻ, menu thẻ, thêm/cập nhật/xóa thẻ, hộp thoại thẻ, trạng thái trống ""chưa lưu thẻ"") đã bị gỡ khi chuyển sang chuyển khoản VietQR (CardModal bị xóa; tab nay có ""Thanh toán ngay"" cho hóa đơn gia hạn đang chờ) - thay bằng TC-BANK-045"
TC-SETB-025,Cài đặt - Thanh toán,Thẻ thanh toán - xóa,"Xóa thẻ DUY NHẤT đang gắn gói đang chạy -> 409 CARD_IN_USE hiển thị trong modal, thẻ vẫn còn",Chức năng,Cao,"DB dev đã nạp seed (npm run db:reset); mật khẩu mọi tài khoản seed Passw0rd!x; backend :4000 (npm run dev), frontend :5173; xem sheet 'Tài khoản & dữ liệu test' mục A10 (dữ liệu/ môi trường cho Cài đặt). Người dùng MỚI (đăng ký ở /register hoặc POST /api/auth/register {firstName,lastName,email,password:'Passw0rd!x'}) - dùng tài khoản mới mỗi lần chạy để không dính dữ liệu cũ (handle, 2FA, thẻ, giới hạn). Đăng nhập UI bằng tài khoản mới đó, mở /settings/thanh-toan. Case làm thay đổi dữ liệu (MUTATE) - khôi phục bằng npm run db:reset (db:seed là create-only, KHÔNG hoàn tác); hoặc chỉ dùng người dùng do chính case tạo ra. Cộng đồng có phí để mua gói: 'paid-demo' ($19/tháng) hoặc 'annual-demo' ($7/tháng + $48/năm, thử 7 ngày); mua ở /communities/<id>/checkout bằng thẻ test 4242 4242 4242 4242, hạn tương lai, CVC 123.","1. Mua gói bằng một thẻ duy nhất
2. Xóa thẻ đó",-,Lỗi trong modal từ API (thẻ đang cần cho gói; thêm thẻ khác hoặc hủy gói trước); thẻ còn trong danh sách.,"Quản lý thẻ ở Cài đặt > Thanh toán (danh sách thẻ, menu thẻ, thêm/cập nhật/xóa thẻ, hộp thoại thẻ, trạng thái trống ""chưa lưu thẻ"") đã bị gỡ khi chuyển sang chuyển khoản VietQR (CardModal bị xóa; tab nay có ""Thanh toán ngay"" cho hóa đơn gia hạn đang chờ) - thay bằng TC-BANK-045"
TC-SETB-026,Cài đặt - Thanh toán,Thẻ thanh toán - xóa,Gói đã đặt 'hủy cuối kỳ' không cần thẻ: xóa được thẻ duy nhất,Chức năng,Trung bình,"DB dev đã nạp seed (npm run db:reset); mật khẩu mọi tài khoản seed Passw0rd!x; backend :4000 (npm run dev), frontend :5173; xem sheet 'Tài khoản & dữ liệu test' mục A10 (dữ liệu/ môi trường cho Cài đặt). Người dùng MỚI (đăng ký ở /register hoặc POST /api/auth/register {firstName,lastName,email,password:'Passw0rd!x'}) - dùng tài khoản mới mỗi lần chạy để không dính dữ liệu cũ (handle, 2FA, thẻ, giới hạn). Đăng nhập UI bằng tài khoản mới đó, mở /settings/thanh-toan. Case làm thay đổi dữ liệu (MUTATE) - khôi phục bằng npm run db:reset (db:seed là create-only, KHÔNG hoàn tác); hoặc chỉ dùng người dùng do chính case tạo ra. Cộng đồng có phí để mua gói: 'paid-demo' ($19/tháng) hoặc 'annual-demo' ($7/tháng + $48/năm, thử 7 ngày); mua ở /communities/<id>/checkout bằng thẻ test 4242 4242 4242 4242, hạn tương lai, CVC 123.","1. Mua gói, Quản lý -> Hủy gói
2. Xóa thẻ duy nhất",-,"Xóa thành công, danh sách thẻ rỗng, gói vẫn 'Đã hủy' dùng được tới hết kỳ.","Quản lý thẻ ở Cài đặt > Thanh toán (danh sách thẻ, menu thẻ, thêm/cập nhật/xóa thẻ, hộp thoại thẻ, trạng thái trống ""chưa lưu thẻ"") đã bị gỡ khi chuyển sang chuyển khoản VietQR (CardModal bị xóa; tab nay có ""Thanh toán ngay"" cho hóa đơn gia hạn đang chờ) - thay bằng TC-BANK-045"
TC-SETB-029,Cài đặt - Thanh toán,Lần trừ tiền tiếp theo & tổng mỗi tháng,"Gói đang dùng thử: lần trừ đầu là lúc hết dùng thử, dòng có hậu tố ' (hết dùng thử)'",Chức năng,Trung bình,"DB dev đã nạp seed (npm run db:reset); mật khẩu mọi tài khoản seed Passw0rd!x; backend :4000 (npm run dev), frontend :5173; xem sheet 'Tài khoản & dữ liệu test' mục A10 (dữ liệu/ môi trường cho Cài đặt). Người dùng MỚI (đăng ký ở /register hoặc POST /api/auth/register {firstName,lastName,email,password:'Passw0rd!x'}) - dùng tài khoản mới mỗi lần chạy để không dính dữ liệu cũ (handle, 2FA, thẻ, giới hạn). Đăng nhập UI bằng tài khoản mới đó, mở /settings/thanh-toan. Case làm thay đổi dữ liệu (MUTATE) - khôi phục bằng npm run db:reset (db:seed là create-only, KHÔNG hoàn tác); hoặc chỉ dùng người dùng do chính case tạo ra. Cộng đồng có phí để mua gói: 'paid-demo' ($19/tháng) hoặc 'annual-demo' ($7/tháng + $48/năm, thử 7 ngày); mua ở /communities/<id>/checkout bằng thẻ test 4242 4242 4242 4242, hạn tương lai, CVC 123.","1. Bắt đầu dùng thử 7 ngày ở annual-demo (có thẻ)
2. Mở tab Thanh toán",-,"Dòng 'Ngày <ngày hết thử> · <tên cộng đồng> (hết dùng thử)', số tiền bằng giá kỳ đầu; summary.next.trialing=true.","Không còn dùng thử miễn phí của thành viên (bỏ 2026-10-14): POST /courses/:id/trial và POST /communities/:id/trial trả 404 nên các bước bắt đầu dùng thử / kết quả 201, 409, 400, 403 của đường này không còn đúng - thay bằng TC-BANK-050."
TC-SETB-032,Cài đặt - Thanh toán,Gói thành viên của tôi,Trạng thái gói & dòng mô tả: active 'Đang hoạt động' (xanh) '$7.00 / tháng · Gia hạn dd/MM/yyyy'; trialing 'Đang dùng thử' (vàng) 'Dùng thử · trừ $7.00 ngày dd/MM/yyyy'; hủy cuối kỳ 'Đã hủy' (xám) '… · Hết hạn dd/MM/yyyy',Chức năng,Cao,"DB dev đã nạp seed (npm run db:reset); mật khẩu mọi tài khoản seed Passw0rd!x; backend :4000 (npm run dev), frontend :5173; xem sheet 'Tài khoản & dữ liệu test' mục A10 (dữ liệu/ môi trường cho Cài đặt). Người dùng MỚI (đăng ký ở /register hoặc POST /api/auth/register {firstName,lastName,email,password:'Passw0rd!x'}) - dùng tài khoản mới mỗi lần chạy để không dính dữ liệu cũ (handle, 2FA, thẻ, giới hạn). Đăng nhập UI bằng tài khoản mới đó, mở /settings/thanh-toan. Case làm thay đổi dữ liệu (MUTATE) - khôi phục bằng npm run db:reset (db:seed là create-only, KHÔNG hoàn tác); hoặc chỉ dùng người dùng do chính case tạo ra. Cộng đồng có phí để mua gói: 'paid-demo' ($19/tháng) hoặc 'annual-demo' ($7/tháng + $48/năm, thử 7 ngày); mua ở /communities/<id>/checkout bằng thẻ test 4242 4242 4242 4242, hạn tương lai, CVC 123.","1. Mua gói tháng; mở tab
2. Bắt đầu dùng thử ở cộng đồng khác; mở tab
3. Hủy cuối kỳ gói đầu; mở tab",3 trạng thái,Chip và dòng đúng theo từng trạng thái; gói năm hiển thị '/ năm'; gói sống xếp trước gói đã kết thúc.,"Không còn dùng thử miễn phí của thành viên (bỏ 2026-10-14): POST /courses/:id/trial và POST /communities/:id/trial trả 404 nên các bước bắt đầu dùng thử / kết quả 201, 409, 400, 403 của đường này không còn đúng - thay bằng TC-BANK-050."
TC-SETB-054,Cài đặt - Thanh toán,Khác biệt so với mockup / điểm chưa làm,Tiền tệ hiển thị USD ($7.00) trong khi mockup dùng VND (149.000đ) - chưa thống nhất 1 đơn vị tiền,Giao diện,Trung bình,"DB dev đã nạp seed (npm run db:reset); mật khẩu mọi tài khoản seed Passw0rd!x; backend :4000 (npm run dev), frontend :5173; xem sheet 'Tài khoản & dữ liệu test' mục A10 (dữ liệu/ môi trường cho Cài đặt). Đăng nhập UI member1@sofinhub.test / Passw0rd!x (có gói thành viên ở paid-demo; xem sheet Tài khoản) rồi mở /settings/thanh-toan. [PHỤ THUỘC QUYẾT ĐỊNH CHƯA CHỐT] Mockup template.html 'Cai dat ho so' mở song song để đối chiếu.","1. So sánh số tiền ở thẻ tối, gói, lịch sử với mockup",-,"HIỆN TẠI mọi số tiền gói thành viên theo USD (formatCents), gói hosting owner theo VND (A16); không quy đổi tỉ giá. KỲ VỌNG: PO chốt đơn vị (docs OPEN_DECISIONS A16).","""Tiền tệ USD ($7.00) lệch mockup VND"" lỗi thời: số tiền gói thành viên nay là VND (cùng đơn vị gói hosting) - thay bằng TC-BANK-040"
TC-SETB-055,Cài đặt - Thanh toán,Khác biệt so với mockup / điểm chưa làm,Mockup ẩn 'Xóa thẻ' khi chỉ còn 1 thẻ; UI luôn hiển thị (server chặn bằng CARD_IN_USE khi thẻ còn cần),Giao diện,Thấp,"DB dev đã nạp seed (npm run db:reset); mật khẩu mọi tài khoản seed Passw0rd!x; backend :4000 (npm run dev), frontend :5173; xem sheet 'Tài khoản & dữ liệu test' mục A10 (dữ liệu/ môi trường cho Cài đặt). Người dùng MỚI (đăng ký ở /register hoặc POST /api/auth/register {firstName,lastName,email,password:'Passw0rd!x'}) - dùng tài khoản mới mỗi lần chạy để không dính dữ liệu cũ (handle, 2FA, thẻ, giới hạn). Đăng nhập UI bằng tài khoản mới đó, mở /settings/thanh-toan. Case làm thay đổi dữ liệu (MUTATE) - khôi phục bằng npm run db:reset (db:seed là create-only, KHÔNG hoàn tác); hoặc chỉ dùng người dùng do chính case tạo ra. Chỉ có 1 thẻ.",1. Mở ⋯ của thẻ duy nhất,1 thẻ,HIỆN TẠI vẫn có 'Xóa thẻ'; nếu không có gói thì xóa được thẻ duy nhất. KỲ VỌNG theo mockup: ẩn khi chỉ còn 1 thẻ.,"Quy tắc ẩn/hiện nút ""Xóa thẻ"" thuộc UI quản lý thẻ đã bị gỡ - thay bằng TC-BANK-045"
TC-SETR-020,Cài đặt - Giới thiệu,KPI & bảng người được giới thiệu,'Nhắc nâng cấp gói' (dòng đang dùng thử): toast 'Đã gửi lời nhắc cho <tên>'; người nhận có thông báo 'Lời nhắc nâng cấp gói' trỏ /communities/<id>/checkout; gửi lại trong 24h -> toast lỗi cooldown,Chức năng,Cao,"DB dev đã nạp seed (npm run db:reset); mật khẩu mọi tài khoản seed Passw0rd!x; backend :4000 (npm run dev), frontend :5173; xem sheet 'Tài khoản & dữ liệu test' mục A10 (dữ liệu/ môi trường cho Cài đặt). Người dùng MỚI (đăng ký ở /register hoặc POST /api/auth/register {firstName,lastName,email,password:'Passw0rd!x'}) - dùng tài khoản mới mỗi lần chạy để không dính dữ liệu cũ (handle, 2FA, thẻ, giới hạn). Đăng nhập UI bằng tài khoản mới đó, mở /settings/gioi-thieu. Case làm thay đổi dữ liệu (MUTATE) - khôi phục bằng npm run db:reset (db:seed là create-only, KHÔNG hoàn tác); hoặc chỉ dùng người dùng do chính case tạo ra. Người giới thiệu R (tài khoản mới) lấy link ở tab này; người được giới thiệu F đăng ký bằng link (cửa sổ ẩn danh) - xem case 'Ghi nhận khi đăng ký'. Cộng đồng có phí PC ($10/tháng) do owner khác tạo để F thanh toán (checkout rồi confirm bằng API hoặc UI).","1. F bắt đầu dùng thử ở PC
2. R bấm ⋯ -> Nhắc nâng cấp gói
3. R bấm lại ngay
4. Đăng nhập F xem chuông",-,Lần 1 thành công; lần 2 toast lỗi (429 REMINDER_COOLDOWN); F có thông báo 'Lời nhắc nâng cấp gói' link /communities/<id>/checkout.,"Không còn dùng thử miễn phí của thành viên (bỏ 2026-10-14): POST /courses/:id/trial và POST /communities/:id/trial trả 404 nên các bước bắt đầu dùng thử / kết quả 201, 409, 400, 403 của đường này không còn đúng - thay bằng TC-BANK-050."
TC-SETB-075,Cài đặt - Thanh toán,API - GET /me/billing-summary,"Gói đang dùng thử: next.trialing=true, date = lúc hết thử, amountCents = giá kỳ đầu",Chức năng,Trung bình,"DB dev đã nạp seed (npm run db:reset); mật khẩu mọi tài khoản seed Passw0rd!x; backend :4000 (npm run dev), frontend :5173; xem sheet 'Tài khoản & dữ liệu test' mục A10 (dữ liệu/ môi trường cho Cài đặt). Người dùng MỚI (đăng ký ở /register hoặc POST /api/auth/register {firstName,lastName,email,password:'Passw0rd!x'}) - dùng tài khoản mới mỗi lần chạy để không dính dữ liệu cũ (handle, 2FA, thẻ, giới hạn). Mọi API có tiền tố /api; thành công trả { data }, lỗi { error: { code, message, details } }. Case làm thay đổi dữ liệu (MUTATE) - khôi phục bằng npm run db:reset (db:seed là create-only, KHÔNG hoàn tác); hoặc chỉ dùng người dùng do chính case tạo ra. Body thẻ hợp lệ (PaymentMethodInput STRICT): {token:'tok_mock_<12 hex>', brand:'visa', last4:'4242', expMonth:12, expYear:<năm hiện tại + 3>}. Cộng đồng PC có thử 7 ngày.","1. POST /communities/PC/trial {paymentMethod:<thẻ>}
2. GET /me/billing-summary",-,next.trialing=true; date = trialEndsAt; activeCount 1.,"Không còn dùng thử miễn phí của thành viên (bỏ 2026-10-14): POST /courses/:id/trial và POST /communities/:id/trial trả 404 nên các bước bắt đầu dùng thử / kết quả 201, 409, 400, 403 của đường này không còn đúng - thay bằng TC-BANK-050."
TC-SETB-082,Cài đặt - Thanh toán,Bảo mật & hồi quy,"Link cũ /billing (Header, menu cộng đồng) và /communities/:id/checkout hoạt động cùng luồng thẻ mới",Chức năng,Cao,"DB dev đã nạp seed (npm run db:reset); mật khẩu mọi tài khoản seed Passw0rd!x; backend :4000 (npm run dev), frontend :5173; xem sheet 'Tài khoản & dữ liệu test' mục A10 (dữ liệu/ môi trường cho Cài đặt). Đăng nhập member1@.","1. Mở /billing
2. Mở hộp thoại 'Chọn gói thành viên' và thanh toán bằng thẻ đã lưu",-,Redirect về tab Thanh toán; thẻ vừa nhập ở checkout xuất hiện trong danh sách và tự thành mặc định (upsertCard).,"""Thẻ nhập ở checkout xuất hiện trong danh sách và tự thành mặc định (upsertCard)"" không còn: checkout chuyển khoản không tạo thẻ - thay bằng TC-BANK-001, TC-BANK-045"
TC-SETR-042,Cài đặt - Giới thiệu,API - GET /me/referral,POST /me/referral/users/:userId/remind: người dùng thử -> 200 {sent:true} + thông báo 'Lời nhắc nâng cấp gói' (link /communities/<id>/checkout); lần 2 trong 24h -> 429 REMINDER_COOLDOWN; người đã trả phí -> 409 NOT_TRIALING; người lạ -> 404,Chức năng,Cao,"DB dev đã nạp seed (npm run db:reset); mật khẩu mọi tài khoản seed Passw0rd!x; backend :4000 (npm run dev), frontend :5173; xem sheet 'Tài khoản & dữ liệu test' mục A10 (dữ liệu/ môi trường cho Cài đặt). Người dùng MỚI (đăng ký ở /register hoặc POST /api/auth/register {firstName,lastName,email,password:'Passw0rd!x'}) - dùng tài khoản mới mỗi lần chạy để không dính dữ liệu cũ (handle, 2FA, thẻ, giới hạn). Mọi API có tiền tố /api; thành công trả { data }, lỗi { error: { code, message, details } }. Case làm thay đổi dữ liệu (MUTATE) - khôi phục bằng npm run db:reset (db:seed là create-only, KHÔNG hoàn tác); hoặc chỉ dùng người dùng do chính case tạo ra. Cộng đồng có phí PC $10/tháng do người dùng O tạo: POST /communities {title,description,category:'tech',priceUsd:10,visibility:'public'}. Người giới thiệu R lấy mã: GET /me/referral -> data.code; người được giới thiệu F đăng ký: POST /auth/register {...,referralCode:<mã>}; F thanh toán: POST /communities/PC/checkout {method:'stripe'} rồi POST /payments/<id>/confirm. [PHỤ THUỘC QUYẾT ĐỊNH CHƯA CHỐT] Tỉ lệ 30%/10%, 60 ngày, chi trả ngày 5 là giá trị TẠM (OPEN_DECISIONS A17); chỉnh ở Admin > Hệ thống > Cài đặt chung (nhóm referral) hoặc PATCH /api/admin/system/settings. Thêm F2 đăng ký bằng mã R và thanh toán.","1. F bắt đầu thử: POST /communities/PC/trial {}
2. R remind F (kind=member)
3. R remind F lần nữa
4. R remind F2 (đã trả phí)
5. Người lạ remind F",-,200; 429; 409; 404. Chỉ 1 thông báo cho F trong chuông.,"Không còn dùng thử miễn phí của thành viên (bỏ 2026-10-14): POST /courses/:id/trial và POST /communities/:id/trial trả 404 nên các bước bắt đầu dùng thử / kết quả 201, 409, 400, 403 của đường này không còn đúng - thay bằng TC-BANK-050."
TC-BANK-037,Thanh toán chuyển khoản (VietQR + SePay),Dùng thử,Dùng thử KHÔNG cần thẻ; thanh toán trong lúc thử chuyển sang gói trả phí,Chức năng,Cao,"Môi trường: backend/.env đặt BANK_ACCOUNT, BANK_ACCOUNT_NAME, BANK_BIN=970422, SEPAY_WEBHOOK_KEY (tự đặt, vd test-sepay-key), PAY_REF_PREFIX=SFH; SEPAY_API_TOKEN để TRỐNG khi không có tài khoản SePay thật. Đã chạy npm run db:seed. Mật khẩu chung Passw0rd!x. Payload webhook SePay mẫu: {""id"":""TX1001"",""gateway"":""MBBank"",""transactionDate"":""2026-10-09 10:30:00"",""accountNumber"":""<BANK_ACCOUNT>"",""code"":null,""content"":""<refCode> chuyen tien"",""transferType"":""in"",""transferAmount"":<số tiền>,""referenceCode"":""FT1001""}. Mỗi lần test dùng id GIAO DỊCH MỚI (id trùng = webhook gửi lại). Cộng đồng bật memberTrialEnabled (vd des).","1. POST /api/courses/des/trial body {}
2. POST /api/courses/des/checkout rồi gửi webhook đủ tiền",-,"Bước 1: 201 status=trialing, paymentMethod=null. Bước 2: Subscription chuyển active (không tạo gói thứ hai).","Không còn dùng thử miễn phí của thành viên (bỏ 2026-10-14): POST /courses/:id/trial và POST /communities/:id/trial trả 404 nên các bước bắt đầu dùng thử / kết quả 201, 409, 400, 403 của đường này không còn đúng - thay bằng TC-BANK-050."
TC-BANK-038,Thanh toán chuyển khoản (VietQR + SePay),Dùng thử,"Hết dùng thử mà không thanh toán: expired, mất quyền (không có trừ thẻ tự động)",Chức năng,Cao,"Môi trường: backend/.env đặt BANK_ACCOUNT, BANK_ACCOUNT_NAME, BANK_BIN=970422, SEPAY_WEBHOOK_KEY (tự đặt, vd test-sepay-key), PAY_REF_PREFIX=SFH; SEPAY_API_TOKEN để TRỐNG khi không có tài khoản SePay thật. Đã chạy npm run db:seed. Mật khẩu chung Passw0rd!x.Case làm thay đổi dữ liệu - chạy lại npm run db:reset (hoặc dùng tài khoản/gói mới) trước khi lặp lại.","1. Bắt đầu thử; SQL ép currentPeriodEnd về quá khứ
2. Chạy processDueSubscriptions",-,"Subscription=expired, user không còn enrolled, thông báo 'Thời gian dùng thử đã kết thúc'.","Không còn dùng thử miễn phí của thành viên (bỏ 2026-10-14): POST /courses/:id/trial và POST /communities/:id/trial trả 404 nên các bước bắt đầu dùng thử / kết quả 201, 409, 400, 403 của đường này không còn đúng - thay bằng TC-BANK-050."
TC-BANK-049,Thanh toán chuyển khoản (VietQR + SePay),Dùng thử,Nhắc thanh toán trước khi hết dùng thử (3 ngày): email + thông báo hướng dẫn chuyển khoản,Chức năng,Trung bình,"Môi trường: backend/.env đặt BANK_ACCOUNT, BANK_ACCOUNT_NAME, BANK_BIN=970422, SEPAY_WEBHOOK_KEY (tự đặt, vd test-sepay-key), PAY_REF_PREFIX=SFH; SEPAY_API_TOKEN để TRỐNG khi không có tài khoản SePay thật. Đã chạy npm run db:seed. Mật khẩu chung Passw0rd!x.Case làm thay đổi dữ liệu - chạy lại npm run db:reset (hoặc dùng tài khoản/gói mới) trước khi lặp lại.","1. Bắt đầu dùng thử; SQL ép currentPeriodEnd = now()+2 ngày
2. Chờ job payments.trialReminders (15 phút) hoặc gọi sendTrialReminders()
3. Xem GET /api/dev/outbox và /api/notifications",-,"Đúng 1 email + 1 thông báo/gói: nêu ngày kết thúc, số tiền VND, hướng dẫn thanh toán bằng chuyển khoản QR (không nhắc thẻ). Chạy lại không nhắc lần 2; gói đã hủy không nhận nhắc.","Không còn dùng thử miễn phí của thành viên (bỏ 2026-10-14): POST /courses/:id/trial và POST /communities/:id/trial trả 404 nên các bước bắt đầu dùng thử / kết quả 201, 409, 400, 403 của đường này không còn đúng - thay bằng TC-BANK-050."
TC-COURSE-108,Khóa học / Lớp học,Chi tiết cộng đồng,"Trang chi tiết cộng đồng /communities/:id hiển thị dữ liệu thật: mô tả, thống kê, giá, đánh giá thật (không có review/module/FAQ minh họa)",Chức năng,Cao,Có cộng đồng seed (vd photo) và 1 cộng đồng mới tạo,"1. Vào trang khám phá và mở 1 cộng đồng
2. Xem các tab Tổng quan / Nội dung / Đánh giá (tab Câu hỏi thường gặp chỉ hiện khi có dữ liệu)
3. Đối chiếu số liệu với GET /api/courses/:id (facts, stats, reviews, priceNotes)",-,"Hiển thị mô tả, chủ cộng đồng, số thành viên/bài học thật từ DB, giá ($/tháng hoặc Miễn phí) và ghi chú 'Miễn phí dùng thử N ngày' lấy từ Cài đặt chung; tab Đánh giá chỉ gồm review thật (rỗng nếu chưa có); KHÔNG còn review/module/FAQ/highlights minh họa (highlights, gains, faqs = [] ở cộng đồng mới); không thiếu khu vực, không NaN","Ghi chú giá của trang chi tiết cộng đồng chỉ còn ""Hủy bất kỳ lúc nào"" (không còn ""Miễn phí dùng thử N ngày"" lấy từ Cài đặt chung) - kết quả mong đợi của case này không còn đúng."
